version 2
JvmtiExport can_access_local_variables 0
JvmtiExport can_hotswap_or_post_breakpoint 0
JvmtiExport can_post_on_exceptions 0
# 448 ciObject found
instanceKlass com/sun/crypto/provider/GaloisCounterMode$GCMDecrypt
ciInstanceKlass java/lang/Cloneable 1 0 7 100 1 100 1 1 1
instanceKlass org/apache/commons/compress/archivers/zip/ScatterZipOutputStream$ZipEntryWriter
instanceKlass java/util/concurrent/ConcurrentLinkedDeque$AbstractItr
instanceKlass org/apache/commons/compress/archivers/zip/ZipArchiveOutputStream$EntryMetaData
instanceKlass org/apache/commons/compress/archivers/zip/ZipArchiveOutputStream$CurrentEntry
instanceKlass org/apache/commons/compress/archivers/zip/ExtraFieldUtils$UnparseableExtraField
instanceKlass java/util/concurrent/ConcurrentLinkedQueue$Itr
instanceKlass  @bci org/apache/commons/compress/archivers/zip/ParallelScatterZipCreator createCallable (Lorg/apache/commons/compress/archivers/zip/ZipArchiveEntryRequestSupplier;)Ljava/util/concurrent/Callable; 2 <appendix> member <vmtarget> ; # org/apache/commons/compress/archivers/zip/ParallelScatterZipCreator$$Lambda+0x00000203d24be868
instanceKlass  @bci org/codehaus/plexus/archiver/zip/ConcurrentJarCreator addArchiveEntry (Lorg/apache/commons/compress/archivers/zip/ZipArchiveEntry;Lorg/apache/commons/compress/parallel/InputStreamSupplier;Z)V 144 <appendix> member <vmtarget> ; # org/codehaus/plexus/archiver/zip/ConcurrentJarCreator$$Lambda+0x00000203d24be650
instanceKlass org/apache/commons/compress/archivers/zip/ZipArchiveEntryRequestSupplier
instanceKlass  @bci org/codehaus/plexus/archiver/zip/AbstractZipArchiver zipFile (Lorg/codehaus/plexus/archiver/ArchiveEntry;Lorg/codehaus/plexus/archiver/zip/ConcurrentJarCreator;Ljava/lang/String;)V 62 <appendix> member <vmtarget> ; # org/codehaus/plexus/archiver/zip/AbstractZipArchiver$$Lambda+0x00000203d24be248
instanceKlass org/codehaus/plexus/archiver/util/ResourceUtils
instanceKlass  @bci org/codehaus/plexus/archiver/zip/ConcurrentJarCreator addArchiveEntry (Lorg/apache/commons/compress/archivers/zip/ZipArchiveEntry;Lorg/apache/commons/compress/parallel/InputStreamSupplier;Z)V 119 <appendix> argL0 ; # org/codehaus/plexus/archiver/zip/ConcurrentJarCreator$$Lambda+0x00000203d24bde40
instanceKlass org/codehaus/plexus/components/io/functions/SymlinkDestinationSupplier
instanceKlass  @bci org/codehaus/plexus/archiver/jar/JarArchiver writeManifest (Lorg/codehaus/plexus/archiver/zip/ConcurrentJarCreator;Lorg/codehaus/plexus/archiver/jar/Manifest;)V 85 <appendix> member <vmtarget> ; # org/codehaus/plexus/archiver/jar/JarArchiver$$Lambda+0x00000203d24bda38
instanceKlass org/apache/commons/compress/archivers/zip/ScatterZipOutputStream$CompressedEntry
instanceKlass org/apache/commons/compress/archivers/zip/ZipArchiveEntryRequest
instanceKlass  @bci org/codehaus/plexus/archiver/zip/AbstractZipArchiver zipDir (Lorg/codehaus/plexus/components/io/resources/PlexusIoResource;Lorg/codehaus/plexus/archiver/zip/ConcurrentJarCreator;Ljava/lang/String;ILjava/lang/String;)V 181 <appendix> argL0 ; # org/codehaus/plexus/archiver/zip/AbstractZipArchiver$$Lambda+0x00000203d24bd410
instanceKlass  @bci org/apache/commons/compress/archivers/zip/ExtraFieldUtils <clinit> ()V 237 <appendix> argL0 ; # org/apache/commons/compress/archivers/zip/ExtraFieldUtils$$Lambda+0x00000203d24bd018
instanceKlass org/apache/commons/compress/archivers/zip/ResourceAlignmentExtraField
instanceKlass  @bci org/apache/commons/compress/archivers/zip/ExtraFieldUtils <clinit> ()V 220 <appendix> argL0 ; # org/apache/commons/compress/archivers/zip/ExtraFieldUtils$$Lambda+0x00000203d24bcb80
instanceKlass  @bci org/apache/commons/compress/archivers/zip/ExtraFieldUtils <clinit> ()V 203 <appendix> argL0 ; # org/apache/commons/compress/archivers/zip/ExtraFieldUtils$$Lambda+0x00000203d24bc6e0
instanceKlass  @bci org/apache/commons/compress/archivers/zip/ExtraFieldUtils <clinit> ()V 186 <appendix> argL0 ; # org/apache/commons/compress/archivers/zip/ExtraFieldUtils$$Lambda+0x00000203d24bc210
instanceKlass  @bci org/apache/commons/compress/archivers/zip/ExtraFieldUtils <clinit> ()V 169 <appendix> argL0 ; # org/apache/commons/compress/archivers/zip/ExtraFieldUtils$$Lambda+0x00000203d24bbd58
instanceKlass  @bci org/apache/commons/compress/archivers/zip/ExtraFieldUtils <clinit> ()V 152 <appendix> argL0 ; # org/apache/commons/compress/archivers/zip/ExtraFieldUtils$$Lambda+0x00000203d24bb8a0
instanceKlass org/apache/commons/compress/archivers/zip/PKWareExtraHeader
instanceKlass  @bci org/apache/commons/compress/archivers/zip/ExtraFieldUtils <clinit> ()V 135 <appendix> argL0 ; # org/apache/commons/compress/archivers/zip/ExtraFieldUtils$$Lambda+0x00000203d24bb170
instanceKlass  @bci org/apache/commons/compress/archivers/zip/ExtraFieldUtils <clinit> ()V 118 <appendix> argL0 ; # org/apache/commons/compress/archivers/zip/ExtraFieldUtils$$Lambda+0x00000203d24baf60
instanceKlass org/apache/commons/compress/archivers/zip/Zip64ExtendedInformationExtraField
instanceKlass  @bci org/apache/commons/compress/archivers/zip/ExtraFieldUtils <clinit> ()V 101 <appendix> argL0 ; # org/apache/commons/compress/archivers/zip/ExtraFieldUtils$$Lambda+0x00000203d24baa88
instanceKlass  @bci org/apache/commons/compress/archivers/zip/ExtraFieldUtils <clinit> ()V 84 <appendix> argL0 ; # org/apache/commons/compress/archivers/zip/ExtraFieldUtils$$Lambda+0x00000203d24ba878
instanceKlass  @bci org/apache/commons/compress/archivers/zip/ExtraFieldUtils <clinit> ()V 67 <appendix> argL0 ; # org/apache/commons/compress/archivers/zip/ExtraFieldUtils$$Lambda+0x00000203d24ba668
instanceKlass org/apache/commons/compress/archivers/zip/JarMarker
instanceKlass  @bci org/apache/commons/compress/archivers/zip/ExtraFieldUtils <clinit> ()V 50 <appendix> argL0 ; # org/apache/commons/compress/archivers/zip/ExtraFieldUtils$$Lambda+0x00000203d24ba218
instanceKlass org/apache/commons/compress/archivers/zip/X7875_NewUnix
instanceKlass  @bci org/apache/commons/compress/archivers/zip/ExtraFieldUtils <clinit> ()V 33 <appendix> argL0 ; # org/apache/commons/compress/archivers/zip/ExtraFieldUtils$$Lambda+0x00000203d24b9d68
instanceKlass  @bci org/apache/commons/compress/archivers/zip/ExtraFieldUtils <clinit> ()V 16 <appendix> argL0 ; # org/apache/commons/compress/archivers/zip/ExtraFieldUtils$$Lambda+0x00000203d24b9b58
instanceKlass org/apache/commons/compress/archivers/zip/AsiExtraField
instanceKlass org/apache/commons/compress/archivers/zip/UnixStat
instanceKlass org/apache/commons/compress/archivers/zip/ExtraFieldUtils
instanceKlass org/apache/commons/compress/archivers/zip/X000A_NTFS
instanceKlass org/apache/commons/compress/archivers/zip/ZipShort
instanceKlass org/apache/commons/compress/archivers/zip/X5455_ExtendedTimestamp
instanceKlass org/apache/commons/compress/archivers/zip/AbstractUnicodeExtraField
instanceKlass org/apache/commons/compress/archivers/zip/ZipUtil
instanceKlass org/apache/commons/compress/archivers/zip/GeneralPurposeBit
instanceKlass org/apache/commons/compress/archivers/zip/ExtraFieldParsingBehavior
instanceKlass org/apache/commons/compress/archivers/zip/UnparseableExtraFieldBehavior
instanceKlass org/codehaus/plexus/archiver/jar/JdkManifestFactory
instanceKlass org/apache/commons/compress/archivers/zip/ParallelScatterZipCreator
instanceKlass org/apache/commons/compress/archivers/zip/ScatterZipOutputStream
instanceKlass  @bci org/apache/commons/io/function/IOConsumer <clinit> ()V 0 <appendix> argL0 ; # org/apache/commons/io/function/IOConsumer$$Lambda+0x00000203d24b5a40
instanceKlass org/apache/commons/io/function/IOConsumer
instanceKlass  @bci org/apache/commons/io/output/ThresholdingOutputStream <clinit> ()V 0 <appendix> argL0 ; # org/apache/commons/io/output/ThresholdingOutputStream$$Lambda+0x00000203d24b55b0
instanceKlass org/apache/commons/io/function/IOFunction
instanceKlass org/codehaus/plexus/archiver/zip/DeferredScatterOutputStream
instanceKlass org/apache/commons/compress/parallel/ScatterGatherBackingStore
instanceKlass org/codehaus/plexus/archiver/zip/ConcurrentJarCreator$DeferredSupplier
instanceKlass org/apache/commons/compress/parallel/ScatterGatherBackingStoreSupplier
instanceKlass org/apache/commons/compress/archivers/zip/StreamCompressor
instanceKlass java/util/zip/Deflater$DeflaterZStreamRef
instanceKlass java/util/zip/Deflater
instanceKlass org/apache/commons/io/Charsets
instanceKlass org/apache/commons/compress/archivers/zip/NioZipEncoding
instanceKlass org/apache/commons/compress/archivers/zip/CharsetAccessor
instanceKlass org/apache/commons/compress/archivers/zip/ZipEncoding
instanceKlass org/apache/commons/compress/archivers/zip/ZipEncodingHelper
instanceKlass org/codehaus/plexus/archiver/util/Streams
instanceKlass org/apache/commons/compress/utils/ByteUtils
instanceKlass org/apache/commons/compress/archivers/zip/ZipLong
instanceKlass org/apache/commons/compress/archivers/zip/ZipExtraField
instanceKlass org/codehaus/plexus/archiver/AbstractArchiver$1
instanceKlass org/codehaus/plexus/archiver/jar/Manifest$ExistingSection
instanceKlass org/codehaus/plexus/archiver/jar/Manifest$Section
instanceKlass java/io/FileOutputStream$1
instanceKlass org/apache/maven/archiver/PomPropertiesUtil
instanceKlass  @bci org/codehaus/plexus/components/io/resources/PlexusIoFileResource getRootContentSupplier (Ljava/io/File;)Lorg/codehaus/plexus/components/io/functions/ContentSupplier; 1 <appendix> member <vmtarget> ; # org/codehaus/plexus/components/io/resources/PlexusIoFileResource$$Lambda+0x00000203d24b0848
instanceKlass org/codehaus/plexus/components/io/resources/AbstractPlexusIoResource
instanceKlass org/codehaus/plexus/components/io/functions/FileSupplier
instanceKlass org/codehaus/plexus/components/io/functions/ResourceAttributeSupplier
instanceKlass org/codehaus/plexus/components/io/resources/ResourceFactory
instanceKlass sun/nio/fs/WindowsUserPrincipals$User
instanceKlass java/nio/file/attribute/UserPrincipal
instanceKlass sun/nio/fs/WindowsUserPrincipals
instanceKlass sun/nio/fs/FileOwnerAttributeViewImpl
instanceKlass sun/nio/fs/AbstractBasicFileAttributeView$AttributesBuilder
instanceKlass org/codehaus/plexus/components/io/attributes/FileAttributes
instanceKlass org/codehaus/plexus/components/io/attributes/PlexusIoResourceAttributeUtils
instanceKlass org/codehaus/plexus/components/io/attributes/SimpleResourceAttributes
instanceKlass org/codehaus/plexus/util/StringUtils
instanceKlass org/codehaus/plexus/components/io/resources/AbstractPlexusIoResourceCollection$IdentityTransformer
instanceKlass org/codehaus/plexus/archiver/util/AbstractFileSet
instanceKlass  @bci org/apache/maven/archiver/MavenArchiver configureReproducibleBuild (Ljava/lang/String;)V 13 <appendix> member <vmtarget> ; # org/apache/maven/archiver/MavenArchiver$$Lambda+0x00000203d24adde8
instanceKlass  @bci org/apache/maven/archiver/MavenArchiver configureReproducibleBuild (Ljava/lang/String;)V 4 <appendix> argL0 ; # org/apache/maven/archiver/MavenArchiver$$Lambda+0x00000203d24adbb8
instanceKlass  @bci org/apache/maven/plugins/jar/AbstractJarMojo createArchive ()Ljava/io/File; 217 <appendix> member <vmtarget> ; # org/apache/maven/plugins/jar/AbstractJarMojo$$Lambda+0x00000203d24ad990
instanceKlass java/time/temporal/TemporalQueries$7
instanceKlass java/time/temporal/TemporalQueries$6
instanceKlass java/time/temporal/TemporalQueries$5
instanceKlass java/time/temporal/TemporalQueries$4
instanceKlass java/time/temporal/TemporalQueries$3
instanceKlass java/time/temporal/TemporalQueries$2
instanceKlass java/time/temporal/TemporalQueries$1
instanceKlass java/time/temporal/TemporalQueries
instanceKlass  @bci java/util/regex/Pattern CIRange (II)Ljava/util/regex/Pattern$CharPredicate; 2 <appendix> member <vmtarget> ; # java/util/regex/Pattern$$Lambda+0x00000203d24468b8
instanceKlass  @bci java/util/regex/Pattern SingleI (II)Ljava/util/regex/Pattern$BmpCharPredicate; 2 <appendix> member <vmtarget> ; # java/util/regex/Pattern$$Lambda+0x00000203d2446638
instanceKlass java/time/format/Parsed
instanceKlass java/time/format/DateTimeParseContext
instanceKlass  @bci java/time/Instant parse (Ljava/lang/CharSequence;)Ljava/time/Instant; 4 <appendix> argL0 ; # java/time/Instant$$Lambda+0x00000203d2445fe0
instanceKlass org/codehaus/plexus/archiver/jar/Manifest$BaseAttribute
instanceKlass org/codehaus/plexus/interpolation/RecursionInterceptor
instanceKlass org/codehaus/plexus/interpolation/Interpolator
instanceKlass org/codehaus/plexus/interpolation/BasicInterpolator
instanceKlass  @bci org/apache/maven/plugins/jar/AbstractJarMojo createArchive ()Ljava/io/File; 125 <appendix> argL0 ; # org/apache/maven/plugins/jar/AbstractJarMojo$$Lambda+0x00000203d24ac818
instanceKlass  @bci org/apache/maven/plugins/jar/AbstractJarMojo createArchive ()Ljava/io/File; 85 <appendix> argL0 ; # org/apache/maven/plugins/jar/AbstractJarMojo$$Lambda+0x00000203d24ac5d8
instanceKlass org/codehaus/plexus/util/NioFiles
instanceKlass org/codehaus/plexus/util/SelectorUtils
instanceKlass org/codehaus/plexus/util/MatchPattern
instanceKlass org/codehaus/plexus/util/AbstractScanner
instanceKlass org/codehaus/plexus/util/Scanner
instanceKlass org/apache/maven/shared/model/fileset/Mapper
instanceKlass org/apache/maven/shared/model/fileset/SetBase
instanceKlass org/apache/maven/shared/model/fileset/util/FileSetManager
instanceKlass org/apache/maven/archiver/ManifestSection
instanceKlass org/apache/maven/archiver/ManifestConfiguration
instanceKlass org/apache/maven/project/DefaultMavenProjectHelper$$FastClassByGuice$$298930351
instanceKlass org/apache/maven/plugins/jar/JarMojo$$FastClassByGuice$$297952301
instanceKlass org/codehaus/plexus/components/io/resources/PlexusIoFileResourceCollection$$FastClassByGuice$$297415525
instanceKlass org/codehaus/plexus/components/io/resources/DefaultPlexusIoFileResourceCollection$$FastClassByGuice$$296697099
instanceKlass org/codehaus/plexus/components/io/fileselectors/IncludeExcludeFileSelector$$FastClassByGuice$$295539001
instanceKlass org/codehaus/plexus/components/io/fileselectors/DefaultFileSelector$$FastClassByGuice$$293786056
instanceKlass org/codehaus/plexus/components/io/fileselectors/AllFilesFileSelector$$FastClassByGuice$$292618306
instanceKlass org/codehaus/plexus/components/io/filemappers/SuffixFileMapper$$FastClassByGuice$$292005019
instanceKlass org/codehaus/plexus/components/io/filemappers/RegExpFileMapper$$FastClassByGuice$$290789117
instanceKlass org/codehaus/plexus/components/io/filemappers/PrefixFileMapper$$FastClassByGuice$$290056292
instanceKlass org/codehaus/plexus/components/io/filemappers/MergeFileMapper$$FastClassByGuice$$288762248
instanceKlass org/codehaus/plexus/components/io/filemappers/IdentityMapper$$FastClassByGuice$$287610829
instanceKlass org/codehaus/plexus/components/io/filemappers/FlattenFileMapper$$FastClassByGuice$$287115368
instanceKlass org/codehaus/plexus/components/io/filemappers/FileExtensionMapper$$FastClassByGuice$$285665542
instanceKlass org/codehaus/plexus/components/io/filemappers/DefaultFileMapper$$FastClassByGuice$$284818684
instanceKlass org/codehaus/plexus/archiver/zstd/ZstdUnArchiver$$FastClassByGuice$$283526939
instanceKlass org/codehaus/plexus/archiver/zstd/ZstdArchiver$$FastClassByGuice$$283081679
instanceKlass org/codehaus/plexus/archiver/zstd/PlexusIoZstdResourceCollection$$FastClassByGuice$$281067580
instanceKlass org/codehaus/plexus/archiver/zip/ZipUnArchiver$$FastClassByGuice$$279984564
instanceKlass org/codehaus/plexus/archiver/zip/ZipArchiver$$FastClassByGuice$$279424141
instanceKlass org/codehaus/plexus/archiver/zip/PlexusArchiverZipFileResourceCollection$$FastClassByGuice$$278369404
instanceKlass org/codehaus/plexus/archiver/xz/XZUnArchiver$$FastClassByGuice$$277115128
instanceKlass org/codehaus/plexus/archiver/xz/XZArchiver$$FastClassByGuice$$276374832
instanceKlass org/codehaus/plexus/archiver/xz/PlexusIoXZResourceCollection$$FastClassByGuice$$274989044
instanceKlass org/codehaus/plexus/archiver/war/WarUnArchiver$$FastClassByGuice$$273887414
instanceKlass org/codehaus/plexus/archiver/war/WarArchiver$$FastClassByGuice$$273622502
instanceKlass org/codehaus/plexus/archiver/war/PlexusIoWarFileResourceCollection$$FastClassByGuice$$272422073
instanceKlass org/codehaus/plexus/archiver/tar/TarZstdUnArchiver$$FastClassByGuice$$271537487
instanceKlass org/codehaus/plexus/archiver/tar/TarZstdArchiver$$FastClassByGuice$$269713371
instanceKlass org/codehaus/plexus/archiver/tar/TarXZUnArchiver$$FastClassByGuice$$268938498
instanceKlass org/codehaus/plexus/archiver/tar/TarXZArchiver$$FastClassByGuice$$267463226
instanceKlass org/codehaus/plexus/archiver/tar/TarUnArchiver$$FastClassByGuice$$267120382
instanceKlass org/codehaus/plexus/archiver/tar/TarSnappyUnArchiver$$FastClassByGuice$$265758855
instanceKlass org/codehaus/plexus/archiver/tar/TarSnappyArchiver$$FastClassByGuice$$264585878
instanceKlass org/codehaus/plexus/archiver/tar/TarGZipUnArchiver$$FastClassByGuice$$263936212
instanceKlass org/codehaus/plexus/archiver/tar/TarGZipArchiver$$FastClassByGuice$$262773031
instanceKlass org/codehaus/plexus/archiver/tar/TarBZip2UnArchiver$$FastClassByGuice$$262029015
instanceKlass org/codehaus/plexus/archiver/tar/TarBZip2Archiver$$FastClassByGuice$$260298826
instanceKlass org/codehaus/plexus/archiver/tar/TarArchiver$$FastClassByGuice$$259348856
instanceKlass org/codehaus/plexus/archiver/tar/TZstdUnArchiver$$FastClassByGuice$$258617188
instanceKlass org/codehaus/plexus/archiver/tar/TZstdArchiver$$FastClassByGuice$$257433334
instanceKlass org/codehaus/plexus/archiver/tar/TXZUnArchiver$$FastClassByGuice$$256336129
instanceKlass org/codehaus/plexus/archiver/tar/TXZArchiver$$FastClassByGuice$$255659356
instanceKlass org/codehaus/plexus/archiver/tar/TGZUnArchiver$$FastClassByGuice$$254346641
instanceKlass org/codehaus/plexus/archiver/tar/TGZArchiver$$FastClassByGuice$$253490696
instanceKlass org/codehaus/plexus/archiver/tar/TBZ2UnArchiver$$FastClassByGuice$$252551612
instanceKlass org/codehaus/plexus/archiver/tar/TBZ2Archiver$$FastClassByGuice$$251158812
instanceKlass org/codehaus/plexus/archiver/tar/PlexusIoTarZstdFileResourceCollection$$FastClassByGuice$$250461911
instanceKlass org/codehaus/plexus/archiver/tar/PlexusIoTarXZFileResourceCollection$$FastClassByGuice$$248933311
instanceKlass org/codehaus/plexus/archiver/tar/PlexusIoTarSnappyFileResourceCollection$$FastClassByGuice$$247683960
instanceKlass org/codehaus/plexus/archiver/tar/PlexusIoTarGZipFileResourceCollection$$FastClassByGuice$$246711740
instanceKlass org/codehaus/plexus/archiver/tar/PlexusIoTarFileResourceCollection$$FastClassByGuice$$246024647
instanceKlass org/codehaus/plexus/archiver/tar/PlexusIoTarBZip2FileResourceCollection$$FastClassByGuice$$244872713
instanceKlass org/codehaus/plexus/archiver/tar/PlexusIoTZstdFileResourceCollection$$FastClassByGuice$$244043115
instanceKlass org/codehaus/plexus/archiver/tar/PlexusIoTXZFileResourceCollection$$FastClassByGuice$$243031942
instanceKlass org/codehaus/plexus/archiver/tar/PlexusIoTGZFileResourceCollection$$FastClassByGuice$$241935073
instanceKlass org/codehaus/plexus/archiver/tar/PlexusIoTBZ2FileResourceCollection$$FastClassByGuice$$240769644
instanceKlass org/codehaus/plexus/archiver/swc/SwcUnArchiver$$FastClassByGuice$$239415056
instanceKlass org/codehaus/plexus/archiver/swc/PlexusIoSwcFileResourceCollection$$FastClassByGuice$$238066080
instanceKlass org/codehaus/plexus/archiver/snappy/SnappyUnArchiver$$FastClassByGuice$$237131648
instanceKlass org/codehaus/plexus/archiver/snappy/SnappyArchiver$$FastClassByGuice$$236405421
instanceKlass org/codehaus/plexus/archiver/snappy/PlexusIoSnappyResourceCollection$$FastClassByGuice$$234912095
instanceKlass org/codehaus/plexus/archiver/sar/SarUnArchiver$$FastClassByGuice$$233924577
instanceKlass org/codehaus/plexus/archiver/sar/PlexusIoSarFileResourceCollection$$FastClassByGuice$$233097044
instanceKlass org/codehaus/plexus/archiver/rar/RarUnArchiver$$FastClassByGuice$$232201649
instanceKlass org/codehaus/plexus/archiver/rar/RarArchiver$$FastClassByGuice$$231290764
instanceKlass org/codehaus/plexus/archiver/rar/PlexusIoRarFileResourceCollection$$FastClassByGuice$$230366090
instanceKlass org/codehaus/plexus/archiver/par/PlexusIoJarFileResourceCollection$$FastClassByGuice$$229458641
instanceKlass org/codehaus/plexus/archiver/par/ParUnArchiver$$FastClassByGuice$$227713902
instanceKlass org/codehaus/plexus/archiver/nar/PlexusIoNarFileResourceCollection$$FastClassByGuice$$227038475
instanceKlass org/codehaus/plexus/archiver/nar/NarUnArchiver$$FastClassByGuice$$226085781
instanceKlass org/codehaus/plexus/archiver/manager/DefaultArchiverManager$$FastClassByGuice$$224742143
instanceKlass org/codehaus/plexus/archiver/jar/PlexusIoJarFileResourceCollection$$FastClassByGuice$$223595896
instanceKlass org/codehaus/plexus/archiver/jar/JarUnArchiver$$FastClassByGuice$$222511568
instanceKlass org/codehaus/plexus/archiver/jar/JarToolModularJarArchiver$$FastClassByGuice$$221706992
instanceKlass org/codehaus/plexus/archiver/jar/JarArchiver$$FastClassByGuice$$220986843
instanceKlass org/codehaus/plexus/archiver/gzip/PlexusIoGzipResourceCollection$$FastClassByGuice$$219467658
instanceKlass org/codehaus/plexus/archiver/gzip/PlexusIoGzResourceCollection$$FastClassByGuice$$219129291
instanceKlass org/codehaus/plexus/archiver/gzip/GZipUnArchiver$$FastClassByGuice$$217254971
instanceKlass org/codehaus/plexus/archiver/gzip/GZipArchiver$$FastClassByGuice$$216351589
instanceKlass org/codehaus/plexus/archiver/filters/JarSecurityFileSelector$$FastClassByGuice$$215624280
instanceKlass org/codehaus/plexus/archiver/esb/PlexusIoEsbFileResourceCollection$$FastClassByGuice$$214439869
instanceKlass org/codehaus/plexus/archiver/esb/EsbUnArchiver$$FastClassByGuice$$213201039
instanceKlass org/codehaus/plexus/archiver/ear/PlexusIoEarFileResourceCollection$$FastClassByGuice$$212010564
instanceKlass org/codehaus/plexus/archiver/ear/EarUnArchiver$$FastClassByGuice$$211174685
instanceKlass org/codehaus/plexus/archiver/ear/EarArchiver$$FastClassByGuice$$210601209
instanceKlass org/codehaus/plexus/archiver/dir/DirectoryArchiver$$FastClassByGuice$$209698884
instanceKlass org/codehaus/plexus/archiver/car/PlexusIoCarFileResourceCollection$$FastClassByGuice$$207655779
instanceKlass org/codehaus/plexus/archiver/car/CarUnArchiver$$FastClassByGuice$$207353027
instanceKlass org/codehaus/plexus/archiver/bzip2/PlexusIoBzip2ResourceCollection$$FastClassByGuice$$206186677
instanceKlass org/codehaus/plexus/archiver/bzip2/PlexusIoBz2ResourceCollection$$FastClassByGuice$$205061411
instanceKlass org/codehaus/plexus/archiver/bzip2/BZip2UnArchiver$$FastClassByGuice$$203988285
instanceKlass org/codehaus/plexus/archiver/bzip2/BZip2Archiver$$FastClassByGuice$$203412138
instanceKlass org/codehaus/plexus/util/MatchPatterns
instanceKlass org/codehaus/plexus/archiver/tar/TarArchiver$TarOptions
instanceKlass org/codehaus/plexus/archiver/tar/TarFile
instanceKlass org/codehaus/plexus/archiver/ArchiveFile
instanceKlass org/apache/commons/compress/archivers/zip/ZipArchiveOutputStream$UnicodeExtraFieldPolicy
instanceKlass org/apache/commons/compress/parallel/InputStreamSupplier
instanceKlass org/codehaus/plexus/archiver/zip/ConcurrentJarCreator
instanceKlass org/codehaus/plexus/archiver/zip/AddedDirs
instanceKlass org/codehaus/plexus/components/io/functions/PlexusIoResourceConsumer
instanceKlass org/apache/commons/compress/archivers/EntryStreamOffsets
instanceKlass org/apache/commons/compress/archivers/ArchiveEntry
instanceKlass org/apache/commons/compress/archivers/zip/ZipFile
instanceKlass org/codehaus/plexus/components/io/functions/InputStreamTransformer
instanceKlass org/codehaus/plexus/components/io/resources/Stream
instanceKlass org/apache/commons/compress/utils/InputStreamStatistics
instanceKlass org/apache/commons/compress/compressors/bzip2/BZip2Constants
instanceKlass org/codehaus/plexus/archiver/util/Compressor
instanceKlass org/codehaus/plexus/archiver/ArchivedFileSet
instanceKlass org/codehaus/plexus/archiver/ArchiveEntry
instanceKlass org/codehaus/plexus/components/io/resources/PlexusIoResource
instanceKlass org/codehaus/plexus/components/io/functions/ContentSupplier
instanceKlass org/codehaus/plexus/components/io/functions/SizeSupplier
instanceKlass org/codehaus/plexus/components/io/fileselectors/FileInfo
instanceKlass org/codehaus/plexus/components/io/functions/NameSupplier
instanceKlass org/codehaus/plexus/archiver/AbstractArchiver$AddedResourceCollection
instanceKlass org/codehaus/plexus/components/io/attributes/PlexusIoResourceAttributes
instanceKlass org/codehaus/plexus/archiver/ArchiveFinalizer
instanceKlass org/codehaus/plexus/archiver/ResourceIterator
instanceKlass org/apache/maven/archiver/MavenArchiver
instanceKlass org/apache/maven/archiver/MavenArchiveConfiguration
instanceKlass org/codehaus/plexus/archiver/FileSet
instanceKlass org/codehaus/plexus/archiver/BaseFileSet
instanceKlass org/codehaus/plexus/components/io/fileselectors/IncludeExcludeFileSelector
instanceKlass org/codehaus/plexus/components/io/fileselectors/AllFilesFileSelector
instanceKlass org/codehaus/plexus/components/io/filemappers/AbstractFileMapper
instanceKlass org/codehaus/plexus/components/io/filemappers/FileMapper
instanceKlass org/codehaus/plexus/archiver/manager/DefaultArchiverManager
instanceKlass org/codehaus/plexus/archiver/manager/ArchiverManager
instanceKlass org/codehaus/plexus/archiver/filters/JarSecurityFileSelector
instanceKlass org/codehaus/plexus/components/io/fileselectors/FileSelector
instanceKlass org/codehaus/plexus/components/io/resources/AbstractPlexusIoResourceCollection
instanceKlass org/codehaus/plexus/components/io/resources/EncodingSupported
instanceKlass org/codehaus/plexus/components/io/resources/PlexusIoCompressedFileResourceCollection
instanceKlass org/codehaus/plexus/components/io/resources/PlexusIoArchivedResourceCollection
instanceKlass org/codehaus/plexus/components/io/resources/PlexusIoResourceCollection
instanceKlass org/codehaus/plexus/archiver/AbstractUnArchiver
instanceKlass org/codehaus/plexus/archiver/UnArchiver
instanceKlass org/codehaus/plexus/archiver/AbstractArchiver
instanceKlass org/codehaus/plexus/archiver/FinalizerEnabled
instanceKlass org/codehaus/plexus/archiver/Archiver
instanceKlass org/apache/maven/plugins/jar/ToolchainsJdkSpecification
# instanceKlass java/lang/invoke/LambdaForm$MH+0x00000203d2430c00
# instanceKlass java/lang/invoke/LambdaForm$MH+0x00000203d2430800
# instanceKlass java/lang/invoke/LambdaForm$BMH+0x00000203d2430400
# instanceKlass java/lang/invoke/LambdaForm$DMH+0x00000203d2430000
instanceKlass java/util/concurrent/LinkedTransferQueue$DualNode
instanceKlass java/util/concurrent/TransferQueue
instanceKlass  @bci java/lang/ProcessHandleImpl lambda$static$1 ()Ljava/util/concurrent/Executor; 45 <appendix> form vmentry <vmtarget> ; # java/lang/invoke/LambdaForm$DMH+0x00000203d242dc00
instanceKlass  @bci java/lang/ProcessHandleImpl lambda$static$1 ()Ljava/util/concurrent/Executor; 45 <appendix> member <vmtarget> ; # java/lang/ProcessHandleImpl$$Lambda+0x00000203d2444258
instanceKlass  @cpi java/lang/ProcessHandleImpl 436 form vmentry <vmtarget> ; # java/lang/invoke/LambdaForm$DMH+0x00000203d242d800
# instanceKlass java/lang/invoke/LambdaForm$DMH+0x00000203d242d400
instanceKlass  @bci java/lang/ProcessHandleImpl <clinit> ()V 32 <appendix> argL0 ; # java/lang/ProcessHandleImpl$$Lambda+0x00000203d2444048
instanceKlass java/lang/ProcessHandleImpl
instanceKlass java/util/concurrent/CompletableFuture
instanceKlass java/util/concurrent/CompletionStage
instanceKlass java/lang/ProcessHandle$Info
instanceKlass java/lang/ProcessHandle
instanceKlass org/apache/maven/surefire/api/util/ReflectionUtils
instanceKlass java/lang/Short$ShortCache
instanceKlass org/apache/maven/surefire/shared/lang3/math/NumberUtils
instanceKlass org/apache/maven/surefire/shared/lang3/StringUtils
instanceKlass org/apache/maven/plugin/lifecycle/Lifecycle
instanceKlass  @bci org/apache/maven/surefire/shared/lang3/SystemProperties getProperty (Ljava/lang/String;Ljava/lang/String;)Ljava/lang/String; 2 <appendix> member <vmtarget> ; # org/apache/maven/surefire/shared/lang3/SystemProperties$$Lambda+0x00000203d242b5a8
instanceKlass org/apache/maven/surefire/shared/lang3/SystemProperties
# instanceKlass java/lang/invoke/LambdaForm$MH+0x00000203d242d000
instanceKlass org/apache/maven/monitor/event/EventDispatcher
instanceKlass org/apache/maven/artifact/repository/RepositoryCache
instanceKlass org/apache/maven/surefire/booter/SystemUtils
instanceKlass org/apache/maven/surefire/api/util/internal/DaemonThreadFactory
instanceKlass org/apache/maven/plugin/surefire/booterclient/Platform$1
instanceKlass java/util/concurrent/FutureTask$WaitNode
instanceKlass java/util/concurrent/FutureTask
instanceKlass java/util/concurrent/RunnableFuture
instanceKlass org/apache/maven/plugin/surefire/SurefireMojo$$FastClassByGuice$$202336837
instanceKlass org/codehaus/plexus/languages/java/jpms/LocationManager$$FastClassByGuice$$201291047
instanceKlass org/apache/maven/surefire/providerapi/ProviderDetector$$FastClassByGuice$$199574272
instanceKlass org/apache/maven/surefire/providerapi/ServiceLoader$$FastClassByGuice$$198709888
instanceKlass org/codehaus/plexus/languages/java/jpms/JavaModuleDescriptor
instanceKlass org/codehaus/plexus/languages/java/jpms/ResolvePathsResult
instanceKlass org/codehaus/plexus/languages/java/jpms/ResolvePathsRequest
instanceKlass org/codehaus/plexus/languages/java/jpms/ResolvePathResult
instanceKlass org/codehaus/plexus/languages/java/jpms/ResolvePathRequest
instanceKlass org/codehaus/plexus/languages/java/jpms/ManifestModuleNameExtractor
instanceKlass org/codehaus/plexus/languages/java/jpms/SourceModuleInfoParser
instanceKlass org/codehaus/plexus/languages/java/jpms/ModuleInfoParser
instanceKlass org/codehaus/plexus/languages/java/jpms/ModuleNameExtractor
instanceKlass org/apache/maven/plugin/surefire/StartupReportConfiguration
instanceKlass org/apache/maven/surefire/booter/ProviderConfiguration
instanceKlass org/apache/maven/plugin/surefire/booterclient/ChecksumCalculator
instanceKlass org/apache/maven/plugin/surefire/booterclient/ForkStarter
instanceKlass org/apache/maven/plugin/surefire/JdkAttributes
instanceKlass org/apache/maven/surefire/api/suite/RunResult
instanceKlass org/apache/maven/surefire/booter/StartupConfiguration
instanceKlass org/apache/maven/plugin/surefire/InPluginVMSurefireStarter
instanceKlass org/apache/maven/surefire/api/util/DefaultScanResult
instanceKlass org/apache/maven/surefire/api/util/ScanResult
instanceKlass org/apache/maven/surefire/api/testset/RunOrderParameters
instanceKlass org/apache/maven/surefire/booter/ClassLoaderConfiguration
instanceKlass org/apache/maven/surefire/booter/Classpath
instanceKlass org/apache/maven/plugin/surefire/TestClassPath
instanceKlass org/apache/maven/plugin/surefire/ResolvePathResultWrapper
instanceKlass org/apache/maven/plugin/surefire/log/PluginConsoleLogger
instanceKlass org/apache/maven/surefire/api/testset/TestListResolver
instanceKlass org/apache/maven/surefire/api/testset/GenericTestPattern
instanceKlass org/apache/maven/surefire/api/testset/TestFilter
instanceKlass org/apache/maven/surefire/extensions/StatelessTestsetInfoReporter
instanceKlass org/apache/maven/surefire/extensions/ConsoleOutputReporter
instanceKlass org/apache/maven/surefire/extensions/StatelessReporter
instanceKlass org/apache/maven/plugin/surefire/AbstractSurefireMojo$ClasspathCache
instanceKlass org/apache/maven/plugin/surefire/booterclient/Platform
instanceKlass org/apache/maven/surefire/booter/AbstractPathConfiguration
instanceKlass org/apache/maven/surefire/extensions/ForkNodeFactory
instanceKlass org/apache/maven/surefire/providerapi/ConfigurableProviderInfo
instanceKlass org/apache/maven/surefire/providerapi/ProviderInfo
instanceKlass org/apache/maven/plugin/surefire/booterclient/ForkConfiguration
instanceKlass org/apache/maven/plugin/surefire/log/api/ConsoleLogger
instanceKlass org/apache/maven/surefire/booter/KeyValueSource
instanceKlass org/codehaus/plexus/languages/java/jpms/LocationManager
# instanceKlass java/lang/invoke/LambdaForm$MH+0x00000203d2420400
instanceKlass org/apache/maven/plugin/surefire/SurefireDependencyResolver
instanceKlass org/apache/maven/surefire/providerapi/ServiceLoader
instanceKlass org/apache/maven/surefire/providerapi/ProviderDetector
instanceKlass org/apache/maven/plugin/surefire/SurefireExecutionParameters
instanceKlass org/apache/maven/plugin/surefire/SurefireReportParameters
instanceKlass java/util/concurrent/ForkJoinPool$2
instanceKlass jdk/internal/access/JavaUtilConcurrentFJPAccess
instanceKlass java/util/concurrent/ForkJoinPool$DefaultForkJoinWorkerThreadFactory
instanceKlass java/util/concurrent/ForkJoinPool$WorkQueue
instanceKlass java/util/concurrent/ForkJoinPool$ForkJoinWorkerThreadFactory
# instanceKlass java/lang/invoke/LambdaForm$DMH+0x00000203d2420000
instanceKlass sun/security/ssl/PreSharedKeyExtension$SHPreSharedKeySpec
instanceKlass sun/security/ssl/SSLEngineOutputRecord$RecordMemo
instanceKlass sun/security/ssl/SSLEngineOutputRecord$HandshakeFragment
instanceKlass sun/security/ssl/PreSharedKeyExtension$CHPreSharedKeySpec
instanceKlass sun/security/ssl/PreSharedKeyExtension$PskIdentity
instanceKlass java/util/concurrent/locks/ReentrantReadWriteLock$Sync$HoldCounter
instanceKlass  @bci org/eclipse/aether/util/concurrency/RunnableErrorForwarder wrap (Ljava/lang/Runnable;)Ljava/lang/Runnable; 17 <appendix> member <vmtarget> ; # org/eclipse/aether/util/concurrency/RunnableErrorForwarder$$Lambda+0x00000203d22ba030
instanceKlass jdk/internal/vm/ThreadContainers
instanceKlass jdk/internal/vm/StackableScope
instanceKlass java/util/concurrent/Executors$DefaultThreadFactory
instanceKlass java/util/concurrent/Executors
instanceKlass org/eclipse/aether/util/concurrency/WorkerThreadFactory
instanceKlass java/util/concurrent/ThreadPoolExecutor$AbortPolicy
instanceKlass java/util/concurrent/RejectedExecutionHandler
instanceKlass java/util/concurrent/AbstractExecutorService
instanceKlass org/apache/maven/model/merge/ModelMerger$1
instanceKlass org/apache/maven/plugin/compiler/TestCompilerMojo$$FastClassByGuice$$197181763
instanceKlass org/apache/maven/plugins/resources/TestResourcesMojo$$FastClassByGuice$$196972876
instanceKlass org/apache/maven/shared/utils/io/DirectoryScanResult
instanceKlass  @bci com/sun/tools/javac/file/Locations close ()V 13 <appendix> member <vmtarget> ; # com/sun/tools/javac/file/Locations$$Lambda+0x00000203d241e1e8
instanceKlass java/util/WeakHashMap$HashIterator
instanceKlass  @bci com/sun/tools/javac/jvm/Code fillLocalVarPosition (Lcom/sun/tools/javac/jvm/Code$LocalVar;)V 117 <appendix> member <vmtarget> ; # com/sun/tools/javac/jvm/Code$$Lambda+0x00000203d2413db8
instanceKlass  @bci com/sun/tools/javac/jvm/Code fillLocalVarPosition (Lcom/sun/tools/javac/jvm/Code$LocalVar;)V 95 <appendix> argL0 ; # com/sun/tools/javac/jvm/Code$$Lambda+0x00000203d2413ba8
instanceKlass java/util/stream/Nodes$IntArrayNode
instanceKlass java/util/stream/Node$Builder$OfInt
instanceKlass  @bci java/util/stream/IntPipeline toArray ()[I 1 <appendix> argL0 ; # java/util/stream/IntPipeline$$Lambda+0x00000203d22fe4f0
instanceKlass  @bci com/sun/tools/javac/jvm/Code fillLocalVarPosition (Lcom/sun/tools/javac/jvm/Code$LocalVar;)V 75 <appendix> argL0 ; # com/sun/tools/javac/jvm/Code$$Lambda+0x00000203d2413998
instanceKlass  @bci com/sun/tools/javac/jvm/Code fillLocalVarPosition (Lcom/sun/tools/javac/jvm/Code$LocalVar;)V 51 <appendix> argL0 ; # com/sun/tools/javac/jvm/Code$$Lambda+0x00000203d2413788
instanceKlass  @bci com/sun/tools/javac/jvm/Code fillLocalVarPosition (Lcom/sun/tools/javac/jvm/Code$LocalVar;)V 41 <appendix> argL0 ; # com/sun/tools/javac/jvm/Code$$Lambda+0x00000203d2413360
instanceKlass  @bci com/sun/tools/javac/jvm/PoolConstant$Dynamic$PoolKey hashCode ()I 1 <adapter> ; # java/lang/invoke/LambdaForm$MH+0x00000203d241dc00
instanceKlass  @bci com/sun/tools/javac/jvm/PoolConstant$Dynamic$PoolKey hashCode ()I 1 <appendix> form vmentry <vmtarget> ; # java/lang/invoke/LambdaForm$MH+0x00000203d241d800
# instanceKlass java/lang/invoke/LambdaForm$MH+0x00000203d241d400
# instanceKlass java/lang/invoke/LambdaForm$MH+0x00000203d241d000
instanceKlass  @bci com/sun/tools/javac/jvm/PoolConstant$Dynamic$PoolKey hashCode ()I 1 <appendix> form names 7 function resolvedHandle form vmentry <vmtarget> ; # java/lang/invoke/LambdaForm$DMH+0x00000203d241cc00
instanceKlass  @bci com/sun/tools/javac/jvm/PoolConstant$Dynamic$PoolKey hashCode ()I 1 <appendix> argL2 argL2 argL2 form vmentry <vmtarget> ; # java/lang/invoke/LambdaForm$MH+0x00000203d241c800
instanceKlass  @bci java/lang/runtime/ObjectMethods bootstrap (Ljava/lang/invoke/MethodHandles$Lookup;Ljava/lang/String;Ljava/lang/invoke/TypeDescriptor;Ljava/lang/Class;Ljava/lang/String;[Ljava/lang/invoke/MethodHandle;)Ljava/lang/Object; 37 <appendix> argL0 ; # java/lang/runtime/ObjectMethods$$Lambda+0x00000203d22fddd8
instanceKlass java/lang/invoke/DirectMethodHandle$1
# instanceKlass java/lang/invoke/LambdaForm$DMH+0x00000203d241c400
# instanceKlass java/lang/invoke/LambdaForm$DMH+0x00000203d241c000
# instanceKlass java/lang/invoke/LambdaForm$DMH+0x00000203d241bc00
# instanceKlass java/lang/invoke/LambdaForm$DMH+0x00000203d241b800
# instanceKlass java/lang/invoke/LambdaForm$DMH+0x00000203d241b400
# instanceKlass java/lang/invoke/LambdaForm$DMH+0x00000203d241b000
# instanceKlass java/lang/invoke/LambdaForm$DMH+0x00000203d241ac00
# instanceKlass java/lang/invoke/LambdaForm$DMH+0x00000203d241a800
# instanceKlass java/lang/invoke/LambdaForm$DMH+0x00000203d241a400
# instanceKlass java/lang/invoke/LambdaForm$DMH+0x00000203d241a000
instanceKlass java/lang/runtime/ObjectMethods$1
# instanceKlass java/lang/invoke/LambdaForm$MH+0x00000203d2419c00
# instanceKlass java/lang/invoke/LambdaForm$MH+0x00000203d2419800
# instanceKlass java/lang/invoke/LambdaForm$MH+0x00000203d2419400
# instanceKlass java/lang/invoke/LambdaForm$MH+0x00000203d2419000
instanceKlass java/lang/invoke/LambdaFormEditor$1
# instanceKlass java/lang/invoke/LambdaForm$MH+0x00000203d2418c00
# instanceKlass java/lang/invoke/LambdaForm$MH+0x00000203d2418800
# instanceKlass java/lang/invoke/LambdaForm$MH+0x00000203d2418400
# instanceKlass java/lang/invoke/LambdaForm$DMH+0x00000203d2418000
# instanceKlass java/lang/invoke/LambdaForm$DMH+0x00000203d2411c00
instanceKlass java/lang/invoke/MethodHandleImpl$ArrayAccessor
# instanceKlass java/lang/invoke/LambdaForm$MH+0x00000203d2411800
# instanceKlass java/lang/invoke/LambdaForm$MH+0x00000203d2411400
# instanceKlass java/lang/invoke/LambdaForm$DMH+0x00000203d2411000
instanceKlass java/lang/invoke/MethodHandleImpl$Makers$2
instanceKlass java/lang/invoke/MethodHandleImpl$Makers$1
instanceKlass java/lang/invoke/MethodHandleImpl$Makers
instanceKlass  @bci java/lang/invoke/BootstrapMethodInvoker invoke (Ljava/lang/Class;Ljava/lang/invoke/MethodHandle;Ljava/lang/String;Ljava/lang/Object;Ljava/lang/Object;Ljava/lang/Class;)Ljava/lang/Object; 894 <adapter> ; # java/lang/invoke/LambdaForm$MH+0x00000203d2410c00
# instanceKlass java/lang/invoke/LambdaForm$DMH+0x00000203d2410800
instanceKlass java/lang/runtime/ObjectMethods
instanceKlass  @bci com/sun/tools/javac/jvm/PoolConstant$Dynamic$BsmKey <init> (Lcom/sun/tools/javac/code/Types;Lcom/sun/tools/javac/jvm/PoolConstant$LoadableConstant;[Lcom/sun/tools/javac/jvm/PoolConstant$LoadableConstant;)V 31 <appendix> member <vmtarget> ; # com/sun/tools/javac/jvm/PoolConstant$Dynamic$BsmKey$$Lambda+0x00000203d2413128
instanceKlass com/sun/tools/javac/jvm/PoolConstant$Dynamic$BsmKey
instanceKlass  @bci com/sun/tools/javac/comp/LambdaToMethod makeIndyCall (Lcom/sun/tools/javac/util/JCDiagnostic$DiagnosticPosition;Lcom/sun/tools/javac/code/Type;Lcom/sun/tools/javac/util/Name;Lcom/sun/tools/javac/util/List;Lcom/sun/tools/javac/code/Type$MethodType;Lcom/sun/tools/javac/util/List;Lcom/sun/tools/javac/util/Name;)Lcom/sun/tools/javac/tree/JCTree$JCExpression; 53 <appendix> member <vmtarget> ; # com/sun/tools/javac/comp/LambdaToMethod$$Lambda+0x00000203d2412908
instanceKlass  @bci com/sun/tools/javac/comp/LambdaToMethod visitLambda (Lcom/sun/tools/javac/tree/JCTree$JCLambda;)V 60 <appendix> member <vmtarget> ; # com/sun/tools/javac/comp/LambdaToMethod$$Lambda+0x00000203d2412000
instanceKlass  @bci com/sun/tools/javac/comp/LambdaToMethod visitLambda (Lcom/sun/tools/javac/tree/JCTree$JCLambda;)V 49 <appendix> member <vmtarget> ; # com/sun/tools/javac/comp/LambdaToMethod$$Lambda+0x00000203d2417db0
instanceKlass  @bci com/sun/tools/javac/comp/LambdaToMethod visitLambda (Lcom/sun/tools/javac/tree/JCTree$JCLambda;)V 37 <appendix> member <vmtarget> ; # com/sun/tools/javac/comp/LambdaToMethod$$Lambda+0x00000203d2417b98
instanceKlass com/sun/tools/javac/comp/LambdaToMethod$KlassInfo
instanceKlass com/sun/tools/javac/comp/LambdaToMethod$1
instanceKlass com/sun/tools/javac/comp/LambdaToMethod$LambdaAnalyzerPreprocessor$Frame
instanceKlass com/sun/tools/javac/comp/LambdaToMethod$LambdaAnalyzerPreprocessor$SyntheticMethodNameCounter
instanceKlass com/sun/tools/javac/comp/LambdaToMethod$LambdaAnalyzerPreprocessor$TranslationContext
instanceKlass  @bci com/sun/tools/javac/code/Types$DescriptorCache findDescriptorInternal (Lcom/sun/tools/javac/code/Symbol$TypeSymbol;Lcom/sun/tools/javac/code/Scope$CompoundScope;)Lcom/sun/tools/javac/code/Types$DescriptorCache$FunctionDescriptor; 207 <appendix> member <vmtarget> ; # com/sun/tools/javac/code/Types$DescriptorCache$$Lambda+0x00000203d240fb08
instanceKlass  @bci com/sun/tools/javac/code/Types$DescriptorCache findDescriptorInternal (Lcom/sun/tools/javac/code/Symbol$TypeSymbol;Lcom/sun/tools/javac/code/Scope$CompoundScope;)Lcom/sun/tools/javac/code/Types$DescriptorCache$FunctionDescriptor; 194 <appendix> member <vmtarget> ; # com/sun/tools/javac/code/Types$DescriptorCache$$Lambda+0x00000203d240f8d0
instanceKlass  @bci com/sun/tools/javac/code/Types$DescriptorCache findDescriptorInternal (Lcom/sun/tools/javac/code/Symbol$TypeSymbol;Lcom/sun/tools/javac/code/Scope$CompoundScope;)Lcom/sun/tools/javac/code/Types$DescriptorCache$FunctionDescriptor; 182 <appendix> member <vmtarget> ; # com/sun/tools/javac/code/Types$DescriptorCache$$Lambda+0x00000203d240f688
instanceKlass  @bci com/sun/tools/javac/comp/Attr checkAccessibleTypes (Lcom/sun/tools/javac/util/JCDiagnostic$DiagnosticPosition;Lcom/sun/tools/javac/comp/Env;Lcom/sun/tools/javac/comp/InferenceContext;Lcom/sun/tools/javac/util/List;)V 17 <appendix> member <vmtarget> ; # com/sun/tools/javac/comp/Attr$$Lambda+0x00000203d240f470
instanceKlass  @bci com/sun/tools/javac/comp/Attr check (Lcom/sun/tools/javac/tree/JCTree;Lcom/sun/tools/javac/code/Type;Lcom/sun/tools/javac/code/Kinds$KindSelector;Lcom/sun/tools/javac/comp/Attr$ResultInfo;)Lcom/sun/tools/javac/code/Type; 163 <appendix> member <vmtarget> ; # com/sun/tools/javac/comp/Attr$$Lambda+0x00000203d240f258
instanceKlass  @bci com/sun/tools/javac/comp/Attr setFunctionalInfo (Lcom/sun/tools/javac/comp/Env;Lcom/sun/tools/javac/tree/JCTree$JCFunctionalExpression;Lcom/sun/tools/javac/code/Type;Lcom/sun/tools/javac/code/Type;Lcom/sun/tools/javac/code/Type;Lcom/sun/tools/javac/comp/Check$CheckContext;)V 38 <appendix> form vmentry <vmtarget> ; # java/lang/invoke/LambdaForm$DMH+0x00000203d2410400
instanceKlass  @bci com/sun/tools/javac/comp/Attr setFunctionalInfo (Lcom/sun/tools/javac/comp/Env;Lcom/sun/tools/javac/tree/JCTree$JCFunctionalExpression;Lcom/sun/tools/javac/code/Type;Lcom/sun/tools/javac/code/Type;Lcom/sun/tools/javac/code/Type;Lcom/sun/tools/javac/comp/Check$CheckContext;)V 38 <appendix> member <vmtarget> ; # com/sun/tools/javac/comp/Attr$$Lambda+0x00000203d240f040
instanceKlass  @cpi com/sun/tools/javac/comp/Attr 5409 form vmentry <vmtarget> ; # java/lang/invoke/LambdaForm$DMH+0x00000203d2410000
instanceKlass com/sun/tools/javac/comp/ArgumentAttr$2
instanceKlass com/sun/tools/javac/comp/Attr$TargetInfo
instanceKlass  @bci com/sun/tools/javac/comp/Infer instantiateFunctionalInterface (Lcom/sun/tools/javac/util/JCDiagnostic$DiagnosticPosition;Lcom/sun/tools/javac/code/Type;Lcom/sun/tools/javac/util/List;Lcom/sun/tools/javac/comp/Check$CheckContext;)Lcom/sun/tools/javac/code/Type; 262 <appendix> member <vmtarget> ; # com/sun/tools/javac/comp/Infer$$Lambda+0x00000203d240e400
instanceKlass  @bci com/sun/tools/javac/comp/ArgumentAttr$ExplicitLambdaType argtypes ()Lcom/sun/tools/javac/util/List; 5 <appendix> member <vmtarget> ; # com/sun/tools/javac/comp/ArgumentAttr$ExplicitLambdaType$$Lambda+0x00000203d240dc90
instanceKlass  @bci com/sun/tools/javac/code/Types removeWildcards (Lcom/sun/tools/javac/code/Type;)Lcom/sun/tools/javac/code/Type; 7 <appendix> argL0 ; # com/sun/tools/javac/code/Types$$Lambda+0x00000203d240da50
instanceKlass com/sun/tools/javac/code/Types$DescriptorCache$Entry
instanceKlass com/sun/tools/javac/code/Types$DescriptorCache$FunctionDescriptor
instanceKlass com/sun/tools/javac/code/Types$DescriptorFilter
instanceKlass  @bci com/sun/tools/javac/comp/DeferredAttr attribSpeculativeLambda (Lcom/sun/tools/javac/tree/JCTree$JCLambda;Lcom/sun/tools/javac/comp/Env;Lcom/sun/tools/javac/comp/Attr$ResultInfo;)Lcom/sun/tools/javac/tree/JCTree$JCLambda; 142 <appendix> argL0 ; # com/sun/tools/javac/comp/DeferredAttr$$Lambda+0x00000203d240c8c0
instanceKlass  @bci com/sun/tools/javac/comp/DeferredAttr attribSpeculativeLambda (Lcom/sun/tools/javac/tree/JCTree$JCLambda;Lcom/sun/tools/javac/comp/Env;Lcom/sun/tools/javac/comp/Attr$ResultInfo;)Lcom/sun/tools/javac/tree/JCTree$JCLambda; 132 <appendix> argL0 ; # com/sun/tools/javac/comp/DeferredAttr$$Lambda+0x00000203d240c680
instanceKlass  @bci com/sun/tools/javac/comp/ArgumentAttr visitLambda (Lcom/sun/tools/javac/tree/JCTree$JCLambda;)V 14 <appendix> member <vmtarget> ; # com/sun/tools/javac/comp/ArgumentAttr$$Lambda+0x00000203d240c048
instanceKlass  @bci com/sun/tools/javac/jvm/Items$ImmediateItem ldc ()V 29 <appendix> argL0 ; # com/sun/tools/javac/jvm/Items$ImmediateItem$$Lambda+0x00000203d240b8e0
instanceKlass  @bci com/sun/tools/javac/jvm/Items$MemberItem load ()Lcom/sun/tools/javac/jvm/Items$Item; 14 <appendix> argL0 ; # com/sun/tools/javac/jvm/Items$MemberItem$$Lambda+0x00000203d240b6d0
instanceKlass com/sun/tools/javac/tree/TreeInfo$1
instanceKlass com/sun/tools/javac/comp/Resolve$MostSpecificCheck
instanceKlass  @bci com/sun/tools/javac/comp/DeferredAttr$FilterScanner <init> (Ljava/util/Set;)V 6 <appendix> member <vmtarget> ; # com/sun/tools/javac/comp/DeferredAttr$FilterScanner$$Lambda+0x00000203d240adc8
instanceKlass com/sun/tools/javac/comp/DeferredAttr$DeferredType$SpeculativeCache
instanceKlass  @bci com/sun/tools/javac/code/DeferredCompletionFailureHandler$2 uninstall ()V 9 <appendix> argL0 ; # com/sun/tools/javac/code/DeferredCompletionFailureHandler$2$$Lambda+0x00000203d2408200
instanceKlass com/sun/tools/javac/comp/Annotate$Queues
instanceKlass  @bci com/sun/tools/javac/comp/DeferredAttr$DeferredAttrDiagHandler <init> (Lcom/sun/tools/javac/util/Log;Lcom/sun/tools/javac/tree/JCTree;)V 3 <appendix> member <vmtarget> ; # com/sun/tools/javac/comp/DeferredAttr$DeferredAttrDiagHandler$$Lambda+0x00000203d2401c40
instanceKlass  @bci com/sun/tools/javac/comp/ArgumentAttr processArg (Lcom/sun/tools/javac/tree/JCTree$JCExpression;Ljava/util/function/Function;)V 16 <appendix> member <vmtarget> ; # com/sun/tools/javac/comp/ArgumentAttr$$Lambda+0x00000203d2403cf8
instanceKlass com/sun/tools/javac/comp/ArgumentAttr$UniquePos
instanceKlass  @bci com/sun/tools/javac/comp/ArgumentAttr visitApply (Lcom/sun/tools/javac/tree/JCTree$JCMethodInvocation;)V 14 <appendix> member <vmtarget> ; # com/sun/tools/javac/comp/ArgumentAttr$$Lambda+0x00000203d24038c0
instanceKlass com/sun/tools/javac/jvm/Code$Chain
instanceKlass com/sun/tools/javac/jvm/ClassWriter$StackMapTableFrame
instanceKlass com/sun/tools/javac/jvm/Code$StackMapFrame
instanceKlass  @bci com/sun/tools/javac/jvm/Gen visitTypeCast (Lcom/sun/tools/javac/tree/JCTree$JCTypeCast;)V 116 <appendix> argL0 ; # com/sun/tools/javac/jvm/Gen$$Lambda+0x00000203d2406c30
instanceKlass  @bci com/sun/tools/javac/comp/Lower addDefaultIfNeeded (ZZLcom/sun/tools/javac/util/List;)Lcom/sun/tools/javac/util/List; 14 <appendix> argL0 ; # com/sun/tools/javac/comp/Lower$$Lambda+0x00000203d24065a8
instanceKlass  @bci com/sun/tools/javac/comp/Lower addDefaultIfNeeded (ZZLcom/sun/tools/javac/util/List;)Lcom/sun/tools/javac/util/List; 4 <appendix> argL0 ; # com/sun/tools/javac/comp/Lower$$Lambda+0x00000203d2406378
instanceKlass java/util/EnumMap$EntryIterator$Entry
instanceKlass java/util/EnumMap$EnumMapIterator
instanceKlass  @bci com/sun/tools/javac/code/Type$UndetVar substBounds (Lcom/sun/tools/javac/util/List;Lcom/sun/tools/javac/util/List;Lcom/sun/tools/javac/code/Types;)V 19 <appendix> member <vmtarget> ; # com/sun/tools/javac/code/Type$UndetVar$$Lambda+0x00000203d2405668
instanceKlass  @cpi com/sun/tools/javac/code/Type$UndetVar 405 form vmentry <vmtarget> ; # java/lang/invoke/LambdaForm$DMH+0x00000203d2401400
instanceKlass com/sun/tools/javac/comp/Infer$BoundFilter
instanceKlass com/sun/tools/javac/util/GraphUtils$Tarjan
instanceKlass com/sun/tools/javac/util/GraphUtils
instanceKlass com/sun/tools/javac/util/GraphUtils$AbstractNode
instanceKlass com/sun/tools/javac/util/GraphUtils$DottableNode
instanceKlass com/sun/tools/javac/util/GraphUtils$Node
instanceKlass  @bci com/sun/tools/javac/comp/InferenceContext restvars ()Lcom/sun/tools/javac/util/List; 1 <appendix> argL0 ; # com/sun/tools/javac/comp/InferenceContext$$Lambda+0x00000203d23fe948
instanceKlass com/sun/tools/javac/comp/Infer$GraphSolver$InferenceGraph
instanceKlass  @bci com/sun/tools/javac/code/Types closureCollector (ZLjava/util/function/BiPredicate;)Ljava/util/stream/Collector; 18 <appendix> argL0 ; # com/sun/tools/javac/code/Types$$Lambda+0x00000203d23fe4f0
instanceKlass  @bci com/sun/tools/javac/code/Types closureCollector (ZLjava/util/function/BiPredicate;)Ljava/util/stream/Collector; 13 <appendix> argL0 ; # com/sun/tools/javac/code/Types$$Lambda+0x00000203d23fe2b8
instanceKlass  @bci com/sun/tools/javac/code/Types closureCollector (ZLjava/util/function/BiPredicate;)Ljava/util/stream/Collector; 8 <appendix> argL0 ; # com/sun/tools/javac/code/Types$$Lambda+0x00000203d23fe098
instanceKlass  @bci com/sun/tools/javac/code/Types closureCollector (ZLjava/util/function/BiPredicate;)Ljava/util/stream/Collector; 3 <adapter> ; # java/lang/invoke/LambdaForm$MH+0x00000203d2401000
# instanceKlass java/lang/invoke/LambdaForm$DMH+0x00000203d2400c00
instanceKlass  @bci com/sun/tools/javac/code/Types closureCollector (ZLjava/util/function/BiPredicate;)Ljava/util/stream/Collector; 3 <appendix> form vmentry <vmtarget> ; # java/lang/invoke/LambdaForm$DMH+0x00000203d2400800
instanceKlass  @bci com/sun/tools/javac/code/Types closureCollector (ZLjava/util/function/BiPredicate;)Ljava/util/stream/Collector; 3 <appendix> member <vmtarget> ; # com/sun/tools/javac/code/Types$$Lambda+0x00000203d23fde80
instanceKlass com/sun/tools/javac/code/Types$ClosureHolder
instanceKlass  @bci com/sun/tools/javac/comp/Infer$CheckUpperBounds apply (Lcom/sun/tools/javac/comp/InferenceContext;Lcom/sun/tools/javac/util/Warner;)V 40 <appendix> member <vmtarget> ; # com/sun/tools/javac/comp/Infer$CheckUpperBounds$$Lambda+0x00000203d23fda20
instanceKlass  @cpi com/sun/tools/javac/comp/Infer$CheckUpperBounds 177 form vmentry <vmtarget> ; # java/lang/invoke/LambdaForm$DMH+0x00000203d2400400
instanceKlass com/sun/tools/javac/comp/Infer$IncorporationBinaryOp
instanceKlass com/sun/tools/javac/comp/Infer$GraphSolver
instanceKlass com/sun/tools/javac/comp/Infer$LeafSolver
instanceKlass  @bci com/sun/tools/javac/comp/Check checkType (Lcom/sun/tools/javac/util/JCDiagnostic$DiagnosticPosition;Lcom/sun/tools/javac/code/Type;Lcom/sun/tools/javac/code/Type;Lcom/sun/tools/javac/comp/Check$CheckContext;)Lcom/sun/tools/javac/code/Type; 40 <appendix> member <vmtarget> ; # com/sun/tools/javac/comp/Check$$Lambda+0x00000203d23fc6f8
instanceKlass  @cpi com/sun/tools/javac/comp/Check 4211 form vmentry <vmtarget> ; # java/lang/invoke/LambdaForm$DMH+0x00000203d2400000
instanceKlass com/sun/tools/javac/comp/Infer$FreeTypeListener
instanceKlass  @bci com/sun/tools/javac/comp/InferenceContext boundedVars ()Lcom/sun/tools/javac/util/List; 1 <appendix> argL0 ; # com/sun/tools/javac/comp/InferenceContext$$Lambda+0x00000203d23fc2c8
instanceKlass  @bci java/util/ArrayDeque copyElements (Ljava/util/Collection;)V 2 <appendix> member <vmtarget> ; # java/util/ArrayDeque$$Lambda+0x00000203d22fbe98
instanceKlass  @bci com/sun/tools/javac/comp/Infer$CheckBounds <init> (Lcom/sun/tools/javac/comp/Infer;Lcom/sun/tools/javac/code/Type$UndetVar;Lcom/sun/tools/javac/code/Type;Lcom/sun/tools/javac/code/Type$UndetVar$InferenceBound;)V 4 <appendix> argL0 ; # com/sun/tools/javac/comp/Infer$CheckBounds$$Lambda+0x00000203d23fbc48
instanceKlass com/sun/tools/javac/comp/Infer$IncorporationAction
instanceKlass  @bci com/sun/tools/javac/comp/Attr bindingEnv (Lcom/sun/tools/javac/comp/Env;Lcom/sun/tools/javac/tree/JCTree;Lcom/sun/tools/javac/util/List;)Lcom/sun/tools/javac/comp/Env; 47 <appendix> member <vmtarget> ; # com/sun/tools/javac/comp/Attr$$Lambda+0x00000203d23f91b8
instanceKlass  @bci com/sun/tools/javac/comp/Attr handleSwitch (Lcom/sun/tools/javac/tree/JCTree;Lcom/sun/tools/javac/tree/JCTree$JCExpression;Lcom/sun/tools/javac/util/List;Ljava/util/function/BiConsumer;)V 217 <appendix> argL0 ; # com/sun/tools/javac/comp/Attr$$Lambda+0x00000203d23f8f78
instanceKlass  @bci com/sun/tools/javac/comp/Attr handleSwitch (Lcom/sun/tools/javac/tree/JCTree;Lcom/sun/tools/javac/tree/JCTree$JCExpression;Lcom/sun/tools/javac/util/List;Ljava/util/function/BiConsumer;)V 207 <appendix> argL0 ; # com/sun/tools/javac/comp/Attr$$Lambda+0x00000203d23f8d48
instanceKlass  @bci com/sun/tools/javac/comp/Attr visitSwitchExpression (Lcom/sun/tools/javac/tree/JCTree$JCSwitchExpression;)V 188 <appendix> member <vmtarget> ; # com/sun/tools/javac/comp/Attr$$Lambda+0x00000203d23f8b20
instanceKlass  @bci com/sun/tools/javac/jvm/Gen visitNewClass (Lcom/sun/tools/javac/tree/JCTree$JCNewClass;)V 49 <appendix> argL0 ; # com/sun/tools/javac/jvm/Gen$$Lambda+0x00000203d23f86b0
instanceKlass com/sun/tools/javac/jvm/PoolConstant$LoadableConstant$BasicConstant
instanceKlass  @bci com/sun/tools/javac/jvm/Items$MemberItem store ()V 14 <appendix> argL0 ; # com/sun/tools/javac/jvm/Items$MemberItem$$Lambda+0x00000203d23f7c90
instanceKlass java/util/function/ToIntBiFunction
instanceKlass com/sun/tools/javac/code/TypeAnnotationPosition$TypePathEntry
instanceKlass  @bci com/sun/tools/javac/comp/Attr visitClassDef (Lcom/sun/tools/javac/tree/JCTree$JCClassDecl;)V 206 <appendix> argL0 ; # com/sun/tools/javac/comp/Attr$$Lambda+0x00000203d23f6df0
instanceKlass com/sun/tools/javac/comp/ArgumentAttr$LocalCacheContext
instanceKlass  @bci com/sun/tools/javac/comp/Check checkOverride (Lcom/sun/tools/javac/tree/JCTree;Lcom/sun/tools/javac/code/Symbol$MethodSymbol;Lcom/sun/tools/javac/code/Symbol$MethodSymbol;Lcom/sun/tools/javac/code/Symbol$ClassSymbol;)V 819 <appendix> member <vmtarget> ; # com/sun/tools/javac/comp/Check$$Lambda+0x00000203d23f69d0
instanceKlass com/sun/tools/javac/code/Types$MethodFilter
instanceKlass com/sun/tools/javac/code/Types$CandidatesCache$Entry
instanceKlass sun/nio/fs/WindowsUriSupport
instanceKlass com/sun/tools/javac/jvm/ClassWriter$1
instanceKlass com/sun/tools/javac/jvm/PoolWriter$1
instanceKlass com/sun/tools/javac/jvm/PoolConstant$NameAndType
instanceKlass  @bci com/sun/tools/javac/model/FilteredMemberList iterator ()Ljava/util/Iterator; 4 <appendix> argL0 ; # com/sun/tools/javac/model/FilteredMemberList$$Lambda+0x00000203d23f5d28
instanceKlass com/sun/tools/javac/jvm/Code$LocalVar$Range
instanceKlass com/sun/tools/javac/jvm/Items
instanceKlass com/sun/tools/javac/jvm/Code$LocalVar
instanceKlass com/sun/tools/javac/jvm/Code$State
instanceKlass com/sun/tools/javac/jvm/Gen$GenContext
instanceKlass com/sun/tools/javac/jvm/Gen$3
instanceKlass com/sun/tools/javac/tree/TreeMaker$2
instanceKlass com/sun/tools/javac/comp/Lower$2
instanceKlass com/sun/tools/javac/comp/ThisEscapeAnalyzer$Ref
instanceKlass com/sun/tools/javac/util/Bits
instanceKlass com/sun/tools/javac/comp/Flow$BaseAnalyzer$PendingExit
instanceKlass com/sun/tools/javac/jvm/ClassReader$ParameterAnnotations
instanceKlass com/sun/tools/javac/code/Types$TypePair
instanceKlass com/sun/tools/javac/comp/Resolve$19
instanceKlass  @bci com/sun/tools/javac/util/JCDiagnostic$Factory normalize (Lcom/sun/tools/javac/util/JCDiagnostic$DiagnosticInfo;)Lcom/sun/tools/javac/util/JCDiagnostic$DiagnosticInfo; 20 <appendix> member <vmtarget> ; # com/sun/tools/javac/util/JCDiagnostic$Factory$$Lambda+0x00000203d23ec440
instanceKlass  @bci com/sun/tools/javac/code/Types$TypeMapping visit (Lcom/sun/tools/javac/util/List;Ljava/lang/Object;)Lcom/sun/tools/javac/util/List; 3 <appendix> member <vmtarget> ; # com/sun/tools/javac/code/Types$TypeMapping$$Lambda+0x00000203d23ec208
instanceKlass com/sun/tools/javac/comp/Resolve$MethodCheckContext
instanceKlass  @bci com/sun/tools/javac/code/Symtab getClassField (Lcom/sun/tools/javac/code/Type;Lcom/sun/tools/javac/code/Types;)Lcom/sun/tools/javac/code/Symbol$VarSymbol; 16 <appendix> member <vmtarget> ; # com/sun/tools/javac/code/Symtab$$Lambda+0x00000203d23eac60
instanceKlass com/sun/tools/javac/code/Types$UniqueType
instanceKlass  @bci com/sun/tools/javac/code/Types$MembersClosureCache$MembersScope combine (Ljava/util/function/Predicate;)Ljava/util/function/Predicate; 1 <appendix> member <vmtarget> ; # com/sun/tools/javac/code/Types$MembersClosureCache$MembersScope$$Lambda+0x00000203d23ea818
instanceKlass com/sun/tools/javac/comp/Resolve$6
instanceKlass  @bci com/sun/tools/javac/comp/Resolve superclasses (Lcom/sun/tools/javac/code/Type;)Ljava/lang/Iterable; 2 <appendix> member <vmtarget> ; # com/sun/tools/javac/comp/Resolve$$Lambda+0x00000203d23ea380
instanceKlass  @bci com/sun/tools/javac/comp/Check checkOverrideClashes (Lcom/sun/tools/javac/util/JCDiagnostic$DiagnosticPosition;Lcom/sun/tools/javac/code/Type;Lcom/sun/tools/javac/code/Symbol$MethodSymbol;)V 45 <appendix> member <vmtarget> ; # com/sun/tools/javac/comp/Check$$Lambda+0x00000203d23ea158
instanceKlass com/sun/tools/javac/comp/Check$ClashFilter
instanceKlass com/sun/tools/javac/code/Symbol$1
instanceKlass  @bci com/sun/tools/javac/code/Scope$CompoundScope lambda$getSymbols$1 (Ljava/util/function/Predicate;Lcom/sun/tools/javac/code/Scope$LookupKind;)Ljava/util/Iterator; 6 <appendix> member <vmtarget> ; # com/sun/tools/javac/code/Scope$CompoundScope$$Lambda+0x00000203d23e9ac8
instanceKlass  @bci com/sun/tools/javac/code/Scope$CompoundScope getSymbols (Ljava/util/function/Predicate;Lcom/sun/tools/javac/code/Scope$LookupKind;)Ljava/lang/Iterable; 3 <appendix> member <vmtarget> ; # com/sun/tools/javac/code/Scope$CompoundScope$$Lambda+0x00000203d23e9890
instanceKlass com/sun/tools/javac/comp/Check$DefaultMethodClashFilter
instanceKlass  @bci com/sun/tools/javac/comp/Attr attribClass (Lcom/sun/tools/javac/code/Symbol$ClassSymbol;)V 767 <appendix> argL0 ; # com/sun/tools/javac/comp/Attr$$Lambda+0x00000203d23e8fb8
instanceKlass  @bci com/sun/tools/javac/comp/Attr attribClass (Lcom/sun/tools/javac/code/Symbol$ClassSymbol;)V 757 <appendix> argL0 ; # com/sun/tools/javac/comp/Attr$$Lambda+0x00000203d23e8d78
instanceKlass com/sun/tools/javac/code/TypeAnnotations$TypeAnnotationPositions$1
instanceKlass  @bci com/sun/tools/javac/code/TypeAnnotations annotationTargetType (Lcom/sun/tools/javac/tree/JCTree;Lcom/sun/tools/javac/code/Attribute$Compound;Lcom/sun/tools/javac/code/Symbol;)Lcom/sun/tools/javac/code/TypeAnnotations$AnnotationType; 64 <appendix> member <vmtarget> ; # com/sun/tools/javac/code/TypeAnnotations$$Lambda+0x00000203d23e81e8
instanceKlass  @bci com/sun/tools/javac/code/TypeAnnotations annotationTargetType (Lcom/sun/tools/javac/tree/JCTree;Lcom/sun/tools/javac/code/Attribute$Compound;Lcom/sun/tools/javac/code/Symbol;)Lcom/sun/tools/javac/code/TypeAnnotations$AnnotationType; 50 <appendix> member <vmtarget> ; # com/sun/tools/javac/code/TypeAnnotations$$Lambda+0x00000203d23e7d88
instanceKlass  @bci com/sun/tools/javac/code/TypeAnnotations annotationTargets (Lcom/sun/tools/javac/code/Symbol$TypeSymbol;)Lcom/sun/tools/javac/util/List; 56 <appendix> argL0 ; # com/sun/tools/javac/code/TypeAnnotations$$Lambda+0x00000203d23e7910
instanceKlass com/sun/tools/javac/code/TypeAnnotationPosition
instanceKlass com/sun/tools/javac/code/Flags
instanceKlass  @bci com/sun/tools/javac/code/Type constValue ()Ljava/lang/Object; 3 <appendix> argL0 ; # com/sun/tools/javac/code/Type$$Lambda+0x00000203d23e6e40
instanceKlass com/sun/tools/javac/comp/Resolve$MethodResolutionContext$Candidate
instanceKlass com/sun/tools/javac/code/Types$ImplementationCache$Entry
instanceKlass  @bci com/sun/tools/javac/code/Types membersClosure (Lcom/sun/tools/javac/code/Type;Z)Lcom/sun/tools/javac/code/Scope$CompoundScope; 15 <appendix> member <vmtarget> ; # com/sun/tools/javac/code/Types$$Lambda+0x00000203d23e63b8
instanceKlass com/sun/tools/javac/comp/Resolve$LookupFilter
instanceKlass com/sun/tools/javac/comp/Resolve$MethodResolutionContext
instanceKlass com/sun/tools/javac/code/Types$25
instanceKlass com/sun/tools/javac/comp/TypeEnter$1
instanceKlass  @bci com/sun/tools/javac/comp/Check checkUniqueImport (Lcom/sun/tools/javac/util/JCDiagnostic$DiagnosticPosition;Lcom/sun/tools/javac/code/Scope;Lcom/sun/tools/javac/code/Scope;Lcom/sun/tools/javac/code/Scope;Lcom/sun/tools/javac/code/Symbol;Z)Z 2 <appendix> member <vmtarget> ; # com/sun/tools/javac/comp/Check$$Lambda+0x00000203d23e4c90
instanceKlass  @bci com/sun/tools/javac/comp/Check checkImportsUnique (Lcom/sun/tools/javac/tree/JCTree$JCCompilationUnit;)V 90 <appendix> argL0 ; # com/sun/tools/javac/comp/Check$$Lambda+0x00000203d23e4a50
instanceKlass  @bci com/sun/tools/javac/comp/TypeEnter complete (Lcom/sun/tools/javac/code/Symbol;)V 191 <appendix> argL0 ; # com/sun/tools/javac/comp/TypeEnter$$Lambda+0x00000203d23e4840
instanceKlass  @bci com/sun/tools/javac/code/TypeAnnotations validateTypeAnnotationsSignatures (Lcom/sun/tools/javac/comp/Env;Lcom/sun/tools/javac/tree/JCTree$JCClassDecl;)V 7 <appendix> member <vmtarget> ; # com/sun/tools/javac/code/TypeAnnotations$$Lambda+0x00000203d23e4628
instanceKlass  @bci com/sun/tools/javac/code/TypeAnnotations organizeTypeAnnotationsSignatures (Lcom/sun/tools/javac/comp/Env;Lcom/sun/tools/javac/tree/JCTree$JCClassDecl;)V 7 <appendix> member <vmtarget> ; # com/sun/tools/javac/code/TypeAnnotations$$Lambda+0x00000203d23e4410
instanceKlass  @bci com/sun/tools/javac/jvm/ClassReader$11 read (Lcom/sun/tools/javac/code/Symbol;I)V 74 <appendix> member <vmtarget> ; # com/sun/tools/javac/jvm/ClassReader$11$$Lambda+0x00000203d23e41f8
instanceKlass com/sun/tools/javac/util/Iterators$1
instanceKlass  @bci com/sun/tools/javac/code/Scope$FilterImportScope lambda$getSymbolsByName$3 (Lcom/sun/tools/javac/util/List;)Ljava/util/Iterator; 10 <appendix> member <vmtarget> ; # com/sun/tools/javac/code/Scope$FilterImportScope$$Lambda+0x00000203d23e3d60
instanceKlass  @bci com/sun/tools/javac/code/Scope$FilterImportScope lambda$getSymbolsByName$3 (Lcom/sun/tools/javac/util/List;)Ljava/util/Iterator; 1 <appendix> argL0 ; # com/sun/tools/javac/code/Scope$FilterImportScope$$Lambda+0x00000203d23e3b30
instanceKlass  @bci com/sun/tools/javac/code/Scope$FilterImportScope getSymbolsByName (Lcom/sun/tools/javac/util/Name;Ljava/util/function/Predicate;Lcom/sun/tools/javac/code/Scope$LookupKind;)Ljava/lang/Iterable; 62 <appendix> member <vmtarget> ; # com/sun/tools/javac/code/Scope$FilterImportScope$$Lambda+0x00000203d23e38f8
instanceKlass  @bci com/sun/tools/javac/code/Scope$CompoundScope lambda$getSymbolsByName$3 (Lcom/sun/tools/javac/util/Name;Ljava/util/function/Predicate;Lcom/sun/tools/javac/code/Scope$LookupKind;)Ljava/util/Iterator; 7 <appendix> member <vmtarget> ; # com/sun/tools/javac/code/Scope$CompoundScope$$Lambda+0x00000203d23e36c0
instanceKlass  @bci com/sun/tools/javac/code/Scope$CompoundScope getSymbolsByName (Lcom/sun/tools/javac/util/Name;Ljava/util/function/Predicate;Lcom/sun/tools/javac/code/Scope$LookupKind;)Ljava/lang/Iterable; 4 <appendix> member <vmtarget> ; # com/sun/tools/javac/code/Scope$CompoundScope$$Lambda+0x00000203d23e3488
instanceKlass  @bci com/sun/tools/javac/comp/Annotate queueScanTreeAndTypeAnnotate (Lcom/sun/tools/javac/tree/JCTree;Lcom/sun/tools/javac/comp/Env;Lcom/sun/tools/javac/code/Symbol;Lcom/sun/tools/javac/util/JCDiagnostic$DiagnosticPosition;)V 12 <appendix> member <vmtarget> ; # com/sun/tools/javac/comp/Annotate$$Lambda+0x00000203d23e3270
instanceKlass  @bci com/sun/tools/javac/comp/TypeEnter defaultConstructor (Lcom/sun/tools/javac/tree/TreeMaker;Lcom/sun/tools/javac/comp/TypeEnter$DefaultConstructorHelper;)Lcom/sun/tools/javac/tree/JCTree; 144 <appendix> member <vmtarget> ; # com/sun/tools/javac/comp/TypeEnter$$Lambda+0x00000203d23e3038
instanceKlass com/sun/tools/javac/comp/TypeEnter$BasicConstructorHelper
instanceKlass  @bci com/sun/tools/javac/comp/Annotate annotateLater (Lcom/sun/tools/javac/util/List;Lcom/sun/tools/javac/comp/Env;Lcom/sun/tools/javac/code/Symbol;Lcom/sun/tools/javac/util/JCDiagnostic$DiagnosticPosition;)V 32 <appendix> member <vmtarget> ; # com/sun/tools/javac/comp/Annotate$$Lambda+0x00000203d23e2bb0
instanceKlass  @bci com/sun/tools/javac/comp/Annotate annotateLater (Lcom/sun/tools/javac/util/List;Lcom/sun/tools/javac/comp/Env;Lcom/sun/tools/javac/code/Symbol;Lcom/sun/tools/javac/util/JCDiagnostic$DiagnosticPosition;)V 19 <appendix> member <vmtarget> ; # com/sun/tools/javac/comp/Annotate$$Lambda+0x00000203d23e2998
instanceKlass com/sun/tools/javac/code/SymbolMetadata
instanceKlass  @bci com/sun/tools/javac/code/Scope$NamedImportScope lambda$getSymbolsByName$1 ([Lcom/sun/tools/javac/code/Scope;Lcom/sun/tools/javac/util/Name;Ljava/util/function/Predicate;Lcom/sun/tools/javac/code/Scope$LookupKind;)Ljava/util/Iterator; 7 <appendix> member <vmtarget> ; # com/sun/tools/javac/code/Scope$NamedImportScope$$Lambda+0x00000203d23e2078
instanceKlass  @bci com/sun/tools/javac/code/Scope$NamedImportScope getSymbolsByName (Lcom/sun/tools/javac/util/Name;Ljava/util/function/Predicate;Lcom/sun/tools/javac/code/Scope$LookupKind;)Ljava/lang/Iterable; 29 <appendix> member <vmtarget> ; # com/sun/tools/javac/code/Scope$NamedImportScope$$Lambda+0x00000203d23e1e40
instanceKlass com/sun/tools/javac/code/Scope$ScopeImpl$2
instanceKlass  @bci com/sun/tools/javac/code/Scope$ScopeImpl getSymbolsByName (Lcom/sun/tools/javac/util/Name;Ljava/util/function/Predicate;Lcom/sun/tools/javac/code/Scope$LookupKind;)Ljava/lang/Iterable; 4 <appendix> member <vmtarget> ; # com/sun/tools/javac/code/Scope$ScopeImpl$$Lambda+0x00000203d23e19b0
instanceKlass com/sun/tools/javac/jvm/ClassReader$CompleterDeproxy
instanceKlass  @bci com/sun/tools/javac/jvm/ClassReader parameter (IILcom/sun/tools/javac/code/Type;Lcom/sun/tools/javac/code/Symbol$MethodSymbol;Ljava/util/Set;)Lcom/sun/tools/javac/code/Symbol$VarSymbol; 155 <appendix> member <vmtarget> ; # com/sun/tools/javac/jvm/ClassReader$$Lambda+0x00000203d23e1088
instanceKlass com/sun/tools/javac/jvm/ClassReader$AnnotationDeproxy
instanceKlass com/sun/tools/javac/jvm/ClassReader$ProxyVisitor
instanceKlass  @bci com/sun/tools/javac/jvm/ClassReader parameter (IILcom/sun/tools/javac/code/Type;Lcom/sun/tools/javac/code/Symbol$MethodSymbol;Ljava/util/Set;)Lcom/sun/tools/javac/code/Symbol$VarSymbol; 83 <appendix> member <vmtarget> ; # com/sun/tools/javac/jvm/ClassReader$$Lambda+0x00000203d23ddb38
instanceKlass com/sun/tools/javac/jvm/Code$1
instanceKlass com/sun/tools/javac/jvm/ClassReader$28
instanceKlass  @bci com/sun/tools/javac/jvm/PoolReader getType (I)Lcom/sun/tools/javac/code/Type; 14 <appendix> member <vmtarget> ; # com/sun/tools/javac/jvm/PoolReader$$Lambda+0x00000203d23df7d8
instanceKlass  @cpi com/sun/tools/javac/jvm/PoolReader 361 form vmentry <vmtarget> ; # java/lang/invoke/LambdaForm$DMH+0x00000203d23dc400
instanceKlass com/sun/tools/javac/util/Name$NameMapper
instanceKlass  @bci com/sun/tools/javac/code/Scope$ScopeImpl remove (Lcom/sun/tools/javac/code/Symbol;)V 21 <appendix> member <vmtarget> ; # com/sun/tools/javac/code/Scope$ScopeImpl$$Lambda+0x00000203d23df3a0
instanceKlass  @bci com/sun/tools/javac/jvm/ClassReader readInnerClasses (Lcom/sun/tools/javac/code/Symbol$ClassSymbol;)V 67 <appendix> member <vmtarget> ; # com/sun/tools/javac/jvm/ClassReader$$Lambda+0x00000203d23df188
instanceKlass  @bci com/sun/tools/javac/jvm/ClassReader readInnerClasses (Lcom/sun/tools/javac/code/Symbol$ClassSymbol;)V 41 <appendix> member <vmtarget> ; # com/sun/tools/javac/jvm/ClassReader$$Lambda+0x00000203d23def70
instanceKlass com/sun/tools/javac/jvm/ClassReader$SourceFileObject
instanceKlass  @bci com/sun/tools/javac/code/ClassFinder classFileNotFound (Lcom/sun/tools/javac/code/Symbol$ClassSymbol;)Lcom/sun/tools/javac/code/Symbol$CompletionFailure; 4 <appendix> member <vmtarget> ; # com/sun/tools/javac/code/ClassFinder$$Lambda+0x00000203d23de810
instanceKlass  @bci com/sun/tools/javac/code/ClassFinder loadClass (Lcom/sun/tools/javac/code/Symbol$ModuleSymbol;Lcom/sun/tools/javac/util/Name;)Lcom/sun/tools/javac/code/Symbol$ClassSymbol; 28 <appendix> member <vmtarget> ; # com/sun/tools/javac/code/ClassFinder$$Lambda+0x00000203d23de5f8
instanceKlass com/sun/tools/javac/comp/MatchBindingsComputer$1
instanceKlass  @bci com/sun/tools/javac/comp/Check checkDeprecated (Lcom/sun/tools/javac/util/JCDiagnostic$DiagnosticPosition;Lcom/sun/tools/javac/code/Symbol;Lcom/sun/tools/javac/code/Symbol;)V 2 <appendix> member <vmtarget> ; # com/sun/tools/javac/comp/Check$$Lambda+0x00000203d23de1e8
instanceKlass com/sun/tools/javac/comp/Attr$13
instanceKlass  @bci com/sun/tools/javac/code/Symtab lookupPackage (Lcom/sun/tools/javac/code/Symbol$ModuleSymbol;Lcom/sun/tools/javac/util/Name;Z)Lcom/sun/tools/javac/code/Symbol$PackageSymbol; 112 <appendix> member <vmtarget> ; # com/sun/tools/javac/code/Symtab$$Lambda+0x00000203d23db848
instanceKlass  @bci com/sun/tools/javac/code/Symtab lookupPackage (Lcom/sun/tools/javac/code/Symbol$ModuleSymbol;Lcom/sun/tools/javac/util/Name;Z)Lcom/sun/tools/javac/code/Symbol$PackageSymbol; 101 <appendix> argL0 ; # com/sun/tools/javac/code/Symtab$$Lambda+0x00000203d23db618
instanceKlass java/nio/file/FileTreeWalker$1
instanceKlass com/sun/tools/javac/code/Scope$FilterImportScope$SymbolImporter
instanceKlass com/sun/tools/javac/platform/JDKPlatformProvider$PlatformDescriptionImpl$1$1
instanceKlass  @bci com/sun/tools/javac/platform/JDKPlatformProvider$PlatformDescriptionImpl$1 list (Ljavax/tools/JavaFileManager$Location;Ljava/lang/String;Ljava/util/Set;Z)Ljava/lang/Iterable; 33 <appendix> member <vmtarget> ; # com/sun/tools/javac/platform/JDKPlatformProvider$PlatformDescriptionImpl$1$$Lambda+0x00000203d23da8e8
instanceKlass  @bci com/sun/tools/javac/comp/TypeEnter$ImportsPhase resolveImports (Lcom/sun/tools/javac/tree/JCTree$JCCompilationUnit;Lcom/sun/tools/javac/comp/Env;)V 89 <appendix> member <vmtarget> ; # com/sun/tools/javac/comp/TypeEnter$ImportsPhase$$Lambda+0x00000203d23da6d0
instanceKlass  @bci com/sun/tools/javac/comp/TypeEnter$ImportsPhase resolveImports (Lcom/sun/tools/javac/tree/JCTree$JCCompilationUnit;Lcom/sun/tools/javac/comp/Env;)V 77 <appendix> member <vmtarget> ; # com/sun/tools/javac/comp/TypeEnter$ImportsPhase$$Lambda+0x00000203d23da4b8
instanceKlass com/sun/tools/javac/code/Scope$ImportFilter
instanceKlass com/sun/tools/javac/comp/Check$6
instanceKlass com/sun/tools/javac/comp/AttrContext
instanceKlass  @bci com/sun/tools/javac/comp/Enter visitTopLevel (Lcom/sun/tools/javac/tree/JCTree$JCCompilationUnit;)V 287 <appendix> member <vmtarget> ; # com/sun/tools/javac/comp/Enter$$Lambda+0x00000203d23d8f90
instanceKlass  @cpi com/sun/tools/javac/comp/TypeEnter$ImportsPhase 646 form vmentry <vmtarget> ; # java/lang/invoke/LambdaForm$DMH+0x00000203d23dc000
instanceKlass  @bci com/sun/tools/javac/comp/Enter visitTopLevel (Lcom/sun/tools/javac/tree/JCTree$JCCompilationUnit;)V 273 <appendix> member <vmtarget> ; # com/sun/tools/javac/comp/Enter$$Lambda+0x00000203d23d8d48
instanceKlass com/sun/tools/javac/code/Scope$ScopeImpl$1
instanceKlass  @bci com/sun/tools/javac/code/Scope$ScopeImpl getSymbols (Ljava/util/function/Predicate;Lcom/sun/tools/javac/code/Scope$LookupKind;)Ljava/lang/Iterable; 3 <appendix> member <vmtarget> ; # com/sun/tools/javac/code/Scope$ScopeImpl$$Lambda+0x00000203d23d88b0
instanceKlass com/sun/tools/javac/code/ClassFinder$2
instanceKlass com/sun/tools/javac/code/ClassFinder$1
instanceKlass  @bci com/sun/tools/javac/code/ClassFinder list (Ljavax/tools/JavaFileManager$Location;Lcom/sun/tools/javac/code/Symbol$PackageSymbol;Ljava/lang/String;Ljava/util/Set;)Ljava/lang/Iterable; 26 <appendix> member <vmtarget> ; # com/sun/tools/javac/code/ClassFinder$$Lambda+0x00000203d23d8000
instanceKlass java/util/stream/AbstractSpinedBuffer
instanceKlass  @bci java/nio/file/Files asUncheckedRunnable (Ljava/io/Closeable;)Ljava/lang/Runnable; 1 <appendix> member <vmtarget> ; # java/nio/file/Files$$Lambda+0x00000203d22faa88
instanceKlass java/nio/file/Files$2
instanceKlass  @bci com/sun/tools/javac/file/JavacFileManager pathsAndContainers (Ljavax/tools/JavaFileManager$Location;Lcom/sun/tools/javac/file/RelativePath$RelativeDirectory;)Ljava/util/List; 22 <appendix> member <vmtarget> ; # com/sun/tools/javac/file/JavacFileManager$$Lambda+0x00000203d23d4c58
instanceKlass  @bci com/sun/tools/javac/file/JavacFileManager indexPathsAndContainersByRelativeDirectory (Ljavax/tools/JavaFileManager$Location;)Ljava/util/Map; 213 <appendix> argL0 ; # com/sun/tools/javac/file/JavacFileManager$$Lambda+0x00000203d23d4a38
instanceKlass  @bci com/sun/tools/javac/file/JavacFileManager indexPathsAndContainersByRelativeDirectory (Ljavax/tools/JavaFileManager$Location;)Ljava/util/Map; 167 <appendix> member <vmtarget> ; # com/sun/tools/javac/file/JavacFileManager$$Lambda+0x00000203d23d4800
instanceKlass  @bci jdk/nio/zipfs/ZipFileSystem lambda$createVersionedLinks$12 (Ljava/util/HashMap;Ljdk/nio/zipfs/ZipFileSystem$IndexNode;)V 8 <appendix> member <vmtarget> ; # jdk/nio/zipfs/ZipFileSystem$$Lambda+0x00000203d236a978
instanceKlass  @bci jdk/nio/zipfs/ZipFileSystem createVersionedLinks (I)V 48 <appendix> member <vmtarget> ; # jdk/nio/zipfs/ZipFileSystem$$Lambda+0x00000203d236a740
instanceKlass  @bci jdk/nio/zipfs/ZipFileSystem createVersionedLinks (I)V 36 <appendix> member <vmtarget> ; # jdk/nio/zipfs/ZipFileSystem$$Lambda+0x00000203d236a518
instanceKlass java/nio/file/Files$3
instanceKlass java/nio/file/SimpleFileVisitor
instanceKlass java/nio/file/FileVisitor
instanceKlass com/sun/tools/javac/file/JavacFileManager$ArchiveContainer
instanceKlass com/sun/tools/javac/file/JavacFileManager$PathAndContainer
instanceKlass  @bci com/sun/tools/javac/file/JavacFileManager pathsAndContainers (Ljavax/tools/JavaFileManager$Location;Lcom/sun/tools/javac/file/RelativePath$RelativeDirectory;)Ljava/util/List; 6 <appendix> member <vmtarget> ; # com/sun/tools/javac/file/JavacFileManager$$Lambda+0x00000203d23d5658
instanceKlass  @bci com/sun/tools/javac/code/ClassFinder fillIn (Lcom/sun/tools/javac/code/Symbol$PackageSymbol;)V 27 <appendix> member <vmtarget> ; # com/sun/tools/javac/code/ClassFinder$$Lambda+0x00000203d23d5440
instanceKlass  @bci com/sun/tools/javac/comp/Modules completeModule (Lcom/sun/tools/javac/code/Symbol$ModuleSymbol;)V 327 <appendix> member <vmtarget> ; # com/sun/tools/javac/comp/Modules$$Lambda+0x00000203d23d5228
instanceKlass  @bci com/sun/tools/javac/comp/Modules initVisiblePackages (Lcom/sun/tools/javac/code/Symbol$ModuleSymbol;Ljava/util/Collection;)V 103 <appendix> member <vmtarget> ; # com/sun/tools/javac/comp/Modules$$Lambda+0x00000203d23d5000
instanceKlass  @bci java/util/stream/Collectors joining (Ljava/lang/CharSequence;Ljava/lang/CharSequence;Ljava/lang/CharSequence;)Ljava/util/stream/Collector; 22 <appendix> argL0 ; # java/util/stream/Collectors$$Lambda+0x800000044
instanceKlass  @bci java/util/stream/Collectors joining (Ljava/lang/CharSequence;Ljava/lang/CharSequence;Ljava/lang/CharSequence;)Ljava/util/stream/Collector; 17 <appendix> argL0 ; # java/util/stream/Collectors$$Lambda+0x800000042
instanceKlass  @bci java/util/stream/Collectors joining (Ljava/lang/CharSequence;Ljava/lang/CharSequence;Ljava/lang/CharSequence;)Ljava/util/stream/Collector; 12 <appendix> argL0 ; # java/util/stream/Collectors$$Lambda+0x80000003f
instanceKlass  @bci java/util/stream/Collectors joining (Ljava/lang/CharSequence;Ljava/lang/CharSequence;Ljava/lang/CharSequence;)Ljava/util/stream/Collector; 7 <appendix> member <vmtarget> ; # java/util/stream/Collectors$$Lambda+0x800000047
instanceKlass  @bci com/sun/tools/javac/comp/Modules setupAllModules ()V 965 <appendix> argL0 ; # com/sun/tools/javac/comp/Modules$$Lambda+0x00000203d23d7c88
instanceKlass  @bci com/sun/tools/javac/comp/Modules setupAllModules ()V 955 <appendix> argL0 ; # com/sun/tools/javac/comp/Modules$$Lambda+0x00000203d23d7a48
instanceKlass  @bci com/sun/tools/javac/comp/Modules lambda$setupAllModules$8 (Lcom/sun/tools/javac/code/Symbol$ModuleSymbol;)Z 11 <appendix> argL0 ; # com/sun/tools/javac/comp/Modules$$Lambda+0x00000203d23d7808
instanceKlass  @bci com/sun/tools/javac/comp/Modules setupAllModules ()V 403 <appendix> argL0 ; # com/sun/tools/javac/comp/Modules$$Lambda+0x00000203d23d75c8
instanceKlass  @bci com/sun/tools/javac/comp/Modules setupAllModules ()V 332 <appendix> argL0 ; # com/sun/tools/javac/comp/Modules$$Lambda+0x00000203d23d7388
instanceKlass  @bci com/sun/tools/javac/comp/Modules setupAllModules ()V 288 <appendix> argL0 ; # com/sun/tools/javac/comp/Modules$$Lambda+0x00000203d23d7148
instanceKlass  @bci com/sun/tools/javac/comp/Modules setupAllModules ()V 282 <appendix> member <vmtarget> ; # com/sun/tools/javac/comp/Modules$$Lambda+0x00000203d23d6f00
instanceKlass  @bci com/sun/tools/javac/comp/Modules completeModule (Lcom/sun/tools/javac/code/Symbol$ModuleSymbol;)V 10 <appendix> member <vmtarget> ; # com/sun/tools/javac/comp/Modules$$Lambda+0x00000203d23d6cd8
instanceKlass com/sun/tools/javac/jvm/ClassReader$UsesProvidesCompleter
instanceKlass  @bci com/sun/tools/javac/jvm/ClassReader readClass (Lcom/sun/tools/javac/code/Symbol$ClassSymbol;)V 419 <appendix> member <vmtarget> ; # com/sun/tools/javac/jvm/ClassReader$$Lambda+0x00000203d23d6898
instanceKlass  @bci com/sun/tools/javac/util/List collector ()Ljava/util/stream/Collector; 15 <appendix> argL0 ; # com/sun/tools/javac/util/List$$Lambda+0x00000203d23d6668
instanceKlass  @bci com/sun/tools/javac/util/List collector ()Ljava/util/stream/Collector; 10 <appendix> argL0 ; # com/sun/tools/javac/util/List$$Lambda+0x00000203d23d6430
instanceKlass  @bci com/sun/tools/javac/util/List collector ()Ljava/util/stream/Collector; 5 <appendix> argL0 ; # com/sun/tools/javac/util/List$$Lambda+0x00000203d23d6210
instanceKlass  @bci com/sun/tools/javac/util/List collector ()Ljava/util/stream/Collector; 0 <appendix> argL0 ; # com/sun/tools/javac/util/List$$Lambda+0x00000203d23d6000
instanceKlass  @bci com/sun/tools/javac/code/Symbol$ClassSymbol getPermittedSubclasses ()Lcom/sun/tools/javac/util/List; 9 <appendix> argL0 ; # com/sun/tools/javac/code/Symbol$ClassSymbol$$Lambda+0x00000203d23d3bd8
instanceKlass com/sun/tools/javac/jvm/ClassReader$InterimProvidesDirective
instanceKlass  @bci com/sun/tools/javac/jvm/ClassReader$24 read (Lcom/sun/tools/javac/code/Symbol;I)V 1005 <appendix> member <vmtarget> ; # com/sun/tools/javac/jvm/ClassReader$24$$Lambda+0x00000203d23d35c0
instanceKlass  @bci com/sun/tools/javac/jvm/ClassReader$24 read (Lcom/sun/tools/javac/code/Symbol;I)V 947 <appendix> member <vmtarget> ; # com/sun/tools/javac/jvm/ClassReader$24$$Lambda+0x00000203d23d33a8
instanceKlass com/sun/tools/javac/jvm/ClassReader$InterimUsesDirective
instanceKlass  @bci com/sun/tools/javac/jvm/ClassReader$24 read (Lcom/sun/tools/javac/code/Symbol;I)V 858 <appendix> member <vmtarget> ; # com/sun/tools/javac/jvm/ClassReader$24$$Lambda+0x00000203d23d2f90
instanceKlass javax/lang/model/element/ModuleElement$ExportsDirective
instanceKlass  @bci com/sun/tools/javac/jvm/ClassReader$24 read (Lcom/sun/tools/javac/code/Symbol;I)V 170 <appendix> member <vmtarget> ; # com/sun/tools/javac/jvm/ClassReader$24$$Lambda+0x00000203d23d26f0
instanceKlass  @cpi com/sun/tools/javac/jvm/ClassReader$24 376 form vmentry <vmtarget> ; # java/lang/invoke/LambdaForm$DMH+0x00000203d23d4400
instanceKlass  @bci com/sun/tools/javac/jvm/ClassReader$24 read (Lcom/sun/tools/javac/code/Symbol;I)V 58 <appendix> member <vmtarget> ; # com/sun/tools/javac/jvm/ClassReader$24$$Lambda+0x00000203d23d24d8
instanceKlass  @cpi com/sun/tools/javac/jvm/ClassReader$24 369 form vmentry <vmtarget> ; # java/lang/invoke/LambdaForm$DMH+0x00000203d23d4000
instanceKlass com/sun/tools/javac/jvm/PoolReader$Utf8Mapper
instanceKlass com/sun/tools/javac/jvm/PoolReader$ImmutablePoolHelper
instanceKlass com/sun/tools/javac/jvm/PoolReader
instanceKlass com/sun/tools/javac/comp/Modules$3
instanceKlass com/sun/tools/javac/code/ModuleFinder$1
instanceKlass javax/tools/ForwardingFileObject
instanceKlass com/sun/tools/javac/file/JavacFileManager$DirectoryContainer
instanceKlass  @bci com/sun/tools/javac/comp/Modules initModules (Lcom/sun/tools/javac/util/List;)V 30 <appendix> member <vmtarget> ; # com/sun/tools/javac/comp/Modules$$Lambda+0x00000203d23d1058
instanceKlass com/sun/tools/javac/parser/JavacParser$LambdaClassifier
instanceKlass com/sun/tools/javac/util/Position$LineMapImpl
instanceKlass com/sun/tools/javac/util/Position$LineMap
instanceKlass com/sun/tools/javac/util/Position
instanceKlass  @bci com/sun/tools/javac/tree/TreeMaker TopLevel (Lcom/sun/tools/javac/util/List;)Lcom/sun/tools/javac/tree/JCTree$JCCompilationUnit; 110 <appendix> member <vmtarget> ; # com/sun/tools/javac/tree/TreeMaker$$Lambda+0x00000203d23ced20
instanceKlass com/sun/tools/javac/tree/TreeInfo$2
instanceKlass com/sun/tools/javac/tree/TreeInfo
instanceKlass  @bci com/sun/tools/javac/parser/JavacParser arguments ()Lcom/sun/tools/javac/util/List; 80 <appendix> argL0 ; # com/sun/tools/javac/parser/JavacParser$$Lambda+0x00000203d23cde60
instanceKlass com/sun/tools/javac/parser/JavacParser$2
instanceKlass  @bci com/sun/tools/javac/parser/JavacParser accept (Lcom/sun/tools/javac/parser/Tokens$TokenKind;)V 2 <appendix> argL0 ; # com/sun/tools/javac/parser/JavacParser$$Lambda+0x00000203d23cd618
instanceKlass com/sun/tools/javac/resources/CompilerProperties$Errors
instanceKlass com/sun/tools/javac/util/IntHashTable
instanceKlass com/sun/tools/javac/parser/LazyDocCommentTable
instanceKlass  @bci com/sun/tools/javac/parser/JavacParser <init> (Lcom/sun/tools/javac/parser/ParserFactory;Lcom/sun/tools/javac/parser/Lexer;ZZZZ)V 59 <appendix> argL0 ; # com/sun/tools/javac/parser/JavacParser$$Lambda+0x00000203d23ccd48
instanceKlass com/sun/tools/javac/parser/JavacParser$AbstractEndPosTable
instanceKlass com/sun/tools/javac/parser/JavacParser$ErrorRecoveryAction
instanceKlass com/sun/tools/javac/tree/EndPosTable
instanceKlass com/sun/tools/javac/parser/JavacParser
instanceKlass com/sun/tools/javac/parser/Scanner
instanceKlass com/sun/source/tree/LineMap
instanceKlass com/sun/tools/javac/file/BaseFileManager$ContentCacheEntry
instanceKlass com/sun/tools/javac/util/ArrayUtils
instanceKlass com/sun/tools/javac/util/DiagnosticSource
instanceKlass com/sun/tools/javac/main/JavaCompiler$InitialFileParser
instanceKlass com/sun/tools/javac/main/JavaCompiler$InitialFileParserIntf
instanceKlass com/sun/tools/javac/processing/JavacProcessingEnvironment$DiscoveredProcessors$ProcessorStateIterator
instanceKlass com/sun/tools/javac/processing/JavacProcessingEnvironment$DiscoveredProcessors
instanceKlass com/sun/tools/javac/util/Iterators$CompoundIterator
instanceKlass  @bci com/sun/tools/javac/processing/JavacProcessingEnvironment initProcessorIterator (Ljava/lang/Iterable;)V 256 <appendix> argL0 ; # com/sun/tools/javac/processing/JavacProcessingEnvironment$$Lambda+0x00000203d23c8b20
instanceKlass  @bci java/util/stream/ReferencePipeline toArray ()[Ljava/lang/Object; 1 <appendix> argL0 ; # java/util/stream/ReferencePipeline$$Lambda+0x00000203d22f9570
instanceKlass java/util/ImmutableCollections$Access$1
instanceKlass jdk/internal/access/JavaUtilCollectionAccess
instanceKlass java/util/ImmutableCollections$Access
instanceKlass  @bci com/sun/tools/javac/processing/JavacProcessingEnvironment initProcessorIterator (Ljava/lang/Iterable;)V 224 <appendix> argL0 ; # com/sun/tools/javac/processing/JavacProcessingEnvironment$$Lambda+0x00000203d23c88f0
instanceKlass com/sun/tools/javac/platform/PlatformDescription$PluginInfo
instanceKlass javax/annotation/processing/Processor
instanceKlass com/sun/tools/javac/processing/JavacProcessingEnvironment$ServiceIterator
instanceKlass com/sun/tools/javac/file/JavacFileManager$3
instanceKlass  @bci com/sun/tools/javac/file/JavacFileManager asFiles (Ljava/lang/Iterable;)Ljava/lang/Iterable; 7 <appendix> member <vmtarget> ; # com/sun/tools/javac/file/JavacFileManager$$Lambda+0x00000203d23c8000
instanceKlass com/sun/tools/javac/model/JavacTypes
instanceKlass com/sun/tools/javac/processing/JavacMessager
instanceKlass com/sun/tools/javac/processing/JavacFiler
instanceKlass com/sun/tools/javac/util/ForwardingDiagnosticFormatter$ForwardingConfiguration
instanceKlass com/sun/tools/javac/code/Types$DefaultSymbolVisitor
instanceKlass com/sun/tools/javac/util/ForwardingDiagnosticFormatter
instanceKlass  @bci com/sun/tools/javac/main/JavaCompiler <init> (Lcom/sun/tools/javac/util/Context;)V 400 <appendix> member <vmtarget> ; # com/sun/tools/javac/main/JavaCompiler$$Lambda+0x00000203d23c4c70
instanceKlass com/sun/tools/javac/code/ModuleFinder$ModuleNameFromSourceReader
instanceKlass  @bci com/sun/tools/javac/main/JavaCompiler <init> (Lcom/sun/tools/javac/util/Context;)V 387 <appendix> member <vmtarget> ; # com/sun/tools/javac/main/JavaCompiler$$Lambda+0x00000203d23c4868
instanceKlass com/sun/tools/javac/comp/Modules$PackageNameFinder
instanceKlass com/sun/tools/javac/api/MultiTaskListener
instanceKlass  @bci com/sun/tools/javac/code/ClassFinder <init> (Lcom/sun/tools/javac/util/Context;)V 330 <appendix> argL0 ; # com/sun/tools/javac/code/ClassFinder$$Lambda+0x00000203d23c4028
instanceKlass jdk/internal/jimage/ImageReader$Node
instanceKlass jdk/internal/jrtfs/SystemImage$2
instanceKlass  @bci jdk/internal/jrtfs/SystemImage <clinit> ()V 0 <appendix> argL0 ; # jdk/internal/jrtfs/SystemImage$$Lambda+0x00000203d22f81f0
instanceKlass jdk/internal/jrtfs/SystemImage
instanceKlass jdk/internal/jrtfs/JrtPath
instanceKlass com/sun/tools/javac/file/JRTIndex
instanceKlass com/sun/tools/javac/jvm/ClassReader$AttributeReader
instanceKlass com/sun/tools/javac/code/Preview$1
instanceKlass com/sun/tools/javac/comp/Analyzer$2
instanceKlass com/sun/tools/javac/comp/Analyzer$1
instanceKlass com/sun/tools/javac/comp/Analyzer$StatementAnalyzer
instanceKlass com/sun/tools/javac/comp/Analyzer$DeferredAnalysisHelper
instanceKlass com/sun/tools/javac/comp/Analyzer
instanceKlass  @bci com/sun/tools/javac/code/Symtab <init> (Lcom/sun/tools/javac/util/Context;)V 2295 <appendix> member <vmtarget> ; # com/sun/tools/javac/code/Symtab$$Lambda+0x00000203d23bf8c0
instanceKlass com/sun/tools/javac/code/Symtab$2
instanceKlass com/sun/tools/javac/code/Symtab$1
instanceKlass  @bci com/sun/tools/javac/code/Symtab doEnterClass (Lcom/sun/tools/javac/code/Symbol$ModuleSymbol;Lcom/sun/tools/javac/code/Symbol$ClassSymbol;)V 8 <appendix> argL0 ; # com/sun/tools/javac/code/Symtab$$Lambda+0x00000203d23bec08
instanceKlass  @bci com/sun/tools/javac/code/Symtab getClass (Lcom/sun/tools/javac/code/Symbol$ModuleSymbol;Lcom/sun/tools/javac/util/Name;)Lcom/sun/tools/javac/code/Symbol$ClassSymbol; 7 <appendix> member <vmtarget> ; # com/sun/tools/javac/code/Symtab$$Lambda+0x00000203d23be9f0
instanceKlass  @bci com/sun/tools/javac/code/Symtab enterPackage (Lcom/sun/tools/javac/code/Symbol$ModuleSymbol;Lcom/sun/tools/javac/util/Name;)Lcom/sun/tools/javac/code/Symbol$PackageSymbol; 29 <appendix> member <vmtarget> ; # com/sun/tools/javac/code/Symtab$$Lambda+0x00000203d23be7d8
instanceKlass com/sun/tools/javac/jvm/JNIWriter
instanceKlass com/sun/tools/javac/jvm/Code
instanceKlass com/sun/tools/javac/jvm/PoolWriter$WriteablePoolHelper
instanceKlass com/sun/tools/javac/code/Types$SignatureGenerator
instanceKlass com/sun/tools/javac/jvm/PoolWriter
instanceKlass com/sun/tools/javac/comp/ConstFold
instanceKlass  @bci com/sun/tools/javac/comp/Operators initBinaryOperators ()V 1049 <appendix> argL0 ; # com/sun/tools/javac/comp/Operators$$Lambda+0x00000203d23b7498
instanceKlass  @bci com/sun/tools/javac/comp/Operators initBinaryOperators ()V 951 <appendix> argL0 ; # com/sun/tools/javac/comp/Operators$$Lambda+0x00000203d23b7258
instanceKlass  @bci com/sun/tools/javac/comp/Operators initBinaryOperators ()V 855 <appendix> argL0 ; # com/sun/tools/javac/comp/Operators$$Lambda+0x00000203d23b7018
instanceKlass  @bci com/sun/tools/javac/comp/Operators$BinaryNumericOperator <init> (Lcom/sun/tools/javac/comp/Operators;Lcom/sun/tools/javac/tree/JCTree$Tag;)V 3 <appendix> argL0 ; # com/sun/tools/javac/comp/Operators$BinaryNumericOperator$$Lambda+0x00000203d23b6b70
instanceKlass  @bci com/sun/tools/javac/comp/Operators$BinaryOperatorHelper addBinaryOperator (Lcom/sun/tools/javac/comp/Operators$OperatorType;Lcom/sun/tools/javac/comp/Operators$OperatorType;Lcom/sun/tools/javac/comp/Operators$OperatorType;[I)Lcom/sun/tools/javac/comp/Operators$BinaryOperatorHelper; 11 <appendix> form vmentry <vmtarget> ; # java/lang/invoke/LambdaForm$DMH+0x00000203d23b8000
instanceKlass  @bci com/sun/tools/javac/comp/Operators$BinaryOperatorHelper addBinaryOperator (Lcom/sun/tools/javac/comp/Operators$OperatorType;Lcom/sun/tools/javac/comp/Operators$OperatorType;Lcom/sun/tools/javac/comp/Operators$OperatorType;[I)Lcom/sun/tools/javac/comp/Operators$BinaryOperatorHelper; 11 <appendix> member <vmtarget> ; # com/sun/tools/javac/comp/Operators$BinaryOperatorHelper$$Lambda+0x00000203d23b66f0
instanceKlass  @bci com/sun/tools/javac/comp/Operators initUnaryOperators ()V 180 <appendix> argL0 ; # com/sun/tools/javac/comp/Operators$$Lambda+0x00000203d23b5928
instanceKlass  @bci com/sun/tools/javac/comp/Operators$UnaryOperatorHelper addUnaryOperator (Lcom/sun/tools/javac/comp/Operators$OperatorType;Lcom/sun/tools/javac/comp/Operators$OperatorType;[I)Lcom/sun/tools/javac/comp/Operators$UnaryOperatorHelper; 9 <appendix> member <vmtarget> ; # com/sun/tools/javac/comp/Operators$UnaryOperatorHelper$$Lambda+0x00000203d23b5710
instanceKlass  @bci com/sun/tools/javac/comp/Operators$OperatorType <clinit> ()V 192 <appendix> argL0 ; # com/sun/tools/javac/comp/Operators$OperatorType$$Lambda+0x00000203d23b52f8
instanceKlass  @bci com/sun/tools/javac/comp/Operators$OperatorType <clinit> ()V 173 <appendix> argL0 ; # com/sun/tools/javac/comp/Operators$OperatorType$$Lambda+0x00000203d23b50c8
instanceKlass  @bci com/sun/tools/javac/comp/Operators$OperatorType <clinit> ()V 154 <appendix> argL0 ; # com/sun/tools/javac/comp/Operators$OperatorType$$Lambda+0x00000203d23b4e98
instanceKlass  @bci com/sun/tools/javac/comp/Operators$OperatorType <clinit> ()V 135 <appendix> argL0 ; # com/sun/tools/javac/comp/Operators$OperatorType$$Lambda+0x00000203d23b4c68
instanceKlass  @bci com/sun/tools/javac/comp/Operators$OperatorType <clinit> ()V 116 <appendix> argL0 ; # com/sun/tools/javac/comp/Operators$OperatorType$$Lambda+0x00000203d23b4a38
instanceKlass  @bci com/sun/tools/javac/comp/Operators$OperatorType <clinit> ()V 97 <appendix> argL0 ; # com/sun/tools/javac/comp/Operators$OperatorType$$Lambda+0x00000203d23b4808
instanceKlass  @bci com/sun/tools/javac/comp/Operators$OperatorType <clinit> ()V 79 <appendix> argL0 ; # com/sun/tools/javac/comp/Operators$OperatorType$$Lambda+0x00000203d23b45d8
instanceKlass  @bci com/sun/tools/javac/comp/Operators$OperatorType <clinit> ()V 61 <appendix> argL0 ; # com/sun/tools/javac/comp/Operators$OperatorType$$Lambda+0x00000203d23b43a8
instanceKlass  @bci com/sun/tools/javac/comp/Operators$OperatorType <clinit> ()V 43 <appendix> argL0 ; # com/sun/tools/javac/comp/Operators$OperatorType$$Lambda+0x00000203d23b4178
instanceKlass  @bci com/sun/tools/javac/comp/Operators$OperatorType <clinit> ()V 25 <appendix> argL0 ; # com/sun/tools/javac/comp/Operators$OperatorType$$Lambda+0x00000203d23b3f48
instanceKlass  @bci com/sun/tools/javac/comp/Operators$OperatorType <clinit> ()V 7 <appendix> argL0 ; # com/sun/tools/javac/comp/Operators$OperatorType$$Lambda+0x00000203d23b3d18
instanceKlass  @bci com/sun/tools/javac/comp/Operators$UnaryNumericOperator <init> (Lcom/sun/tools/javac/comp/Operators;Lcom/sun/tools/javac/tree/JCTree$Tag;)V 3 <appendix> argL0 ; # com/sun/tools/javac/comp/Operators$UnaryNumericOperator$$Lambda+0x00000203d23b38a0
instanceKlass  @bci com/sun/tools/javac/code/Symbol$MethodSymbol <clinit> ()V 0 <appendix> argL0 ; # com/sun/tools/javac/code/Symbol$MethodSymbol$$Lambda+0x00000203d23b3028
instanceKlass com/sun/tools/javac/comp/Operators$OperatorHelper
instanceKlass com/sun/tools/javac/comp/Operators
instanceKlass com/sun/tools/javac/comp/Lower$EnumMapping
instanceKlass com/sun/tools/javac/jvm/PoolConstant$Dynamic
instanceKlass com/sun/tools/javac/jvm/StringConcat
instanceKlass com/sun/tools/javac/jvm/Items$Item
instanceKlass com/sun/tools/javac/jvm/Gen$GenFinalizer
instanceKlass com/sun/tools/javac/jvm/ClassWriter$AttributeWriter
instanceKlass com/sun/tools/javac/jvm/ClassFile
instanceKlass com/sun/tools/javac/code/ModuleFinder$ModuleLocationIterator
instanceKlass com/sun/tools/javac/code/ModuleFinder
instanceKlass com/sun/tools/javac/comp/Flow$PatternDescription
instanceKlass com/sun/tools/javac/comp/Flow
instanceKlass com/sun/tools/javac/comp/Infer$GraphStrategy
instanceKlass com/sun/tools/javac/comp/InferenceContext
instanceKlass com/sun/tools/javac/comp/Infer$IncorporationEngine
instanceKlass com/sun/tools/javac/code/Type$UndetVar$UndetVarListener
instanceKlass javax/lang/model/element/TypeParameterElement
instanceKlass com/sun/tools/javac/comp/Infer
instanceKlass com/sun/tools/javac/parser/UnicodeReader
instanceKlass com/sun/tools/javac/parser/ScannerFactory
instanceKlass com/sun/tools/javac/util/MandatoryWarningHandler
instanceKlass com/sun/tools/javac/code/Preview
instanceKlass com/sun/tools/javac/parser/Tokens$Token
instanceKlass com/sun/tools/javac/parser/Tokens
instanceKlass com/sun/tools/javac/tree/DocTreeMaker$SentenceBreaker
instanceKlass com/sun/tools/javac/parser/ReferenceParser
instanceKlass com/sun/tools/javac/model/JavacElements
instanceKlass com/sun/source/doctree/DocTreeVisitor
instanceKlass com/sun/tools/javac/tree/DocCommentTable
instanceKlass com/sun/source/util/DocSourcePositions
instanceKlass com/sun/source/tree/Scope
instanceKlass com/sun/source/util/SourcePositions
instanceKlass com/sun/source/doctree/SeeTree
instanceKlass com/sun/source/doctree/DocRootTree
instanceKlass com/sun/source/doctree/SinceTree
instanceKlass com/sun/source/doctree/SerialFieldTree
instanceKlass com/sun/source/doctree/SnippetTree
instanceKlass com/sun/source/doctree/InheritDocTree
instanceKlass com/sun/source/doctree/UsesTree
instanceKlass com/sun/source/doctree/IndexTree
instanceKlass com/sun/source/doctree/DeprecatedTree
instanceKlass com/sun/source/doctree/VersionTree
instanceKlass com/sun/source/doctree/AuthorTree
instanceKlass com/sun/source/doctree/HiddenTree
instanceKlass com/sun/source/doctree/IdentifierTree
instanceKlass com/sun/source/doctree/EscapeTree
instanceKlass com/sun/source/doctree/CommentTree
instanceKlass com/sun/source/doctree/DocTypeTree
instanceKlass com/sun/source/doctree/ParamTree
instanceKlass com/sun/source/doctree/SpecTree
instanceKlass com/sun/source/doctree/EntityTree
instanceKlass com/sun/source/doctree/SummaryTree
instanceKlass com/sun/source/doctree/EndElementTree
instanceKlass com/sun/source/doctree/SerialTree
instanceKlass com/sun/source/doctree/LinkTree
instanceKlass com/sun/source/doctree/ProvidesTree
instanceKlass com/sun/source/doctree/LiteralTree
instanceKlass com/sun/source/doctree/ErroneousTree
instanceKlass com/sun/source/doctree/TextTree
instanceKlass com/sun/source/doctree/AttributeTree
instanceKlass com/sun/source/doctree/SerialDataTree
instanceKlass com/sun/source/doctree/ThrowsTree
instanceKlass com/sun/source/doctree/ValueTree
instanceKlass com/sun/source/doctree/ReturnTree
instanceKlass com/sun/source/doctree/ReferenceTree
instanceKlass com/sun/tools/javac/parser/Tokens$Comment
instanceKlass com/sun/source/doctree/DocCommentTree
instanceKlass com/sun/source/doctree/UnknownBlockTagTree
instanceKlass com/sun/source/doctree/BlockTagTree
instanceKlass com/sun/source/doctree/UnknownInlineTagTree
instanceKlass com/sun/source/doctree/StartElementTree
instanceKlass com/sun/source/doctree/SystemPropertyTree
instanceKlass com/sun/source/doctree/InlineTagTree
instanceKlass com/sun/source/doctree/DocTree
instanceKlass com/sun/tools/javac/tree/DocTreeMaker
instanceKlass com/sun/source/util/DocTreeFactory
instanceKlass com/sun/tools/javac/parser/Lexer
instanceKlass com/sun/tools/javac/parser/ParserFactory
instanceKlass com/sun/tools/javac/util/Dependencies
instanceKlass com/sun/tools/javac/comp/TypeEnvs
instanceKlass com/sun/tools/javac/code/TypeAnnotations
instanceKlass com/sun/tools/javac/code/DeferredLintHandler$1
instanceKlass com/sun/tools/javac/code/DeferredLintHandler
instanceKlass  @bci com/sun/tools/javac/comp/TypeEnter$ImportsPhase <init> (Lcom/sun/tools/javac/comp/TypeEnter;)V 23 <appendix> member <vmtarget> ; # com/sun/tools/javac/comp/TypeEnter$ImportsPhase$$Lambda+0x00000203d239cfc8
instanceKlass com/sun/tools/javac/comp/TypeEnter$DefaultConstructorHelper
instanceKlass com/sun/tools/javac/util/GraphUtils$DependencyKind
instanceKlass com/sun/tools/javac/comp/TypeEnter$Phase
instanceKlass com/sun/tools/javac/comp/TypeEnter
instanceKlass  @bci com/sun/tools/javac/code/Types <init> (Lcom/sun/tools/javac/util/Context;)V 360 <appendix> argL0 ; # com/sun/tools/javac/code/Types$$Lambda+0x00000203d239aa50
instanceKlass com/sun/tools/javac/code/Types$CandidatesCache
instanceKlass com/sun/tools/javac/code/Types$ImplementationCache
instanceKlass com/sun/tools/javac/code/Types$3
instanceKlass com/sun/tools/javac/code/Types$DescriptorCache
instanceKlass com/sun/tools/javac/code/Types
instanceKlass com/sun/tools/javac/tree/TreeMaker$AnnotationBuilder
instanceKlass com/sun/tools/javac/tree/TreeMaker
instanceKlass com/sun/tools/javac/tree/JCTree$Factory
instanceKlass com/sun/tools/javac/comp/DeferredAttr$4
instanceKlass com/sun/tools/javac/tree/TreeCopier
instanceKlass com/sun/tools/javac/comp/DeferredAttr$DeferredAttrContext
instanceKlass com/sun/tools/javac/comp/DeferredAttr$DeferredStuckPolicy
instanceKlass com/sun/tools/javac/comp/AttrRecover
instanceKlass com/sun/tools/javac/comp/Resolve$ReferenceLookupResult
instanceKlass com/sun/tools/javac/api/Formattable$LocalizedString
instanceKlass com/sun/tools/javac/comp/Resolve$10
instanceKlass com/sun/tools/javac/comp/Resolve$9
instanceKlass com/sun/tools/javac/comp/Resolve$8
instanceKlass  @bci com/sun/tools/javac/comp/Resolve <init> (Lcom/sun/tools/javac/util/Context;)V 96 <appendix> member <vmtarget> ; # com/sun/tools/javac/comp/Resolve$$Lambda+0x00000203d238b760
instanceKlass  @bci com/sun/tools/javac/comp/Resolve <init> (Lcom/sun/tools/javac/util/Context;)V 86 <appendix> member <vmtarget> ; # com/sun/tools/javac/comp/Resolve$$Lambda+0x00000203d238b548
instanceKlass com/sun/tools/javac/comp/Resolve$7
instanceKlass  @bci com/sun/tools/javac/comp/Resolve <init> (Lcom/sun/tools/javac/util/Context;)V 64 <appendix> argL0 ; # com/sun/tools/javac/comp/Resolve$$Lambda+0x00000203d238b118
instanceKlass com/sun/tools/javac/comp/Env
instanceKlass com/sun/tools/javac/comp/Resolve$AbstractMethodCheck
instanceKlass com/sun/tools/javac/comp/Resolve$2
instanceKlass com/sun/tools/javac/code/Scope$ScopeListener
instanceKlass com/sun/tools/javac/comp/Resolve$LookupHelper
instanceKlass com/sun/tools/javac/comp/Resolve$ReferenceChooser
instanceKlass com/sun/tools/javac/comp/Resolve$LogResolveHelper
instanceKlass com/sun/tools/javac/comp/Resolve$RecoveryLoadClass
instanceKlass com/sun/tools/javac/comp/Resolve
instanceKlass  @bci com/sun/tools/javac/comp/Check <init> (Lcom/sun/tools/javac/util/Context;)V 62 <appendix> argL0 ; # com/sun/tools/javac/comp/Check$$Lambda+0x00000203d2382ca0
instanceKlass com/sun/tools/javac/comp/Check$1
instanceKlass com/sun/tools/javac/util/Warner
instanceKlass com/sun/tools/javac/comp/Check
instanceKlass com/sun/tools/javac/comp/Modules$1
instanceKlass  @bci com/sun/tools/javac/comp/Modules <clinit> ()V 0 <appendix> argL0 ; # com/sun/tools/javac/comp/Modules$$Lambda+0x00000203d237fc40
instanceKlass com/sun/tools/javac/util/Iterators
instanceKlass com/sun/tools/javac/code/Directive
instanceKlass javax/lang/model/element/ModuleElement$RequiresDirective
instanceKlass javax/lang/model/element/ModuleElement$Directive
instanceKlass  @bci com/sun/tools/javac/code/Symtab enterModule (Lcom/sun/tools/javac/util/Name;)Lcom/sun/tools/javac/code/Symbol$ModuleSymbol; 37 <appendix> member <vmtarget> ; # com/sun/tools/javac/code/Symtab$$Lambda+0x00000203d237ec08
instanceKlass  @bci com/sun/tools/javac/code/Symtab addRootPackageFor (Lcom/sun/tools/javac/code/Symbol$ModuleSymbol;)V 36 <appendix> member <vmtarget> ; # com/sun/tools/javac/code/Symtab$$Lambda+0x00000203d237e9e0
instanceKlass  @bci com/sun/tools/javac/code/Symtab doEnterPackage (Lcom/sun/tools/javac/code/Symbol$ModuleSymbol;Lcom/sun/tools/javac/code/Symbol$PackageSymbol;)V 8 <appendix> argL0 ; # com/sun/tools/javac/code/Symtab$$Lambda+0x00000203d237e7b0
instanceKlass com/sun/tools/javac/code/Scope$ScopeListenerList
instanceKlass com/sun/tools/javac/code/Scope$Entry
instanceKlass com/sun/tools/javac/comp/Annotate$AnnotationTypeMetadata
instanceKlass com/sun/tools/javac/api/Formattable
instanceKlass com/sun/tools/javac/code/Kinds$KindSelector
instanceKlass com/sun/tools/javac/code/MissingInfoHandler
instanceKlass com/sun/tools/javac/code/TypeMetadata
instanceKlass javax/lang/model/type/NullType
instanceKlass com/sun/tools/javac/code/Symtab
instanceKlass com/sun/tools/javac/comp/MatchBindingsComputer$MatchBindings
instanceKlass com/sun/source/util/SimpleTreeVisitor
instanceKlass javax/lang/model/element/RecordComponentElement
instanceKlass com/sun/tools/javac/comp/Check$NestedCheckContext
instanceKlass javax/lang/model/type/UnionType
instanceKlass com/sun/tools/javac/comp/Resolve$MethodCheck
instanceKlass com/sun/tools/javac/comp/Attr$ResultInfo
instanceKlass com/sun/tools/javac/code/Types$DefaultTypeVisitor
instanceKlass javax/lang/model/type/IntersectionType
instanceKlass com/sun/tools/javac/comp/Annotate$2
instanceKlass com/sun/tools/javac/comp/Check$CheckContext
instanceKlass javax/lang/model/element/AnnotationMirror
instanceKlass com/sun/tools/javac/comp/Annotate
instanceKlass com/sun/tools/javac/util/ByteBuffer
instanceKlass com/sun/tools/javac/code/Attribute
instanceKlass javax/lang/model/element/AnnotationValue
instanceKlass javax/lang/model/type/PrimitiveType
instanceKlass com/sun/tools/javac/comp/Annotate$AnnotationTypeCompleter
instanceKlass com/sun/tools/javac/jvm/ClassReader
instanceKlass  @bci com/sun/tools/javac/code/ClassFinder <init> (Lcom/sun/tools/javac/util/Context;)V 23 <appendix> member <vmtarget> ; # com/sun/tools/javac/code/ClassFinder$$Lambda+0x00000203d23613a0
instanceKlass com/sun/tools/javac/code/Scope
instanceKlass com/sun/tools/javac/code/ClassFinder
instanceKlass com/sun/tools/javac/util/Convert
instanceKlass com/sun/tools/javac/util/Name
instanceKlass javax/lang/model/element/Name
instanceKlass com/sun/tools/javac/util/Name$Table
instanceKlass com/sun/tools/javac/util/Names
instanceKlass com/sun/tools/javac/code/Symbol$Completer$1
instanceKlass  @bci com/sun/tools/javac/main/JavaCompiler <init> (Lcom/sun/tools/javac/util/Context;)V 6 <appendix> member <vmtarget> ; # com/sun/tools/javac/main/JavaCompiler$$Lambda+0x00000203d235eaa8
instanceKlass javax/lang/model/element/ModuleElement
instanceKlass javax/lang/model/element/PackageElement
instanceKlass com/sun/tools/javac/main/JavaCompiler
instanceKlass com/sun/tools/javac/code/Lint$AugmentVisitor
instanceKlass com/sun/tools/javac/code/Attribute$Visitor
instanceKlass javax/lang/model/element/TypeElement
instanceKlass javax/lang/model/element/QualifiedNameable
instanceKlass com/sun/source/tree/BlockTree
instanceKlass com/sun/source/tree/YieldTree
instanceKlass com/sun/source/tree/UsesTree
instanceKlass com/sun/source/tree/ThrowTree
instanceKlass com/sun/source/tree/UnaryTree
instanceKlass com/sun/source/tree/CatchTree
instanceKlass com/sun/source/tree/OpensTree
instanceKlass com/sun/source/tree/BreakTree
instanceKlass com/sun/source/tree/IfTree
instanceKlass com/sun/source/tree/TryTree
instanceKlass com/sun/source/tree/CaseTree
instanceKlass com/sun/source/tree/IdentifierTree
instanceKlass com/sun/source/tree/EmptyStatementTree
instanceKlass com/sun/source/tree/ExpressionStatementTree
instanceKlass com/sun/source/tree/MethodInvocationTree
instanceKlass com/sun/source/tree/CompoundAssignmentTree
instanceKlass com/sun/source/tree/ArrayTypeTree
instanceKlass com/sun/source/tree/ModuleTree
instanceKlass com/sun/source/tree/PrimitiveTypeTree
instanceKlass com/sun/source/tree/AssignmentTree
instanceKlass com/sun/source/tree/LabeledStatementTree
instanceKlass com/sun/source/tree/MemberSelectTree
instanceKlass com/sun/source/tree/ParenthesizedTree
instanceKlass com/sun/source/tree/MethodTree
instanceKlass com/sun/source/tree/ConditionalExpressionTree
instanceKlass com/sun/source/tree/VariableTree
instanceKlass com/sun/source/tree/EnhancedForLoopTree
instanceKlass com/sun/source/tree/UnionTypeTree
instanceKlass com/sun/source/tree/ParameterizedTypeTree
instanceKlass com/sun/source/tree/InstanceOfTree
instanceKlass com/sun/source/tree/LambdaExpressionTree
instanceKlass com/sun/source/tree/ClassTree
instanceKlass com/sun/source/tree/DeconstructionPatternTree
instanceKlass com/sun/source/tree/MemberReferenceTree
instanceKlass com/sun/source/tree/DoWhileLoopTree
instanceKlass com/sun/source/tree/ArrayAccessTree
instanceKlass com/sun/source/tree/PackageTree
instanceKlass com/sun/source/tree/IntersectionTypeTree
instanceKlass com/sun/source/tree/ConstantCaseLabelTree
instanceKlass com/sun/source/tree/BindingPatternTree
instanceKlass com/sun/source/tree/StringTemplateTree
instanceKlass com/sun/source/tree/SwitchExpressionTree
instanceKlass com/sun/source/tree/DefaultCaseLabelTree
instanceKlass com/sun/source/tree/PatternCaseLabelTree
instanceKlass com/sun/source/tree/CaseLabelTree
instanceKlass com/sun/source/tree/TypeParameterTree
instanceKlass com/sun/source/tree/RequiresTree
instanceKlass com/sun/source/tree/ErroneousTree
instanceKlass com/sun/source/tree/ProvidesTree
instanceKlass com/sun/source/tree/AnnotatedTypeTree
instanceKlass com/sun/source/tree/ExportsTree
instanceKlass com/sun/source/tree/DirectiveTree
instanceKlass com/sun/source/tree/LiteralTree
instanceKlass com/sun/source/tree/ModifiersTree
instanceKlass com/sun/source/tree/NewClassTree
instanceKlass com/sun/source/tree/AnyPatternTree
instanceKlass com/sun/source/tree/PatternTree
instanceKlass com/sun/source/tree/TypeCastTree
instanceKlass com/sun/source/tree/BinaryTree
instanceKlass com/sun/source/tree/ContinueTree
instanceKlass com/sun/source/tree/ForLoopTree
instanceKlass com/sun/source/tree/NewArrayTree
instanceKlass com/sun/source/tree/AssertTree
instanceKlass com/sun/source/tree/ReturnTree
instanceKlass com/sun/source/tree/SynchronizedTree
instanceKlass com/sun/source/tree/SwitchTree
instanceKlass com/sun/source/tree/WhileLoopTree
instanceKlass com/sun/source/tree/StatementTree
instanceKlass com/sun/source/tree/ImportTree
instanceKlass com/sun/source/tree/AnnotationTree
instanceKlass com/sun/source/tree/WildcardTree
instanceKlass javax/annotation/processing/Filer
instanceKlass javax/annotation/processing/Messager
instanceKlass javax/annotation/processing/RoundEnvironment
instanceKlass com/sun/tools/javac/tree/JCTree$Visitor
instanceKlass com/sun/tools/javac/processing/JavacProcessingEnvironment
instanceKlass javax/annotation/processing/ProcessingEnvironment
instanceKlass  @bci javax/lang/model/SourceVersion getLatestSupported ()Ljavax/lang/model/SourceVersion; 19 <appendix> form vmentry <vmtarget> ; # java/lang/invoke/LambdaForm$MH+0x00000203d2345400
instanceKlass  @bci javax/lang/model/SourceVersion getLatestSupported ()Ljavax/lang/model/SourceVersion; 19 <appendix> argL3 form vmentry <vmtarget> ; # java/lang/invoke/LambdaForm$MH+0x00000203d2345000
# instanceKlass java/lang/invoke/LambdaForm$MH+0x00000203d2344c00
# instanceKlass java/lang/invoke/LambdaForm$MH+0x00000203d2344800
instanceKlass  @bci javax/lang/model/SourceVersion getLatestSupported ()Ljavax/lang/model/SourceVersion; 19 <appendix> argL1 form vmentry <vmtarget> ; # java/lang/invoke/LambdaForm$MH+0x00000203d2344400
# instanceKlass java/lang/invoke/LambdaForm$MH+0x00000203d2344000
instanceKlass  @bci com/sun/tools/javac/main/Arguments validate ()Z 1363 <appendix> member <vmtarget> ; # com/sun/tools/javac/main/Arguments$$Lambda+0x00000203d2340a88
instanceKlass  @bci com/sun/tools/javac/main/Arguments validate ()Z 1273 <appendix> member <vmtarget> ; # com/sun/tools/javac/main/Arguments$$Lambda+0x00000203d2340870
instanceKlass com/sun/tools/javac/util/Pair
instanceKlass  @bci com/sun/tools/javac/code/DeferredCompletionFailureHandler$1 uninstall ()V 9 <appendix> argL0 ; # com/sun/tools/javac/code/DeferredCompletionFailureHandler$1$$Lambda+0x00000203d2340450
instanceKlass  @bci com/sun/tools/javac/api/JavacTaskImpl doCall ()Lcom/sun/tools/javac/main/Main$Result; 2 <appendix> member <vmtarget> ; # com/sun/tools/javac/api/JavacTaskImpl$$Lambda+0x00000203d2340238
instanceKlass  @bci com/sun/tools/javac/code/DeferredCompletionFailureHandler$1 install ()V 9 <appendix> argL0 ; # com/sun/tools/javac/code/DeferredCompletionFailureHandler$1$$Lambda+0x00000203d233fc08
instanceKlass com/sun/tools/javac/code/DeferredCompletionFailureHandler$FlipSymbolDescription
instanceKlass com/sun/tools/javac/code/DeferredCompletionFailureHandler$3
instanceKlass com/sun/tools/javac/code/DeferredCompletionFailureHandler$2
instanceKlass com/sun/tools/javac/code/Symbol$Completer
instanceKlass com/sun/tools/javac/code/DeferredCompletionFailureHandler$1
instanceKlass com/sun/tools/javac/code/DeferredCompletionFailureHandler$Handler
instanceKlass com/sun/tools/javac/code/DeferredCompletionFailureHandler
instanceKlass com/sun/tools/javac/parser/Parser
instanceKlass com/sun/tools/javac/api/JavacTaskImpl$Filter
instanceKlass com/sun/tools/javac/main/DelegatingJavaFileManager
instanceKlass jdk/nio/zipfs/ZipUtils
instanceKlass  @bci com/sun/tools/javac/platform/JDKPlatformProvider$PlatformDescriptionImpl getFileManager ()Ljavax/tools/JavaFileManager; 709 <appendix> argL0 ; # com/sun/tools/javac/platform/JDKPlatformProvider$PlatformDescriptionImpl$$Lambda+0x00000203d233d040
instanceKlass com/sun/tools/javac/resources/CompilerProperties$Fragments
instanceKlass com/sun/tools/javac/platform/JDKPlatformProvider$PlatformDescriptionImpl
instanceKlass  @bci com/sun/tools/javac/platform/PlatformUtils lookupPlatformDescription (Ljava/lang/String;)Lcom/sun/tools/javac/platform/PlatformDescription; 82 <appendix> member <vmtarget> ; # com/sun/tools/javac/platform/PlatformUtils$$Lambda+0x00000203d2337388
instanceKlass  @bci com/sun/tools/javac/platform/PlatformUtils lambda$lookupPlatformDescription$0 (Ljava/lang/String;Lcom/sun/tools/javac/platform/PlatformProvider;)Z 21 <appendix> member <vmtarget> ; # com/sun/tools/javac/platform/PlatformUtils$$Lambda+0x00000203d2337140
instanceKlass java/util/TreeMap$TreeMapSpliterator
instanceKlass  @bci jdk/nio/zipfs/ZipFileSystemProvider removeFileSystem (Ljava/nio/file/Path;Ljdk/nio/zipfs/ZipFileSystem;)V 17 <appendix> member <vmtarget> ; # jdk/nio/zipfs/ZipFileSystemProvider$$Lambda+0x00000203d233a310
instanceKlass  @bci jdk/nio/zipfs/ZipFileSystem close ()V 97 <appendix> member <vmtarget> ; # jdk/nio/zipfs/ZipFileSystem$$Lambda+0x00000203d233a0f8
instanceKlass jdk/nio/zipfs/ZipDirectoryStream$1
instanceKlass jdk/nio/zipfs/ZipDirectoryStream
instanceKlass jdk/nio/zipfs/ZipFileSystem$END
instanceKlass jdk/nio/zipfs/ZipConstants
instanceKlass java/nio/file/attribute/PosixFileAttributeView
instanceKlass jdk/nio/zipfs/ZipFileAttributeView
instanceKlass jdk/nio/zipfs/ZipPath
instanceKlass jdk/nio/zipfs/ZipCoder
instanceKlass sun/nio/fs/WindowsSecurity
instanceKlass sun/nio/fs/AbstractAclFileAttributeView
instanceKlass java/nio/file/attribute/AclFileAttributeView
instanceKlass java/nio/file/attribute/FileOwnerAttributeView
instanceKlass  @bci jdk/nio/zipfs/ZipFileSystem <init> (Ljdk/nio/zipfs/ZipFileSystemProvider;Ljava/nio/file/Path;Ljava/util/Map;)V 431 <appendix> member <vmtarget> ; # jdk/nio/zipfs/ZipFileSystem$$Lambda+0x00000203d2338498
instanceKlass java/nio/file/attribute/PosixFilePermissions
instanceKlass  @bci jdk/nio/zipfs/ZipFileSystem <clinit> ()V 0 <appendix> argL0 ; # jdk/nio/zipfs/ZipFileSystem$$Lambda+0x00000203d2338288
instanceKlass jdk/nio/zipfs/ZipFileAttributes
instanceKlass jdk/nio/zipfs/ZipFileSystem$IndexNode
instanceKlass  @bci com/sun/tools/javac/platform/JDKPlatformProvider <clinit> ()V 17 <appendix> argL0 ; # com/sun/tools/javac/platform/JDKPlatformProvider$$Lambda+0x00000203d2336cd0
instanceKlass  @cpi com/sun/tools/javac/platform/JDKPlatformProvider 263 form vmentry <vmtarget> ; # java/lang/invoke/LambdaForm$DMH+0x00000203d2335800
instanceKlass com/sun/tools/javac/platform/PlatformDescription
instanceKlass com/sun/tools/javac/platform/JDKPlatformProvider
instanceKlass  @bci com/sun/tools/javac/platform/PlatformUtils lookupPlatformDescription (Ljava/lang/String;)Lcom/sun/tools/javac/platform/PlatformDescription; 65 <appendix> member <vmtarget> ; # com/sun/tools/javac/platform/PlatformUtils$$Lambda+0x00000203d2336670
instanceKlass com/sun/tools/javac/platform/PlatformProvider
instanceKlass com/sun/tools/javac/platform/PlatformUtils
instanceKlass  @bci com/sun/tools/javac/main/Arguments checkOptionAllowed (ZLcom/sun/tools/javac/main/Arguments$ErrorReporter;[Lcom/sun/tools/javac/main/Option;)V 33 <appendix> member <vmtarget> ; # com/sun/tools/javac/main/Arguments$$Lambda+0x00000203d2336000
instanceKlass  @bci com/sun/tools/javac/main/Arguments checkOptionAllowed (ZLcom/sun/tools/javac/main/Arguments$ErrorReporter;[Lcom/sun/tools/javac/main/Option;)V 17 <appendix> member <vmtarget> ; # com/sun/tools/javac/main/Arguments$$Lambda+0x00000203d2333bc8
instanceKlass  @cpi com/sun/tools/javac/jvm/Items$MemberItem 148 form vmentry <vmtarget> ; # java/lang/invoke/LambdaForm$DMH+0x00000203d2335400
instanceKlass  @bci com/sun/tools/javac/main/Arguments handleReleaseOptions (Ljava/util/function/Predicate;)Z 22 <appendix> member <vmtarget> ; # com/sun/tools/javac/main/Arguments$$Lambda+0x00000203d23339b0
instanceKlass com/sun/tools/javac/main/Arguments$ErrorReporter
instanceKlass  @bci com/sun/tools/javac/main/Arguments processArgs (Ljava/lang/Iterable;Ljava/util/Set;Lcom/sun/tools/javac/main/OptionHelper;ZZ)Z 24 <adapter> ; # java/lang/invoke/LambdaForm$MH+0x00000203d2335000
# instanceKlass java/lang/invoke/LambdaForm$DMH+0x00000203d2334c00
instanceKlass  @bci com/sun/tools/javac/main/Arguments processArgs (Ljava/lang/Iterable;Ljava/util/Set;Lcom/sun/tools/javac/main/OptionHelper;ZZ)Z 24 <appendix> form vmentry <vmtarget> ; # java/lang/invoke/LambdaForm$DMH+0x00000203d2334800
instanceKlass  @bci com/sun/tools/javac/main/Arguments processArgs (Ljava/lang/Iterable;Ljava/util/Set;Lcom/sun/tools/javac/main/OptionHelper;ZZ)Z 24 <appendix> member <vmtarget> ; # com/sun/tools/javac/main/Arguments$$Lambda+0x00000203d2333578
instanceKlass  @cpi com/sun/tools/javac/main/Arguments 1127 form vmentry <vmtarget> ; # java/lang/invoke/LambdaForm$DMH+0x00000203d2334400
instanceKlass java/util/AbstractMap$SimpleEntry
instanceKlass jdk/internal/jimage/ImageBufferCache$2
instanceKlass jdk/internal/jimage/ImageBufferCache
instanceKlass  @bci sun/net/www/protocol/jrt/JavaRuntimeURLConnection <clinit> ()V 0 <appendix> argL0 ; # sun/net/www/protocol/jrt/JavaRuntimeURLConnection$$Lambda+0x00000203d22f3d68
instanceKlass java/nio/channels/AsynchronousFileChannel
instanceKlass java/nio/channels/AsynchronousChannel
instanceKlass java/nio/file/FileStore
instanceKlass java/nio/file/spi/FileSystemProvider$1
instanceKlass com/sun/tools/javac/util/StringUtils
instanceKlass  @bci com/sun/tools/javac/file/CacheFSInfo isFile (Ljava/nio/file/Path;)Z 5 <appendix> argL0 ; # com/sun/tools/javac/file/CacheFSInfo$$Lambda+0x00000203d2333150
instanceKlass  @cpi com/sun/tools/javac/file/CacheFSInfo 178 form vmentry <vmtarget> ; # java/lang/invoke/LambdaForm$DMH+0x00000203d2334000
instanceKlass  @bci com/sun/tools/javac/file/CacheFSInfo getAttributes (Ljava/nio/file/Path;)Ljava/util/Optional; 6 <appendix> member <vmtarget> ; # com/sun/tools/javac/file/CacheFSInfo$$Lambda+0x00000203d2332f18
instanceKlass com/sun/tools/javac/file/BaseFileManager$3
instanceKlass com/sun/tools/doclint/DocLint$1
instanceKlass com/sun/source/tree/CompilationUnitTree
instanceKlass com/sun/source/util/TreePath
instanceKlass javax/lang/model/util/Types
instanceKlass javax/lang/model/util/Elements
instanceKlass com/sun/source/util/Trees
instanceKlass com/sun/source/util/TreeScanner
instanceKlass com/sun/source/tree/TreeVisitor
instanceKlass  @bci com/sun/tools/doclint/DocLint newDocLint ()Lcom/sun/tools/doclint/DocLint; 17 <appendix> argL0 ; # com/sun/tools/doclint/DocLint$$Lambda+0x00000203d232e8d0
instanceKlass java/util/ServiceLoader$ProviderSpliterator
instanceKlass com/sun/tools/doclint/DocLint
instanceKlass com/sun/source/util/Plugin
instanceKlass com/sun/tools/javac/util/ListBuffer$1
instanceKlass com/sun/tools/javac/main/Arguments
instanceKlass com/sun/tools/javac/api/ClientCodeWrapper$WrappedDiagnosticListener
instanceKlass com/sun/tools/javac/api/ClientCodeWrapper$Trusted
instanceKlass com/sun/source/util/TaskListener
instanceKlass com/sun/tools/javac/api/ClientCodeWrapper
instanceKlass com/sun/tools/javac/file/PathFileObject
instanceKlass  @bci com/sun/tools/javac/file/CacheFSInfo getCanonicalFile (Ljava/nio/file/Path;)Ljava/nio/file/Path; 6 <appendix> member <vmtarget> ; # com/sun/tools/javac/file/CacheFSInfo$$Lambda+0x00000203d232ba88
instanceKlass  @bci com/sun/tools/javac/util/Log <init> (Lcom/sun/tools/javac/util/Context;Ljava/util/Map;)V 124 <appendix> member <vmtarget> ; # com/sun/tools/javac/util/Log$$Lambda+0x00000203d232b3e0
instanceKlass  @bci com/sun/tools/javac/util/JCDiagnostic$Factory <init> (Lcom/sun/tools/javac/util/Context;)V 31 <appendix> member <vmtarget> ; # com/sun/tools/javac/util/JCDiagnostic$Factory$$Lambda+0x00000203d232b1c8
instanceKlass com/sun/tools/javac/util/JCDiagnostic
instanceKlass javax/lang/model/element/ExecutableElement
instanceKlass javax/lang/model/element/Parameterizable
instanceKlass javax/lang/model/element/VariableElement
instanceKlass javax/lang/model/type/TypeVariable
instanceKlass javax/lang/model/type/NoType
instanceKlass javax/lang/model/type/ExecutableType
instanceKlass javax/lang/model/type/WildcardType
instanceKlass javax/lang/model/type/ErrorType
instanceKlass javax/lang/model/type/DeclaredType
instanceKlass javax/lang/model/type/ArrayType
instanceKlass javax/lang/model/type/ReferenceType
instanceKlass com/sun/tools/javac/jvm/PoolConstant$LoadableConstant
instanceKlass javax/lang/model/type/TypeMirror
instanceKlass com/sun/tools/javac/code/AnnoConstruct
instanceKlass javax/lang/model/element/Element
instanceKlass javax/lang/model/AnnotatedConstruct
instanceKlass com/sun/tools/javac/jvm/PoolConstant
instanceKlass com/sun/tools/javac/util/AbstractDiagnosticFormatter$SimpleConfiguration
instanceKlass com/sun/source/tree/ExpressionTree
instanceKlass com/sun/tools/javac/tree/JCTree
instanceKlass com/sun/source/tree/Tree
instanceKlass com/sun/tools/javac/api/DiagnosticFormatter$Configuration
instanceKlass com/sun/tools/javac/code/Printer
instanceKlass com/sun/tools/javac/code/Symbol$Visitor
instanceKlass com/sun/tools/javac/code/Type$Visitor
instanceKlass com/sun/tools/javac/util/AbstractDiagnosticFormatter
instanceKlass com/sun/tools/javac/util/Options
instanceKlass  @bci java/util/ResourceBundle$ResourceBundleProviderHelper loadPropertyResourceBundle (Ljava/lang/Module;Ljava/lang/Module;Ljava/lang/String;Ljava/util/Locale;)Ljava/util/ResourceBundle; 14 <appendix> member <vmtarget> ; # java/util/ResourceBundle$ResourceBundleProviderHelper$$Lambda+0x00000203d22f2498
instanceKlass  @bci java/util/ResourceBundle$ResourceBundleProviderHelper loadResourceBundle (Ljava/lang/Module;Ljava/lang/Module;Ljava/lang/String;Ljava/util/Locale;)Ljava/util/ResourceBundle; 13 <appendix> member <vmtarget> ; # java/util/ResourceBundle$ResourceBundleProviderHelper$$Lambda+0x00000203d22f2020
instanceKlass java/util/ResourceBundle$3
instanceKlass java/util/ResourceBundle$CacheKeyReference
instanceKlass java/util/ResourceBundle$CacheKey
instanceKlass  @bci java/util/ResourceBundle getLoader (Ljava/lang/Module;)Ljava/lang/ClassLoader; 6 <appendix> member <vmtarget> ; # java/util/ResourceBundle$$Lambda+0x00000203d22f1590
instanceKlass com/sun/tools/javac/util/List$2
instanceKlass  @bci com/sun/tools/javac/util/JavacMessages add (Ljava/lang/String;)V 2 <appendix> member <vmtarget> ; # com/sun/tools/javac/util/JavacMessages$$Lambda+0x00000203d231cba0
instanceKlass com/sun/tools/javac/util/JavacMessages$ResourceBundleHelper
instanceKlass com/sun/tools/javac/util/JavacMessages
instanceKlass com/sun/tools/javac/api/Messages
instanceKlass com/sun/tools/javac/util/JCDiagnostic$DiagnosticInfo
instanceKlass com/sun/tools/javac/util/JCDiagnostic$Factory
instanceKlass  @bci com/sun/tools/javac/file/JavacFileManager <init> (Lcom/sun/tools/javac/util/Context;ZLjava/nio/charset/Charset;)V 6 <appendix> argL0 ; # com/sun/tools/javac/file/JavacFileManager$$Lambda+0x00000203d231a2c0
instanceKlass java/util/JumboEnumSet$EnumSetIterator
instanceKlass com/sun/tools/javac/file/Locations$ModuleTable
instanceKlass  @bci com/sun/tools/javac/file/Locations$ModuleSourcePathLocationHandler <init> (Lcom/sun/tools/javac/file/Locations;)V 23 <appendix> argL0 ; # com/sun/tools/javac/file/Locations$ModuleSourcePathLocationHandler$$Lambda+0x00000203d23198c0
instanceKlass  @bci com/sun/tools/javac/file/Locations <init> ()V 5 <appendix> argL0 ; # com/sun/tools/javac/file/Locations$$Lambda+0x00000203d2318aa0
instanceKlass javax/tools/StandardJavaFileManager$PathFactory
instanceKlass com/sun/tools/javac/file/Locations$LocationHandler
instanceKlass com/sun/tools/javac/file/Locations
instanceKlass com/sun/tools/javac/file/JavacFileManager$1
instanceKlass  @bci java/util/stream/Collectors toCollection (Ljava/util/function/Supplier;)Ljava/util/stream/Collector; 10 <appendix> argL0 ; # java/util/stream/Collectors$$Lambda+0x00000203d22f0820
instanceKlass  @bci java/util/stream/Collectors toCollection (Ljava/util/function/Supplier;)Ljava/util/stream/Collector; 5 <appendix> argL0 ; # java/util/stream/Collectors$$Lambda+0x00000203d22f0600
instanceKlass  @bci com/sun/tools/javac/main/Option getOptions (Lcom/sun/tools/javac/main/Option$OptionGroup;)Ljava/util/Set; 17 <appendix> argL0 ; # com/sun/tools/javac/main/Option$$Lambda+0x00000203d23174c8
instanceKlass  @bci com/sun/tools/javac/main/Option getOptions (Lcom/sun/tools/javac/main/Option$OptionGroup;)Ljava/util/Set; 7 <appendix> member <vmtarget> ; # com/sun/tools/javac/main/Option$$Lambda+0x00000203d2317280
instanceKlass com/sun/tools/javac/code/Lint
instanceKlass com/sun/tools/javac/util/Assert
instanceKlass javax/tools/JavaFileManager$Location
instanceKlass com/sun/tools/javac/file/RelativePath
instanceKlass javax/tools/JavaFileObject
instanceKlass javax/tools/FileObject
instanceKlass com/sun/tools/javac/file/JavacFileManager$Container
instanceKlass com/sun/tools/javac/main/OptionHelper
instanceKlass  @bci com/sun/tools/javac/file/CacheFSInfo preRegister (Lcom/sun/tools/javac/util/Context;)V 3 <appendix> argL0 ; # com/sun/tools/javac/file/CacheFSInfo$$Lambda+0x00000203d2307118
instanceKlass com/sun/tools/javac/file/FSInfo
instanceKlass com/sun/tools/javac/api/DiagnosticFormatter
instanceKlass com/sun/tools/javac/util/Log$DiagnosticHandler
instanceKlass com/sun/tools/javac/util/JCDiagnostic$DiagnosticPosition
instanceKlass com/sun/tools/javac/util/AbstractLog
instanceKlass java/io/PrintWriter$1
instanceKlass jdk/internal/access/JavaIOPrintWriterAccess
instanceKlass com/sun/tools/javac/util/Context$Factory
instanceKlass com/sun/tools/javac/util/Context$Key
instanceKlass javax/tools/DiagnosticCollector
instanceKlass org/codehaus/plexus/compiler/javac/JavaxToolsCompiler$1
instanceKlass org/codehaus/plexus/util/StringUtils
instanceKlass  @bci org/codehaus/plexus/compiler/javac/JavacCompiler$JavaVersion isOlderOrEqualTo (Ljava/lang/String;)Z 33 <appendix> member <vmtarget> ; # org/codehaus/plexus/compiler/javac/JavacCompiler$JavaVersion$$Lambda+0x00000203d230ee48
instanceKlass org/apache/maven/shared/utils/io/SelectorUtils
instanceKlass org/apache/maven/shared/utils/io/MatchPattern
instanceKlass org/apache/maven/shared/utils/io/MatchPatterns
instanceKlass org/apache/maven/shared/utils/io/DirectoryScanner
instanceKlass org/apache/maven/shared/utils/io/FileUtils
instanceKlass  @bci java/util/stream/SortedOps$RefSortingSink end ()V 48 <appendix> member <vmtarget> ; # java/util/stream/SortedOps$RefSortingSink$$Lambda+0x00000203d22ee910
instanceKlass  @cpi com/sun/tools/javac/code/Symtab 1365 form vmentry <vmtarget> ; # java/lang/invoke/LambdaForm$DMH+0x00000203d230c000
instanceKlass  @bci org/apache/maven/plugin/compiler/AbstractCompilerMojo execute ()V 3550 <appendix> argL0 ; # org/apache/maven/plugin/compiler/AbstractCompilerMojo$$Lambda+0x00000203d230b6a8
instanceKlass  @bci org/apache/maven/plugin/compiler/AbstractCompilerMojo execute ()V 3540 <appendix> argL0 ; # org/apache/maven/plugin/compiler/AbstractCompilerMojo$$Lambda+0x00000203d230b478
instanceKlass java/util/Collections$ReverseComparator
instanceKlass  @bci java/nio/file/Files walk (Ljava/nio/file/Path;I[Ljava/nio/file/FileVisitOption;)Ljava/util/stream/Stream; 43 <appendix> argL0 ; # java/nio/file/Files$$Lambda+0x00000203d22ee198
instanceKlass  @bci java/nio/file/Files walk (Ljava/nio/file/Path;I[Ljava/nio/file/FileVisitOption;)Ljava/util/stream/Stream; 30 <appendix> member <vmtarget> ; # java/nio/file/Files$$Lambda+0x00000203d22edf80
instanceKlass java/nio/file/FileTreeWalker$Event
instanceKlass java/nio/file/FileTreeWalker$DirectoryNode
instanceKlass java/nio/file/FileTreeWalker
instanceKlass java/nio/file/FileTreeIterator
instanceKlass org/apache/maven/shared/utils/logging/AnsiMessageBuilder
instanceKlass org/apache/maven/shared/utils/logging/LoggerLevelRenderer
instanceKlass org/apache/maven/shared/utils/logging/MessageUtils
instanceKlass  @bci org/apache/maven/plugin/compiler/AbstractCompilerMojo execute ()V 1525 <appendix> argL0 ; # org/apache/maven/plugin/compiler/AbstractCompilerMojo$$Lambda+0x00000203d230a370
instanceKlass org/apache/maven/plugin/compiler/DeltaList
instanceKlass  @bci org/apache/maven/plugin/compiler/AbstractCompilerMojo hasInputFileTreeChanged (Lorg/apache/maven/shared/incremental/IncrementalBuildHelper;Ljava/util/Set;)Z 110 <appendix> argL0 ; # org/apache/maven/plugin/compiler/AbstractCompilerMojo$$Lambda+0x00000203d2309f40
instanceKlass java/nio/file/attribute/FileTime$1
instanceKlass org/codehaus/plexus/util/io/InputStreamFacade
instanceKlass org/codehaus/plexus/util/BaseFileUtils
instanceKlass  @bci org/apache/maven/plugin/compiler/AbstractCompilerMojo getBuildStartTimeInstant ()Ljava/util/Optional; 26 <appendix> argL0 ; # org/apache/maven/plugin/compiler/AbstractCompilerMojo$$Lambda+0x00000203d23094f8
instanceKlass  @bci org/apache/maven/plugin/compiler/AbstractCompilerMojo getBuildStartTimeInstant ()Ljava/util/Optional; 18 <appendix> argL0 ; # org/apache/maven/plugin/compiler/AbstractCompilerMojo$$Lambda+0x00000203d23092c8
instanceKlass  @bci org/apache/maven/plugin/compiler/AbstractCompilerMojo getBuildStartTimeInstant ()Ljava/util/Optional; 10 <appendix> argL0 ; # org/apache/maven/plugin/compiler/AbstractCompilerMojo$$Lambda+0x00000203d2309098
instanceKlass org/apache/maven/shared/incremental/IncrementalBuildHelperRequest
instanceKlass org/codehaus/plexus/util/SelectorUtils
instanceKlass org/codehaus/plexus/util/MatchPatterns
instanceKlass org/codehaus/plexus/util/MatchPattern
instanceKlass org/codehaus/plexus/util/AbstractScanner
instanceKlass org/codehaus/plexus/util/Scanner
instanceKlass org/codehaus/plexus/compiler/util/scan/mapping/SuffixMapping
instanceKlass org/codehaus/plexus/compiler/util/scan/AbstractSourceInclusionScanner
instanceKlass org/apache/maven/shared/utils/StringUtils
instanceKlass org/apache/maven/project/MavenProject$LoggingList$1
instanceKlass  @bci javax/tools/ToolProvider matches (Ljava/lang/Object;Ljava/lang/String;)Z 2 <appendix> member <vmtarget> ; # javax/tools/ToolProvider$$Lambda+0x00000203d228a0d0
instanceKlass com/sun/tools/javac/util/Context
instanceKlass com/sun/tools/javac/file/BaseFileManager
instanceKlass com/sun/source/util/JavacTask
instanceKlass javax/tools/JavaCompiler$CompilationTask
instanceKlass javax/tools/StandardJavaFileManager
instanceKlass com/sun/tools/javac/api/JavacTool
instanceKlass javax/tools/ToolProvider
instanceKlass java/util/concurrent/ConcurrentLinkedDeque$Node
instanceKlass org/codehaus/plexus/compiler/PlexusLoggerWrapper
instanceKlass  @bci java/util/regex/Pattern ALL ()Ljava/util/regex/Pattern$CharPredicate; 0 <appendix> argL0 ; # java/util/regex/Pattern$$Lambda+0x00000203d22eb7f8
instanceKlass org/eclipse/sisu/wire/ProviderIterableAdapter$ProviderEntry
instanceKlass org/eclipse/sisu/wire/ProviderIterableAdapter$ProviderIterator
instanceKlass  @bci org/apache/maven/plugin/internal/AbstractMavenPluginDescriptorSourcedParametersValidator isIgnoredProperty (Ljava/lang/String;)Z 55 <appendix> member <vmtarget> ; # org/apache/maven/plugin/internal/AbstractMavenPluginDescriptorSourcedParametersValidator$$Lambda+0x00000203d22b86b8
instanceKlass org/eclipse/sisu/wire/ProviderIterableAdapter
instanceKlass org/apache/maven/toolchain/DefaultToolchainManager$$FastClassByGuice$$195326976
instanceKlass org/apache/maven/plugin/compiler/CompilerMojo$$FastClassByGuice$$194452094
instanceKlass org/codehaus/plexus/compiler/javac/JavaxToolsCompiler$$FastClassByGuice$$193980623
instanceKlass org/codehaus/plexus/compiler/javac/JavacCompiler$$FastClassByGuice$$192584047
instanceKlass org/codehaus/plexus/compiler/manager/DefaultCompilerManager$$FastClassByGuice$$191775575
instanceKlass org/codehaus/plexus/languages/java/jpms/LocationManager$$FastClassByGuice$$189945112
instanceKlass org/eclipse/sisu/wire/BeanProviders$2
instanceKlass javax/tools/Diagnostic
instanceKlass javax/tools/JavaCompiler
instanceKlass javax/tools/Tool
instanceKlass javax/tools/JavaFileManager
instanceKlass javax/tools/OptionChecker
instanceKlass javax/tools/DiagnosticListener
instanceKlass org/codehaus/plexus/compiler/CompilerMessage
instanceKlass org/codehaus/plexus/util/cli/StreamConsumer
instanceKlass org/codehaus/plexus/compiler/CompilerOutputStyle
instanceKlass org/codehaus/plexus/languages/java/jpms/ResolvePathsRequest
instanceKlass org/codehaus/plexus/languages/java/jpms/ResolvePathResult
instanceKlass org/codehaus/plexus/languages/java/jpms/ResolvePathRequest
instanceKlass org/codehaus/plexus/languages/java/jpms/ManifestModuleNameExtractor
instanceKlass org/codehaus/plexus/languages/java/jpms/SourceModuleInfoParser
instanceKlass org/codehaus/plexus/languages/java/jpms/ModuleInfoParser
instanceKlass org/codehaus/plexus/languages/java/jpms/ModuleNameExtractor
instanceKlass org/codehaus/plexus/languages/java/jpms/JavaModuleDescriptor
instanceKlass org/codehaus/plexus/languages/java/jpms/ResolvePathsResult
instanceKlass org/codehaus/plexus/compiler/CompilerResult
instanceKlass org/apache/maven/shared/incremental/IncrementalBuildHelper
instanceKlass org/codehaus/plexus/compiler/util/scan/SourceInclusionScanner
instanceKlass org/apache/maven/shared/utils/logging/MessageBuilder
instanceKlass org/apache/maven/plugin/compiler/DependencyCoordinate
instanceKlass org/codehaus/plexus/compiler/CompilerConfiguration
instanceKlass org/codehaus/plexus/compiler/util/scan/mapping/SourceMapping
instanceKlass org/codehaus/plexus/compiler/javac/JavaxToolsCompiler
instanceKlass org/codehaus/plexus/compiler/javac/InProcessCompiler
instanceKlass org/codehaus/plexus/compiler/AbstractCompiler
instanceKlass org/codehaus/plexus/compiler/Compiler
instanceKlass org/codehaus/plexus/compiler/manager/DefaultCompilerManager
instanceKlass org/codehaus/plexus/compiler/manager/CompilerManager
instanceKlass org/codehaus/plexus/languages/java/jpms/LocationManager
instanceKlass  @bci org/apache/maven/utils/Os getOsFamily ()Ljava/lang/String; 74 <appendix> argL0 ; # org/apache/maven/utils/Os$$Lambda+0x00000203d22b8000
instanceKlass org/apache/maven/utils/Os
instanceKlass  @bci org/apache/maven/model/building/DefaultModelBuilder lambda$getInterpolatedProfiles$2 (Lorg/codehaus/plexus/interpolation/RegexBasedInterpolator;Lorg/apache/maven/model/building/DefaultModelProblemCollector;Lorg/apache/maven/model/ActivationOS;)V 107 <appendix> member <vmtarget> ; # org/apache/maven/model/building/DefaultModelBuilder$$Lambda+0x00000203d22b1ce0
instanceKlass  @bci org/apache/maven/model/building/DefaultModelBuilder lambda$getInterpolatedProfiles$2 (Lorg/codehaus/plexus/interpolation/RegexBasedInterpolator;Lorg/apache/maven/model/building/DefaultModelProblemCollector;Lorg/apache/maven/model/ActivationOS;)V 84 <appendix> member <vmtarget> ; # org/apache/maven/model/building/DefaultModelBuilder$$Lambda+0x00000203d22b1ab8
instanceKlass  @bci org/apache/maven/model/building/DefaultModelBuilder lambda$getInterpolatedProfiles$2 (Lorg/codehaus/plexus/interpolation/RegexBasedInterpolator;Lorg/apache/maven/model/building/DefaultModelProblemCollector;Lorg/apache/maven/model/ActivationOS;)V 61 <appendix> member <vmtarget> ; # org/apache/maven/model/building/DefaultModelBuilder$$Lambda+0x00000203d22b1890
instanceKlass  @bci org/apache/maven/model/building/DefaultModelBuilder lambda$getInterpolatedProfiles$2 (Lorg/codehaus/plexus/interpolation/RegexBasedInterpolator;Lorg/apache/maven/model/building/DefaultModelProblemCollector;Lorg/apache/maven/model/ActivationOS;)V 38 <appendix> member <vmtarget> ; # org/apache/maven/model/building/DefaultModelBuilder$$Lambda+0x00000203d22b1668
instanceKlass  @bci org/apache/maven/model/building/DefaultModelBuilder lambda$getInterpolatedProfiles$2 (Lorg/codehaus/plexus/interpolation/RegexBasedInterpolator;Lorg/apache/maven/model/building/DefaultModelProblemCollector;Lorg/apache/maven/model/ActivationOS;)V 12 <appendix> member <vmtarget> ; # org/apache/maven/model/building/DefaultModelBuilder$$Lambda+0x00000203d22b1450
instanceKlass org/apache/maven/artifact/resolver/filter/AbstractScopeArtifactFilter
instanceKlass org/sonatype/plexus/build/incremental/EmptyScanner
instanceKlass java/nio/file/attribute/PosixFileAttributes
instanceKlass java/nio/BufferMismatch
instanceKlass org/codehaus/plexus/interpolation/PrefixAwareRecursionInterceptor
instanceKlass org/codehaus/plexus/interpolation/SimpleRecursionInterceptor
instanceKlass  @bci org/apache/maven/shared/filtering/BaseFilter createInterpolator (Ljava/util/LinkedHashSet;Ljava/util/List;Lorg/codehaus/plexus/interpolation/ValueSource;Lorg/apache/maven/project/MavenProject;Lorg/apache/maven/execution/MavenSession;Ljava/lang/String;Z)Lorg/codehaus/plexus/interpolation/Interpolator; 126 <appendix> argL0 ; # org/apache/maven/shared/filtering/BaseFilter$$Lambda+0x00000203d22b4da0
instanceKlass org/codehaus/plexus/interpolation/InterpolationPostProcessor
instanceKlass org/codehaus/plexus/interpolation/SingleResponseValueSource
instanceKlass org/codehaus/plexus/interpolation/PrefixedValueSourceWrapper
instanceKlass org/codehaus/plexus/interpolation/FeedbackEnabledValueSource
instanceKlass org/codehaus/plexus/interpolation/AbstractDelegatingValueSource
instanceKlass org/codehaus/plexus/interpolation/QueryEnabledValueSource
instanceKlass org/codehaus/plexus/interpolation/multi/DelimiterSpecification
instanceKlass org/codehaus/plexus/interpolation/multi/MultiDelimiterStringSearchInterpolator
instanceKlass org/apache/maven/shared/filtering/FilteringUtils
instanceKlass org/apache/commons/io/FilenameUtils
instanceKlass org/codehaus/plexus/util/SelectorUtils
instanceKlass org/codehaus/plexus/util/MatchPatterns
instanceKlass org/codehaus/plexus/util/MatchPattern
instanceKlass org/codehaus/plexus/util/AbstractScanner
instanceKlass org/codehaus/plexus/interpolation/RecursionInterceptor
instanceKlass org/codehaus/plexus/interpolation/AbstractValueSource
instanceKlass org/apache/maven/plugins/resources/MavenBuildTimestamp
instanceKlass org/apache/maven/shared/filtering/FilterWrapper
instanceKlass  @bci java/util/regex/CharPredicates forUnicodeBlock (Ljava/lang/String;)Ljava/util/regex/Pattern$CharPredicate; 6 <appendix> member <vmtarget> ; # java/util/regex/CharPredicates$$Lambda+0x00000203d22eaa88
instanceKlass java/lang/Character$Subset
instanceKlass org/apache/commons/lang3/StringUtils
# instanceKlass java/lang/invoke/LambdaForm$MH+0x00000203d22b0800
# instanceKlass java/lang/invoke/LambdaForm$MH+0x00000203d22b0400
instanceKlass org/codehaus/plexus/util/introspection/MethodMap
instanceKlass org/codehaus/plexus/util/introspection/ClassMap$CacheMiss
instanceKlass org/codehaus/plexus/util/introspection/ClassMap
instanceKlass org/codehaus/plexus/util/introspection/ReflectionValueExtractor$Tokenizer
instanceKlass org/codehaus/plexus/util/introspection/ReflectionValueExtractor
instanceKlass org/eclipse/sisu/plexus/TypeArguments
instanceKlass  @bci jdk/internal/reflect/MethodHandleIntegerFieldAccessorImpl setInt (Ljava/lang/Object;I)V 41 <adapter> ; # java/lang/invoke/LambdaForm$MH+0x00000203d22b0000
# instanceKlass java/lang/invoke/LambdaForm$MH+0x00000203d22a9c00
instanceKlass  @bci com/sun/tools/javac/jvm/PoolConstant$Dynamic$PoolKey hashCode ()I 1 <appendix> argL1 form vmentry <vmtarget> ; # java/lang/invoke/LambdaForm$MH+0x00000203d22a9800
instanceKlass org/eclipse/sisu/plexus/CompositeBeanHelper$1
instanceKlass org/eclipse/sisu/plexus/CompositeBeanHelper
instanceKlass org/apache/maven/plugin/internal/ValidatingConfigurationListener
instanceKlass org/apache/maven/plugin/DebugConfigurationListener
instanceKlass org/eclipse/sisu/inject/MildKeys
instanceKlass  @bci java/time/format/DateTimeFormatter <clinit> ()V 1075 <appendix> argL0 ; # java/time/format/DateTimeFormatter$$Lambda+0x800000010
instanceKlass  @bci java/time/format/DateTimeFormatter <clinit> ()V 1067 <appendix> argL0 ; # java/time/format/DateTimeFormatter$$Lambda+0x80000000f
instanceKlass java/time/Period
instanceKlass java/time/chrono/ChronoPeriod
instanceKlass java/time/format/DateTimeFormatterBuilder$TextPrinterParser
instanceKlass java/time/format/DateTimeTextProvider$1
instanceKlass java/time/format/DateTimeTextProvider
instanceKlass java/time/format/DateTimeTextProvider$LocaleStore
instanceKlass java/time/format/DateTimeFormatterBuilder$InstantPrinterParser
instanceKlass java/time/format/DateTimeFormatterBuilder$StringLiteralPrinterParser
instanceKlass java/time/format/DateTimeFormatterBuilder$ZoneIdPrinterParser
instanceKlass java/time/format/DateTimeFormatterBuilder$OffsetIdPrinterParser
instanceKlass java/time/format/DecimalStyle
instanceKlass java/time/format/DateTimeFormatterBuilder$CompositePrinterParser
instanceKlass java/time/chrono/AbstractChronology
instanceKlass java/time/chrono/Chronology
instanceKlass java/time/format/DateTimeFormatterBuilder$CharLiteralPrinterParser
instanceKlass java/time/format/DateTimeFormatterBuilder$NumberPrinterParser
instanceKlass java/time/format/DateTimeFormatterBuilder$DateTimePrinterParser
instanceKlass java/time/temporal/JulianFields
instanceKlass java/time/temporal/IsoFields
instanceKlass  @bci java/time/format/DateTimeFormatterBuilder <clinit> ()V 0 <appendix> argL0 ; # java/time/format/DateTimeFormatterBuilder$$Lambda+0x800000011
instanceKlass java/time/temporal/TemporalQuery
instanceKlass java/time/format/DateTimeFormatterBuilder
instanceKlass java/time/format/DateTimeFormatter
instanceKlass org/codehaus/plexus/component/configurator/converters/ParameterizedConfigurationConverter
instanceKlass org/codehaus/plexus/component/configurator/converters/AbstractConfigurationConverter
instanceKlass org/codehaus/plexus/component/configurator/converters/ConfigurationConverter
instanceKlass org/codehaus/plexus/component/configurator/converters/lookup/DefaultConverterLookup
instanceKlass org/codehaus/plexus/component/configurator/expression/DefaultExpressionEvaluator
instanceKlass  @bci org/apache/maven/plugin/internal/ReadOnlyPluginParametersValidator doValidate (Lorg/apache/maven/execution/MavenSession;Lorg/apache/maven/plugin/descriptor/MojoDescriptor;Ljava/lang/Class;Lorg/codehaus/plexus/configuration/PlexusConfiguration;Lorg/codehaus/plexus/component/configurator/expression/ExpressionEvaluator;)V 35 <appendix> member <vmtarget> ; # org/apache/maven/plugin/internal/ReadOnlyPluginParametersValidator$$Lambda+0x00000203d22a6b10
instanceKlass  @bci org/apache/maven/plugin/internal/ReadOnlyPluginParametersValidator doValidate (Lorg/apache/maven/execution/MavenSession;Lorg/apache/maven/plugin/descriptor/MojoDescriptor;Ljava/lang/Class;Lorg/codehaus/plexus/configuration/PlexusConfiguration;Lorg/codehaus/plexus/component/configurator/expression/ExpressionEvaluator;)V 17 <appendix> argL0 ; # org/apache/maven/plugin/internal/ReadOnlyPluginParametersValidator$$Lambda+0x00000203d22a68d0
instanceKlass  @bci org/apache/maven/plugin/internal/DeprecatedPluginValidator doValidate (Lorg/apache/maven/execution/MavenSession;Lorg/apache/maven/plugin/descriptor/MojoDescriptor;Ljava/lang/Class;Lorg/codehaus/plexus/configuration/PlexusConfiguration;Lorg/codehaus/plexus/component/configurator/expression/ExpressionEvaluator;)V 71 <appendix> member <vmtarget> ; # org/apache/maven/plugin/internal/DeprecatedPluginValidator$$Lambda+0x00000203d22a66a8
instanceKlass  @cpi com/sun/tools/javac/comp/Attr 5288 form vmentry <vmtarget> ; # java/lang/invoke/LambdaForm$DMH+0x00000203d22a9400
instanceKlass  @bci org/apache/maven/plugin/internal/DeprecatedPluginValidator doValidate (Lorg/apache/maven/execution/MavenSession;Lorg/apache/maven/plugin/descriptor/MojoDescriptor;Ljava/lang/Class;Lorg/codehaus/plexus/configuration/PlexusConfiguration;Lorg/codehaus/plexus/component/configurator/expression/ExpressionEvaluator;)V 53 <appendix> argL0 ; # org/apache/maven/plugin/internal/DeprecatedPluginValidator$$Lambda+0x00000203d22a6468
instanceKlass  @cpi com/sun/tools/javac/comp/Operators$UnaryNumericOperator 65 form vmentry <vmtarget> ; # java/lang/invoke/LambdaForm$DMH+0x00000203d22a9000
instanceKlass  @bci org/apache/maven/plugin/internal/DeprecatedPluginValidator doValidate (Lorg/apache/maven/execution/MavenSession;Lorg/apache/maven/plugin/descriptor/MojoDescriptor;Ljava/lang/Class;Lorg/codehaus/plexus/configuration/PlexusConfiguration;Lorg/codehaus/plexus/component/configurator/expression/ExpressionEvaluator;)V 43 <appendix> argL0 ; # org/apache/maven/plugin/internal/DeprecatedPluginValidator$$Lambda+0x00000203d22a6228
instanceKlass  @bci org/apache/maven/plugin/internal/DeprecatedCoreExpressionValidator doValidate (Lorg/apache/maven/execution/MavenSession;Lorg/apache/maven/plugin/descriptor/MojoDescriptor;Ljava/lang/Class;Lorg/codehaus/plexus/configuration/PlexusConfiguration;Lorg/codehaus/plexus/component/configurator/expression/ExpressionEvaluator;)V 43 <appendix> member <vmtarget> ; # org/apache/maven/plugin/internal/DeprecatedCoreExpressionValidator$$Lambda+0x00000203d22a6000
instanceKlass  @bci org/apache/maven/plugin/internal/DeprecatedCoreExpressionValidator doValidate (Lorg/apache/maven/execution/MavenSession;Lorg/apache/maven/plugin/descriptor/MojoDescriptor;Ljava/lang/Class;Lorg/codehaus/plexus/configuration/PlexusConfiguration;Lorg/codehaus/plexus/component/configurator/expression/ExpressionEvaluator;)V 29 <appendix> member <vmtarget> ; # org/apache/maven/plugin/internal/DeprecatedCoreExpressionValidator$$Lambda+0x00000203d22a5dc8
instanceKlass  @bci org/apache/maven/plugin/internal/DeprecatedCoreExpressionValidator doValidate (Lorg/apache/maven/execution/MavenSession;Lorg/apache/maven/plugin/descriptor/MojoDescriptor;Ljava/lang/Class;Lorg/codehaus/plexus/configuration/PlexusConfiguration;Lorg/codehaus/plexus/component/configurator/expression/ExpressionEvaluator;)V 18 <appendix> member <vmtarget> ; # org/apache/maven/plugin/internal/DeprecatedCoreExpressionValidator$$Lambda+0x00000203d22a5b80
instanceKlass org/apache/maven/plugin/PluginParameterExpressionEvaluator
instanceKlass org/codehaus/plexus/component/configurator/expression/TypeAwareExpressionEvaluator
instanceKlass org/apache/maven/monitor/logging/DefaultLog
instanceKlass org/sonatype/plexus/build/incremental/DefaultBuildContext$$FastClassByGuice$$189466425
instanceKlass org/apache/maven/plugins/resources/ResourcesMojo$$FastClassByGuice$$187966479
instanceKlass org/apache/maven/shared/filtering/DefaultMavenResourcesFiltering$$FastClassByGuice$$187031859
instanceKlass org/apache/maven/shared/filtering/DefaultMavenReaderFilter$$FastClassByGuice$$186164600
instanceKlass org/apache/maven/shared/filtering/DefaultMavenFileFilter$$FastClassByGuice$$185476159
instanceKlass com/google/inject/internal/Messages$Converter
instanceKlass com/google/inject/internal/Messages
instanceKlass org/codehaus/plexus/interpolation/Interpolator
instanceKlass org/codehaus/plexus/interpolation/BasicInterpolator
instanceKlass org/codehaus/plexus/interpolation/ValueSource
instanceKlass org/codehaus/plexus/util/Scanner
instanceKlass org/w3c/dom/Element
instanceKlass org/w3c/dom/Document
instanceKlass org/w3c/dom/Node
instanceKlass org/apache/maven/shared/filtering/AbstractMavenFilteringRequest
instanceKlass org/apache/maven/shared/filtering/DefaultMavenResourcesFiltering
instanceKlass org/apache/maven/shared/filtering/MavenResourcesFiltering
instanceKlass org/apache/maven/shared/filtering/MavenReaderFilter
instanceKlass org/apache/maven/shared/filtering/BaseFilter
instanceKlass org/apache/maven/shared/filtering/MavenFileFilter
instanceKlass org/apache/maven/shared/filtering/DefaultFilterInfo
instanceKlass org/sonatype/plexus/build/incremental/BuildContext
instanceKlass java/util/jar/JarVerifier
instanceKlass org/eclipse/sisu/space/FileEntryIterator
instanceKlass org/eclipse/sisu/space/ResourceEnumeration
instanceKlass org/eclipse/sisu/plexus/ComponentDescriptorBeanModule$PlexusDescriptorBeanSource
instanceKlass org/eclipse/sisu/plexus/ComponentDescriptorBeanModule$ComponentMetadata
instanceKlass org/apache/maven/plugin/AbstractMojo
instanceKlass org/apache/maven/plugin/ContextEnabled
instanceKlass org/apache/maven/plugin/Mojo
instanceKlass org/eclipse/sisu/plexus/ComponentDescriptorBeanModule
instanceKlass  @bci org/codehaus/plexus/DefaultPlexusContainer addComponentDescriptor (Lorg/codehaus/plexus/component/repository/ComponentDescriptor;)V 32 <appendix> argL0 ; # org/codehaus/plexus/DefaultPlexusContainer$$Lambda+0x00000203d229f9c0
instanceKlass org/apache/maven/classrealm/ArtifactClassRealmConstituent
instanceKlass  @bci org/apache/maven/RepositoryUtils toArtifacts (Ljava/util/Collection;)Ljava/util/Collection; 6 <appendix> argL0 ; # org/apache/maven/RepositoryUtils$$Lambda+0x00000203d229f520
instanceKlass org/apache/maven/plugin/internal/WagonExcluder
instanceKlass  @bci org/apache/maven/plugin/DefaultPluginRealmCache get (Lorg/apache/maven/plugin/PluginRealmCache$Key;Lorg/apache/maven/plugin/PluginRealmCache$PluginRealmSupplier;)Lorg/apache/maven/plugin/PluginRealmCache$CacheRecord; 6 <appendix> member <vmtarget> ; # org/apache/maven/plugin/DefaultPluginRealmCache$$Lambda+0x00000203d229f0c0
instanceKlass  @bci com/sun/tools/javac/comp/Attr check (Lcom/sun/tools/javac/tree/JCTree;Lcom/sun/tools/javac/code/Type;Lcom/sun/tools/javac/code/Kinds$KindSelector;Lcom/sun/tools/javac/comp/Attr$ResultInfo;)Lcom/sun/tools/javac/code/Type; 163 <appendix> form vmentry <vmtarget> ; # java/lang/invoke/LambdaForm$DMH+0x00000203d2298800
instanceKlass  @bci org/apache/maven/plugin/internal/DefaultMavenPluginManager setupPluginRealm (Lorg/apache/maven/plugin/descriptor/PluginDescriptor;Lorg/apache/maven/execution/MavenSession;Ljava/lang/ClassLoader;Ljava/util/List;Lorg/eclipse/aether/graph/DependencyFilter;)V 177 <appendix> member <vmtarget> ; # org/apache/maven/plugin/internal/DefaultMavenPluginManager$$Lambda+0x00000203d229eea8
instanceKlass org/apache/maven/plugin/CacheUtils
instanceKlass org/apache/maven/plugin/DefaultPluginRealmCache$CacheKey
instanceKlass org/eclipse/aether/util/graph/visitor/TreeDependencyVisitor
instanceKlass org/eclipse/aether/util/graph/visitor/FilteringDependencyVisitor
instanceKlass org/eclipse/aether/internal/impl/ArtifactRequestBuilder
instanceKlass org/eclipse/aether/util/graph/transformer/NearestVersionSelector$ConflictGroup
instanceKlass org/eclipse/aether/util/graph/transformer/ConflictResolver$ConflictItem
instanceKlass org/eclipse/aether/util/graph/transformer/ConflictResolver$NodeInfo
instanceKlass org/eclipse/aether/util/graph/transformer/ConflictResolver$ScopeContext
instanceKlass org/eclipse/aether/util/graph/transformer/ConflictResolver$ConflictContext
instanceKlass org/eclipse/aether/util/graph/transformer/ConflictResolver$State
instanceKlass org/eclipse/aether/util/graph/transformer/ConflictIdSorter$RootQueue
instanceKlass org/eclipse/aether/util/graph/transformer/ConflictIdSorter$ConflictId
instanceKlass org/eclipse/aether/util/graph/transformer/ConflictMarker$ConflictGroup
instanceKlass org/eclipse/aether/util/graph/transformer/ConflictMarker$Key
instanceKlass org/eclipse/aether/util/graph/transformer/ConflictMarker
instanceKlass org/eclipse/aether/util/graph/transformer/ConflictIdSorter
instanceKlass org/eclipse/aether/util/graph/transformer/TransformationContextKeys
instanceKlass org/eclipse/aether/internal/impl/collect/DefaultDependencyGraphTransformationContext
# instanceKlass java/lang/invoke/LambdaForm$MH+0x00000203d2298400
# instanceKlass java/lang/invoke/LambdaForm$MH+0x00000203d2298000
# instanceKlass java/lang/invoke/LambdaForm$MH+0x00000203d2294c00
# instanceKlass java/lang/invoke/LambdaForm$MH+0x00000203d2294800
instanceKlass org/eclipse/aether/util/graph/selector/ExclusionDependencySelector$ExclusionComparator
instanceKlass org/apache/maven/artifact/handler/DefaultArtifactHandler$__sisu12$$FastClassByGuice$$184414099
instanceKlass org/eclipse/aether/collection/DependencyManagement
instanceKlass org/eclipse/aether/internal/impl/collect/DataPool$GraphKey
instanceKlass org/eclipse/aether/internal/impl/collect/DefaultDependencyCycle
instanceKlass org/eclipse/aether/internal/impl/collect/DataPool$Descriptor
instanceKlass  @bci org/eclipse/aether/internal/impl/collect/DataPool$HardInternPool intern (Ljava/lang/Object;Ljava/lang/Object;)Ljava/lang/Object; 6 <appendix> member <vmtarget> ; # org/eclipse/aether/internal/impl/collect/DataPool$HardInternPool$$Lambda+0x00000203d22967e8
instanceKlass org/eclipse/aether/internal/impl/collect/DataPool$DescriptorKey
instanceKlass org/eclipse/aether/internal/impl/collect/DataPool$Constraint$VersionRepo
instanceKlass org/eclipse/aether/internal/impl/collect/DataPool$Constraint
instanceKlass org/eclipse/aether/internal/impl/collect/DataPool$ConstraintKey
instanceKlass org/eclipse/aether/internal/impl/collect/CollectStepDataImpl
instanceKlass org/eclipse/aether/collection/CollectStepData
instanceKlass org/eclipse/aether/graph/Dependency$Exclusions$1
instanceKlass  @bci org/eclipse/aether/util/graph/manager/ClassicDependencyManager deriveChildManager (Lorg/eclipse/aether/collection/DependencyCollectionContext;)Lorg/eclipse/aether/collection/DependencyManager; 420 <appendix> argL0 ; # org/eclipse/aether/util/graph/manager/ClassicDependencyManager$$Lambda+0x00000203d22934c0
instanceKlass org/eclipse/aether/util/graph/manager/ClassicDependencyManager$Key
instanceKlass org/eclipse/aether/internal/impl/collect/df/NodeStack
instanceKlass org/eclipse/aether/graph/DependencyCycle
instanceKlass org/eclipse/aether/internal/impl/collect/DataPool$HardInternPool
instanceKlass org/eclipse/aether/internal/impl/collect/DataPool$WeakInternPool
instanceKlass org/eclipse/aether/internal/impl/collect/DataPool$InternPool
instanceKlass org/eclipse/aether/internal/impl/collect/CachingArtifactTypeRegistry
instanceKlass org/apache/maven/artifact/handler/DefaultArtifactHandler$__sisu16$$FastClassByGuice$$183158995
instanceKlass  @bci org/apache/maven/RepositoryUtils toDependency (Lorg/apache/maven/model/Dependency;Lorg/eclipse/aether/artifact/ArtifactTypeRegistry;)Lorg/eclipse/aether/graph/Dependency; 106 <appendix> argL0 ; # org/apache/maven/RepositoryUtils$$Lambda+0x00000203d2292430
instanceKlass  @bci org/apache/maven/RepositoryUtils toDependency (Lorg/apache/maven/artifact/Artifact;Ljava/util/Collection;)Lorg/eclipse/aether/graph/Dependency; 29 <appendix> argL0 ; # org/apache/maven/RepositoryUtils$$Lambda+0x00000203d2292200
instanceKlass org/eclipse/aether/util/artifact/ArtifactIdUtils
instanceKlass org/apache/maven/project/DefaultDependencyResolutionRequest
instanceKlass org/apache/maven/lifecycle/internal/LifecycleDependencyResolver$ReactorDependencyFilter
instanceKlass org/eclipse/aether/util/filter/AndDependencyFilter
instanceKlass org/eclipse/aether/util/filter/ScopeDependencyFilter
instanceKlass  @bci org/apache/maven/project/artifact/DefaultProjectArtifactsCache createKey (Lorg/apache/maven/project/MavenProject;Ljava/util/Collection;Ljava/util/Collection;ZLorg/eclipse/aether/RepositorySystemSession;)Lorg/apache/maven/project/artifact/ProjectArtifactsCache$Key; 26 <appendix> argL0 ; # org/apache/maven/project/artifact/DefaultProjectArtifactsCache$$Lambda+0x00000203d2291330
instanceKlass org/apache/maven/project/artifact/DefaultProjectArtifactsCache$CacheKey
instanceKlass  @bci java/util/function/Predicate and (Ljava/util/function/Predicate;)Ljava/util/function/Predicate; 7 <appendix> member <vmtarget> ; # java/util/function/Predicate$$Lambda+0x00000203d22e7b60
instanceKlass  @cpi java/util/function/Predicate 72 form vmentry <vmtarget> ; # java/lang/invoke/LambdaForm$DMH+0x00000203d2294400
instanceKlass  @bci org/apache/maven/artifact/resolver/filter/ExclusionArtifactFilter <init> (Ljava/util/List;)V 14 <appendix> argL0 ; # org/apache/maven/artifact/resolver/filter/ExclusionArtifactFilter$$Lambda+0x00000203d2290ef0
instanceKlass  @bci org/apache/maven/artifact/resolver/filter/ExclusionArtifactFilter <init> (Ljava/util/List;)V 5 <appendix> argL0 ; # org/apache/maven/artifact/resolver/filter/ExclusionArtifactFilter$$Lambda+0x00000203d2290cb0
instanceKlass org/apache/maven/artifact/resolver/filter/ExclusionArtifactFilter
instanceKlass org/apache/maven/lifecycle/internal/MojoExecutor$ProjectLock
instanceKlass  @bci org/apache/maven/plugin/internal/DefaultMavenPluginManager checkPrerequisites (Lorg/apache/maven/plugin/descriptor/PluginDescriptor;)V 14 <appendix> member <vmtarget> ; # org/apache/maven/plugin/internal/DefaultMavenPluginManager$$Lambda+0x00000203d2290648
instanceKlass  @cpi org/apache/maven/plugin/internal/DefaultMavenPluginManager 1250 form vmentry <vmtarget> ; # java/lang/invoke/LambdaForm$DMH+0x00000203d2294000
instanceKlass org/apache/maven/lifecycle/internal/MojoExecutor$1
instanceKlass org/apache/maven/lifecycle/internal/ExecutionPlanItem
instanceKlass  @bci org/eclipse/aether/internal/impl/DefaultUpdateCheckManager setUpdated (Lorg/eclipse/aether/RepositorySystemSession;Ljava/lang/Object;)V 21 <appendix> argL0 ; # org/eclipse/aether/internal/impl/DefaultUpdateCheckManager$$Lambda+0x00000203d2290000
instanceKlass  @bci java/util/Map$Entry comparingByKey ()Ljava/util/Comparator; 0 <appendix> argL0 ; # java/util/Map$Entry$$Lambda+0x00000203d22e78d8
instanceKlass sun/util/cldr/CLDRBaseLocaleDataMetaInfo$TZCanonicalIDMapHolder
instanceKlass java/time/zone/Ser
instanceKlass java/io/Externalizable
instanceKlass java/time/zone/ZoneRulesProvider$1
instanceKlass java/time/zone/ZoneRulesProvider
instanceKlass sun/util/resources/provider/NonBaseLocaleDataMetaInfo
instanceKlass  @bci sun/util/locale/provider/JRELocaleProviderAdapter createSupportedLocaleString (Ljava/lang/String;)Ljava/lang/String; 6 <appendix> member <vmtarget> ; # sun/util/locale/provider/JRELocaleProviderAdapter$$Lambda+0x00000203d22e5c20
instanceKlass sun/util/locale/provider/BaseLocaleDataMetaInfo
instanceKlass  @bci sun/util/locale/provider/JRELocaleProviderAdapter getTimeZoneNameProvider ()Ljava/util/spi/TimeZoneNameProvider; 8 <appendix> member <vmtarget> ; # sun/util/locale/provider/JRELocaleProviderAdapter$$Lambda+0x00000203d22e57c0
instanceKlass  @bci sun/util/cldr/CLDRLocaleProviderAdapter getTimeZoneNameProvider ()Ljava/util/spi/TimeZoneNameProvider; 8 <appendix> member <vmtarget> ; # sun/util/cldr/CLDRLocaleProviderAdapter$$Lambda+0x00000203d22e5148
instanceKlass sun/util/locale/provider/TimeZoneNameUtility$TimeZoneNameGetter
instanceKlass sun/util/locale/provider/TimeZoneNameUtility
instanceKlass sun/nio/cs/Surrogate
instanceKlass sun/nio/cs/Surrogate$Parser
instanceKlass org/eclipse/aether/repository/LocalArtifactRegistration
instanceKlass  @bci org/eclipse/aether/internal/impl/DefaultFileProcessor write (Ljava/io/File;Ljava/lang/String;)V 5 <appendix> member <vmtarget> ; # org/eclipse/aether/internal/impl/DefaultFileProcessor$$Lambda+0x00000203d228fa78
instanceKlass org/eclipse/aether/util/FileUtils$FileWriter
instanceKlass  @bci org/eclipse/aether/connector/basic/ChecksumValidator validateChecksums (Ljava/util/Map;Lorg/eclipse/aether/spi/connector/checksum/ChecksumPolicy$ChecksumKind;Ljava/util/Map;)Z 79 <appendix> member <vmtarget> ; # org/eclipse/aether/connector/basic/ChecksumValidator$$Lambda+0x00000203d228f640
instanceKlass org/apache/http/util/EntityUtils
instanceKlass  @bci org/eclipse/aether/transport/http/HttpTransporter$EntityGetter extractChecksums (Lorg/apache/http/client/methods/CloseableHttpResponse;)V 68 <appendix> member <vmtarget> ; # org/eclipse/aether/transport/http/HttpTransporter$EntityGetter$$Lambda+0x00000203d228ee00
instanceKlass java/text/CalendarBuilder
instanceKlass java/text/ParsePosition
instanceKlass org/apache/http/client/utils/DateUtils$DateFormatHolder
instanceKlass org/apache/http/client/utils/DateUtils
instanceKlass sun/security/provider/ByteArrayAccess$LE
instanceKlass org/apache/http/entity/HttpEntityWrapper
instanceKlass org/apache/http/conn/EofSensorWatcher
instanceKlass org/apache/http/impl/execchain/HttpResponseProxy
instanceKlass org/apache/http/message/BasicHeaderElementIterator
instanceKlass org/apache/http/message/BasicHeaderIterator
instanceKlass org/apache/http/message/BasicTokenIterator
instanceKlass org/apache/http/message/BasicHeaderElement
instanceKlass org/apache/http/message/BasicNameValuePair
instanceKlass org/apache/http/message/BasicHeaderValueParser
instanceKlass org/apache/http/message/HeaderValueParser
instanceKlass org/apache/http/entity/AbstractHttpEntity
instanceKlass org/apache/http/message/BufferedHeader
instanceKlass org/apache/http/message/BasicStatusLine
instanceKlass org/apache/http/protocol/HTTP
instanceKlass org/apache/http/FormattedHeader
instanceKlass org/apache/http/message/BasicListHeaderIterator
instanceKlass org/apache/http/impl/auth/HttpAuthenticator$1
instanceKlass org/apache/http/conn/util/DnsUtils
instanceKlass org/apache/http/conn/ssl/DefaultHostnameVerifier$1
instanceKlass org/apache/http/conn/ssl/SubjectName
instanceKlass com/sun/crypto/provider/GaloisCounterMode$EncryptOp
instanceKlass sun/security/ssl/SSLBasicKeyDerivation$SecretSizeSpec
instanceKlass sun/security/ssl/SSLBasicKeyDerivation
instanceKlass sun/security/ssl/Finished$1
instanceKlass sun/security/ssl/Finished$T13VerifyDataGenerator
instanceKlass sun/security/ssl/Finished$T12VerifyDataGenerator
instanceKlass sun/security/ssl/Finished$T10VerifyDataGenerator
instanceKlass sun/security/ssl/Finished$S30VerifyDataGenerator
instanceKlass sun/security/ssl/Finished$VerifyDataGenerator
instanceKlass sun/security/util/math/IntegerModuloP$MultiplicativeInverser$Secp256R1Field
instanceKlass sun/security/ssl/X509Authentication$X509Credentials
instanceKlass sun/security/ssl/SSLConfiguration$1
instanceKlass javax/net/ssl/SSLParameters
instanceKlass sun/security/validator/EntrustTLSPolicy
instanceKlass sun/security/validator/SymantecTLSPolicy
instanceKlass java/util/RegularEnumSet$EnumSetIterator
instanceKlass sun/security/validator/CADistrustPolicy$3
instanceKlass java/security/cert/PKIXCertPathValidatorResult
instanceKlass java/security/cert/CertPathValidatorResult
instanceKlass  @bci sun/security/ec/ECDSASignature engineVerify ([B)Z 37 <appendix> member <vmtarget> ; # sun/security/ec/ECDSASignature$$Lambda+0x00000203d22888c0
instanceKlass  @bci sun/security/ec/ECDSAOperations forParameters (Ljava/security/spec/ECParameterSpec;)Ljava/util/Optional; 7 <appendix> member <vmtarget> ; # sun/security/ec/ECDSAOperations$$Lambda+0x00000203d2288688
instanceKlass sun/security/ec/ECDSAOperations
instanceKlass sun/security/util/SignatureUtil
instanceKlass java/security/interfaces/DSAPublicKey
instanceKlass java/security/interfaces/DSAKey
instanceKlass sun/security/util/Length
instanceKlass sun/security/provider/certpath/CertPathConstraintsParameters
instanceKlass sun/security/util/ConstraintsParameters
instanceKlass sun/security/provider/certpath/PKIXMasterCertPathValidator
instanceKlass sun/security/provider/certpath/PolicyNodeImpl
instanceKlass java/security/cert/PolicyNode
instanceKlass sun/security/util/DisabledAlgorithmConstraints$CertPathHolder
instanceKlass  @bci sun/security/x509/X509CertImpl getFingerprint (Ljava/lang/String;Lsun/security/util/Debug;)Ljava/lang/String; 7 <appendix> member <vmtarget> ; # sun/security/x509/X509CertImpl$$Lambda+0x00000203d22dba90
instanceKlass sun/security/util/UntrustedCertificates$1
instanceKlass sun/security/util/UntrustedCertificates
instanceKlass java/security/cert/X509CertSelector
instanceKlass java/security/cert/CertSelector
instanceKlass sun/security/provider/certpath/PKIX$ValidatorParams
instanceKlass sun/security/provider/certpath/PKIX
instanceKlass java/security/cert/CertPath
instanceKlass java/security/cert/CertPathValidatorSpi
instanceKlass java/security/cert/CertPathValidator
instanceKlass java/security/cert/PKIXCertPathChecker
instanceKlass java/security/cert/CertPathChecker
instanceKlass java/security/Timestamp
instanceKlass sun/security/ssl/SSLAlgorithmConstraints$SupportedSignatureAlgorithmConstraints
instanceKlass jdk/internal/icu/util/CodePointTrie$Data
instanceKlass jdk/internal/icu/util/CodePointMap
instanceKlass jdk/internal/icu/impl/NormalizerImpl$IsAcceptable
instanceKlass jdk/internal/icu/impl/NormalizerImpl
instanceKlass jdk/internal/icu/impl/Norm2AllModes$Norm2AllModesSingleton
instanceKlass jdk/internal/icu/impl/Norm2AllModes$NFKCSingleton
instanceKlass jdk/internal/icu/impl/Norm2AllModes
instanceKlass jdk/internal/icu/text/Normalizer2
instanceKlass jdk/internal/icu/text/NormalizerBase$ModeImpl
instanceKlass jdk/internal/icu/text/NormalizerBase$NFKDModeImpl
instanceKlass jdk/internal/icu/text/NormalizerBase$1
instanceKlass jdk/internal/icu/text/NormalizerBase$Mode
instanceKlass jdk/internal/icu/text/NormalizerBase
instanceKlass java/text/Normalizer
instanceKlass sun/security/pkcs/SignerInfo
instanceKlass sun/security/pkcs/PKCS9Attribute
instanceKlass sun/security/x509/AVAKeyword
instanceKlass java/security/cert/PKIXParameters
instanceKlass java/security/cert/CertPathParameters
instanceKlass sun/security/provider/certpath/CertPathHelper
instanceKlass java/security/cert/TrustAnchor
instanceKlass sun/security/validator/EndEntityChecker
instanceKlass sun/security/validator/Validator
instanceKlass javax/net/ssl/SSLEngine
instanceKlass sun/security/ssl/CertificateMessage$CertificateEntry
instanceKlass sun/security/ssl/ServerNameExtension$SHServerNamesSpec
instanceKlass com/sun/crypto/provider/GaloisCounterMode$DecryptOp
instanceKlass com/sun/crypto/provider/GaloisCounterMode$GCMOperation
instanceKlass com/sun/crypto/provider/GHASH
instanceKlass com/sun/crypto/provider/GCM
instanceKlass com/sun/crypto/provider/GaloisCounterMode$GCMEngine
instanceKlass javax/crypto/spec/GCMParameterSpec
instanceKlass sun/security/ssl/ChangeCipherSpec$T13ChangeCipherSpecConsumer
instanceKlass sun/security/ssl/ChangeCipherSpec$T10ChangeCipherSpecProducer
instanceKlass sun/security/ssl/ChangeCipherSpec$T10ChangeCipherSpecConsumer
instanceKlass sun/security/ssl/ChangeCipherSpec
instanceKlass javax/crypto/spec/IvParameterSpec
instanceKlass sun/security/ssl/SSLTrafficKeyDerivation$T13TrafficKeyDerivation
instanceKlass sun/security/ssl/SSLTrafficKeyDerivation$1
instanceKlass sun/security/ssl/SSLTrafficKeyDerivation$T13TrafficKeyDerivationGenerator
instanceKlass sun/security/ssl/SSLTrafficKeyDerivation$T12TrafficKeyDerivationGenerator
instanceKlass sun/security/ssl/SSLTrafficKeyDerivation$T10TrafficKeyDerivationGenerator
instanceKlass sun/security/ssl/SSLTrafficKeyDerivation$S30TrafficKeyDerivationGenerator
instanceKlass sun/security/ssl/SSLKeyDerivationGenerator
instanceKlass sun/security/ssl/SSLSecretDerivation
instanceKlass javax/crypto/MacSpi
instanceKlass javax/crypto/Mac
instanceKlass sun/security/ssl/HKDF
instanceKlass  @bci javax/crypto/spec/SecretKeySpec <clinit> ()V 0 <appendix> argL0 ; # javax/crypto/spec/SecretKeySpec$$Lambda+0x00000203d22cc008
instanceKlass jdk/internal/access/JavaxCryptoSpecAccess
instanceKlass javax/crypto/spec/SecretKeySpec
instanceKlass  @bci sun/security/ec/XDHKeyAgreement engineDoPhase (Ljava/security/Key;Z)Ljava/security/Key; 70 <appendix> argL0 ; # sun/security/ec/XDHKeyAgreement$$Lambda+0x00000203d2288230
instanceKlass  @bci sun/security/ec/XDHKeyAgreement initImpl (Ljava/security/Key;)V 66 <appendix> argL0 ; # sun/security/ec/XDHKeyAgreement$$Lambda+0x00000203d2287de0
instanceKlass  @bci sun/security/ec/XDHKeyAgreement initImpl (Ljava/security/Key;)V 38 <appendix> argL0 ; # sun/security/ec/XDHKeyAgreement$$Lambda+0x00000203d2288000
instanceKlass  @bci sun/security/ec/XDHKeyAgreement initImpl (Ljava/security/Key;)V 22 <appendix> argL0 ; # sun/security/ec/XDHKeyAgreement$$Lambda+0x00000203d2287bb0
instanceKlass javax/crypto/SecretKey
instanceKlass javax/crypto/KeyAgreementSpi
instanceKlass sun/security/ssl/KAKeyDerivation
instanceKlass sun/security/ssl/XDHKeyExchange$XDHEKAGenerator
instanceKlass sun/security/ssl/XDHKeyExchange
instanceKlass  @bci sun/security/ec/XDHKeyFactory generatePublicImpl (Ljava/security/spec/KeySpec;)Ljava/security/PublicKey; 65 <appendix> argL0 ; # sun/security/ec/XDHKeyFactory$$Lambda+0x00000203d2287750
instanceKlass  @bci sun/security/ec/XDHKeyFactory generatePublicImpl (Ljava/security/spec/KeySpec;)Ljava/security/PublicKey; 51 <appendix> argL0 ; # sun/security/ec/XDHKeyFactory$$Lambda+0x00000203d2287520
instanceKlass java/security/spec/XECPublicKeySpec
instanceKlass sun/security/ssl/XDHKeyExchange$XDHECredentials
instanceKlass sun/security/ssl/NamedGroupCredentials
instanceKlass sun/security/ssl/KeyShareExtension$SHKeyShareSpec
instanceKlass sun/security/ssl/HandshakeHash$CloneableHash
instanceKlass sun/security/ssl/HandshakeHash$T13HandshakeHash
instanceKlass sun/security/ssl/SupportedVersionsExtension$SHSupportedVersionsSpec
instanceKlass sun/security/ssl/TransportContext$1
instanceKlass sun/security/ssl/Plaintext
instanceKlass sun/security/ssl/OutputRecord$T13PaddingHolder
instanceKlass sun/security/ssl/KeyShareExtension$CHKeyShareSpec
instanceKlass sun/security/util/math/IntegerModuloP$MultiplicativeInverser$Secp256R1
instanceKlass sun/security/ec/ECOperations$PointMultiplier$Default
instanceKlass sun/security/ec/ECOperations$PointMultiplier$Secp256R1GeneratorMultiplier$P256
instanceKlass sun/security/ec/ECOperations$PointMultiplier$Secp256R1GeneratorMultiplier
instanceKlass sun/security/ec/ECOperations$PointMultiplier
instanceKlass  @bci sun/security/ec/ECPrivateKeyImpl calculatePublicKey ()Ljava/security/PublicKey; 9 <appendix> argL0 ; # sun/security/ec/ECPrivateKeyImpl$$Lambda+0x00000203d22856c0
instanceKlass sun/security/util/ArrayUtil
instanceKlass java/security/interfaces/ECPrivateKey
instanceKlass sun/security/ec/ECOperations
instanceKlass sun/security/ssl/ECDHKeyExchange$ECDHEPossession
instanceKlass sun/security/ssl/KeyShareExtension$KeyShareEntry
instanceKlass sun/security/ssl/XDHKeyExchange$1
instanceKlass sun/security/pkcs/PKCS8Key
instanceKlass sun/security/util/InternalPrivateKey
instanceKlass java/security/interfaces/XECPrivateKey
instanceKlass java/security/interfaces/XECPublicKey
instanceKlass java/security/interfaces/XECKey
instanceKlass java/security/KeyPair
instanceKlass java/math/MutableBigInteger
instanceKlass sun/security/util/math/IntegerModuloP$MultiplicativeInverser$Default
instanceKlass sun/security/util/math/IntegerModuloP$MultiplicativeInverser
instanceKlass sun/security/util/math/MutableIntegerModuloP
instanceKlass sun/security/jca/JCAUtil$CachedSecureRandomHolder
instanceKlass sun/security/ec/XECOperations
instanceKlass sun/security/ec/XECParameters
instanceKlass  @bci sun/security/ec/XDHKeyPairGenerator initialize (Ljava/security/spec/AlgorithmParameterSpec;Ljava/security/SecureRandom;)V 0 <appendix> argL0 ; # sun/security/ec/XDHKeyPairGenerator$$Lambda+0x00000203d22844c0
instanceKlass sun/security/ssl/XDHKeyExchange$XDHEPossession
instanceKlass sun/security/ssl/ECDHKeyExchange$ECDHEXDHKAGenerator
instanceKlass sun/security/ssl/ECDHKeyExchange$ECDHEKAGenerator
instanceKlass sun/security/ssl/ECDHKeyExchange$ECDHKAGenerator
instanceKlass sun/security/ssl/ECDHKeyExchange$ECDHEPossessionGenerator
instanceKlass sun/security/ssl/ECDHKeyExchange
instanceKlass sun/security/ssl/DHKeyExchange$DHEKAGenerator
instanceKlass sun/security/ssl/DHKeyExchange$DHEPossessionGenerator
instanceKlass sun/security/ssl/DHKeyExchange
instanceKlass sun/security/ssl/RSAKeyExchange$RSAKAGenerator
instanceKlass sun/security/ssl/RSAKeyExchange$EphemeralRSAPossessionGenerator
instanceKlass sun/security/ssl/RSAKeyExchange
instanceKlass sun/security/ssl/SSLKeyExchange$T13KeyAgreement
instanceKlass sun/security/ssl/SSLKeyAgreement
instanceKlass sun/security/ssl/SSLPossessionGenerator
instanceKlass sun/security/ssl/SSLKeyExchange
instanceKlass sun/security/ssl/SSLHandshakeBinding
instanceKlass sun/security/ssl/SSLKeyAgreementGenerator
instanceKlass sun/security/ssl/PskKeyExchangeModesExtension$PskKeyExchangeModesSpec
instanceKlass sun/security/ssl/SupportedVersionsExtension$CHSupportedVersionsSpec
instanceKlass sun/security/ssl/SignatureAlgorithmsExtension$SignatureSchemesSpec
instanceKlass sun/security/ssl/ExtendedMasterSecretExtension$ExtendedMasterSecretSpec
instanceKlass sun/security/ssl/CertStatusExtension$CertStatusRequestV2Spec
instanceKlass sun/security/ssl/ECPointFormatsExtension$ECPointFormatsSpec
instanceKlass sun/security/ssl/SupportedGroupsExtension$SupportedGroupsSpec
instanceKlass sun/security/ssl/CertStatusExtension$CertStatusRequest
instanceKlass sun/security/ssl/CertStatusExtension$CertStatusRequestSpec
instanceKlass sun/security/ssl/ServerNameExtension$CHServerNamesSpec
instanceKlass sun/security/ssl/SSLExtension$SSLExtensionSpec
instanceKlass sun/security/ssl/SSLExtension$ClientExtensions
instanceKlass sun/security/ssl/PreSharedKeyExtension$SHPreSharedKeyStringizer
instanceKlass sun/security/ssl/PreSharedKeyExtension$SHPreSharedKeyAbsence
instanceKlass sun/security/ssl/PreSharedKeyExtension$SHPreSharedKeyConsumer
instanceKlass sun/security/ssl/PreSharedKeyExtension$SHPreSharedKeyProducer
instanceKlass sun/security/ssl/PreSharedKeyExtension$CHPreSharedKeyStringizer
instanceKlass sun/security/ssl/PreSharedKeyExtension$CHPreSharedKeyOnTradeAbsence
instanceKlass sun/security/ssl/PreSharedKeyExtension$CHPreSharedKeyUpdate
instanceKlass sun/security/ssl/PreSharedKeyExtension$CHPreSharedKeyOnLoadAbsence
instanceKlass sun/security/ssl/PreSharedKeyExtension$CHPreSharedKeyConsumer
instanceKlass sun/security/ssl/PreSharedKeyExtension$CHPreSharedKeyProducer
instanceKlass sun/security/ssl/PreSharedKeyExtension
instanceKlass sun/security/ssl/RenegoInfoExtension$RenegotiationInfoStringizer
instanceKlass sun/security/ssl/RenegoInfoExtension$SHRenegotiationInfoAbsence
instanceKlass sun/security/ssl/RenegoInfoExtension$SHRenegotiationInfoConsumer
instanceKlass sun/security/ssl/RenegoInfoExtension$SHRenegotiationInfoProducer
instanceKlass sun/security/ssl/RenegoInfoExtension$CHRenegotiationInfoAbsence
instanceKlass sun/security/ssl/RenegoInfoExtension$CHRenegotiationInfoConsumer
instanceKlass sun/security/ssl/RenegoInfoExtension$CHRenegotiationInfoProducer
instanceKlass sun/security/ssl/RenegoInfoExtension
instanceKlass sun/security/ssl/KeyShareExtension$HRRKeyShareStringizer
instanceKlass sun/security/ssl/KeyShareExtension$HRRKeyShareReproducer
instanceKlass sun/security/ssl/KeyShareExtension$HRRKeyShareConsumer
instanceKlass sun/security/ssl/KeyShareExtension$HRRKeyShareProducer
instanceKlass sun/security/ssl/KeyShareExtension$SHKeyShareStringizer
instanceKlass sun/security/ssl/KeyShareExtension$SHKeyShareAbsence
instanceKlass sun/security/ssl/KeyShareExtension$SHKeyShareConsumer
instanceKlass sun/security/ssl/KeyShareExtension$SHKeyShareProducer
instanceKlass sun/security/ssl/KeyShareExtension$CHKeyShareStringizer
instanceKlass sun/security/ssl/KeyShareExtension$CHKeyShareOnTradeAbsence
instanceKlass sun/security/ssl/KeyShareExtension$CHKeyShareConsumer
instanceKlass sun/security/ssl/KeyShareExtension$CHKeyShareProducer
instanceKlass sun/security/ssl/KeyShareExtension
instanceKlass sun/security/ssl/CertSignAlgsExtension$CertSignatureSchemesStringizer
instanceKlass sun/security/ssl/CertSignAlgsExtension$CRCertSignatureSchemesUpdate
instanceKlass sun/security/ssl/CertSignAlgsExtension$CRCertSignatureSchemesConsumer
instanceKlass sun/security/ssl/CertSignAlgsExtension$CRCertSignatureSchemesProducer
instanceKlass sun/security/ssl/CertSignAlgsExtension$CHCertSignatureSchemesUpdate
instanceKlass sun/security/ssl/CertSignAlgsExtension$CHCertSignatureSchemesConsumer
instanceKlass sun/security/ssl/CertSignAlgsExtension$CHCertSignatureSchemesProducer
instanceKlass sun/security/ssl/CertSignAlgsExtension
instanceKlass sun/security/ssl/CertificateAuthoritiesExtension$CertificateAuthoritiesStringizer
instanceKlass sun/security/ssl/CertificateAuthoritiesExtension$CRCertificateAuthoritiesConsumer
instanceKlass sun/security/ssl/CertificateAuthoritiesExtension$CRCertificateAuthoritiesProducer
instanceKlass sun/security/ssl/CertificateAuthoritiesExtension$CHCertificateAuthoritiesConsumer
instanceKlass sun/security/ssl/CertificateAuthoritiesExtension$CHCertificateAuthoritiesProducer
instanceKlass sun/security/ssl/CertificateAuthoritiesExtension
instanceKlass sun/security/ssl/PskKeyExchangeModesExtension$PskKeyExchangeModesStringizer
instanceKlass sun/security/ssl/PskKeyExchangeModesExtension$PskKeyExchangeModesOnTradeAbsence
instanceKlass sun/security/ssl/PskKeyExchangeModesExtension$PskKeyExchangeModesOnLoadAbsence
instanceKlass sun/security/ssl/PskKeyExchangeModesExtension$PskKeyExchangeModesConsumer
instanceKlass sun/security/ssl/PskKeyExchangeModesExtension$PskKeyExchangeModesProducer
instanceKlass sun/security/ssl/PskKeyExchangeModesExtension
instanceKlass sun/security/ssl/CookieExtension$CookieStringizer
instanceKlass sun/security/ssl/CookieExtension$HRRCookieReproducer
instanceKlass sun/security/ssl/CookieExtension$HRRCookieConsumer
instanceKlass sun/security/ssl/CookieExtension$HRRCookieProducer
instanceKlass sun/security/ssl/CookieExtension$CHCookieUpdate
instanceKlass sun/security/ssl/CookieExtension$CHCookieConsumer
instanceKlass sun/security/ssl/CookieExtension$CHCookieProducer
instanceKlass sun/security/ssl/CookieExtension
instanceKlass sun/security/ssl/SupportedVersionsExtension$HRRSupportedVersionsReproducer
instanceKlass sun/security/ssl/SupportedVersionsExtension$HRRSupportedVersionsConsumer
instanceKlass sun/security/ssl/SupportedVersionsExtension$HRRSupportedVersionsProducer
instanceKlass sun/security/ssl/SupportedVersionsExtension$SHSupportedVersionsStringizer
instanceKlass sun/security/ssl/SupportedVersionsExtension$SHSupportedVersionsConsumer
instanceKlass sun/security/ssl/SupportedVersionsExtension$SHSupportedVersionsProducer
instanceKlass sun/security/ssl/SupportedVersionsExtension$CHSupportedVersionsStringizer
instanceKlass sun/security/ssl/SupportedVersionsExtension$CHSupportedVersionsConsumer
instanceKlass sun/security/ssl/SupportedVersionsExtension$CHSupportedVersionsProducer
instanceKlass sun/security/ssl/SupportedVersionsExtension
instanceKlass sun/security/ssl/SignatureAlgorithmsExtension$SignatureSchemesStringizer
instanceKlass sun/security/ssl/SignatureAlgorithmsExtension$CRSignatureSchemesUpdate
instanceKlass sun/security/ssl/SignatureAlgorithmsExtension$CRSignatureSchemesAbsence
instanceKlass sun/security/ssl/SignatureAlgorithmsExtension$CRSignatureSchemesConsumer
instanceKlass sun/security/ssl/SignatureAlgorithmsExtension$CRSignatureSchemesProducer
instanceKlass sun/security/ssl/SignatureAlgorithmsExtension$CHSignatureSchemesOnTradeAbsence
instanceKlass sun/security/ssl/SignatureAlgorithmsExtension$CHSignatureSchemesUpdate
instanceKlass sun/security/ssl/SignatureAlgorithmsExtension$CHSignatureSchemesOnLoadAbsence
instanceKlass sun/security/ssl/SignatureAlgorithmsExtension$CHSignatureSchemesConsumer
instanceKlass sun/security/ssl/SignatureAlgorithmsExtension$CHSignatureSchemesProducer
instanceKlass sun/security/ssl/SignatureAlgorithmsExtension
instanceKlass sun/security/ssl/SessionTicketExtension$SessionTicketStringizer
instanceKlass sun/security/ssl/SessionTicketExtension$T12SHSessionTicketConsumer
instanceKlass sun/security/ssl/SessionTicketExtension$T12SHSessionTicketProducer
instanceKlass sun/security/ssl/SessionTicketExtension$T12CHSessionTicketConsumer
instanceKlass sun/security/ssl/SessionTicketExtension$T12CHSessionTicketProducer
instanceKlass sun/security/ssl/SessionTicketExtension
instanceKlass sun/security/ssl/ExtendedMasterSecretExtension$ExtendedMasterSecretStringizer
instanceKlass sun/security/ssl/ExtendedMasterSecretExtension$SHExtendedMasterSecretAbsence
instanceKlass sun/security/ssl/ExtendedMasterSecretExtension$SHExtendedMasterSecretConsumer
instanceKlass sun/security/ssl/ExtendedMasterSecretExtension$SHExtendedMasterSecretProducer
instanceKlass sun/security/ssl/ExtendedMasterSecretExtension$CHExtendedMasterSecretAbsence
instanceKlass sun/security/ssl/ExtendedMasterSecretExtension$CHExtendedMasterSecretConsumer
instanceKlass sun/security/ssl/ExtendedMasterSecretExtension$CHExtendedMasterSecretProducer
instanceKlass sun/security/ssl/ExtendedMasterSecretExtension
instanceKlass  @bci sun/security/ssl/AlpnExtension <clinit> ()V 100 <appendix> argL0 ; # sun/security/ssl/AlpnExtension$$Lambda+0x00000203d2273498
instanceKlass sun/security/ssl/AlpnExtension$AlpnStringizer
instanceKlass sun/security/ssl/AlpnExtension$SHAlpnAbsence
instanceKlass sun/security/ssl/AlpnExtension$SHAlpnConsumer
instanceKlass sun/security/ssl/AlpnExtension$SHAlpnProducer
instanceKlass sun/security/ssl/AlpnExtension$CHAlpnAbsence
instanceKlass sun/security/ssl/AlpnExtension$CHAlpnConsumer
instanceKlass sun/security/ssl/AlpnExtension$CHAlpnProducer
instanceKlass sun/security/ssl/AlpnExtension
instanceKlass sun/security/ssl/ECPointFormatsExtension$ECPointFormatsStringizer
instanceKlass sun/security/ssl/ECPointFormatsExtension$SHECPointFormatsConsumer
instanceKlass sun/security/ssl/ECPointFormatsExtension$CHECPointFormatsConsumer
instanceKlass sun/security/ssl/ECPointFormatsExtension$CHECPointFormatsProducer
instanceKlass sun/security/ssl/ECPointFormatsExtension
instanceKlass sun/security/ssl/SupportedGroupsExtension$EESupportedGroupsConsumer
instanceKlass sun/security/ssl/SupportedGroupsExtension$EESupportedGroupsProducer
instanceKlass sun/security/ssl/SupportedGroupsExtension$SupportedGroupsStringizer
instanceKlass sun/security/ssl/SupportedGroupsExtension$CHSupportedGroupsOnTradeAbsence
instanceKlass sun/security/ssl/SupportedGroupsExtension$CHSupportedGroupsConsumer
instanceKlass sun/security/ssl/SupportedGroupsExtension$CHSupportedGroupsProducer
instanceKlass sun/security/ssl/SupportedGroupsExtension
instanceKlass sun/security/ssl/CertStatusExtension$CertStatusRespStringizer
instanceKlass sun/security/ssl/CertStatusExtension$CertStatusRequestsStringizer
instanceKlass sun/security/ssl/CertStatusExtension$SHCertStatusReqV2Consumer
instanceKlass sun/security/ssl/CertStatusExtension$SHCertStatusReqV2Producer
instanceKlass sun/security/ssl/CertStatusExtension$CHCertStatusReqV2Consumer
instanceKlass sun/security/ssl/CertStatusExtension$CHCertStatusReqV2Producer
instanceKlass sun/security/ssl/CertStatusExtension$CertStatusRequestStringizer
instanceKlass sun/security/ssl/CertStatusExtension$CTCertStatusResponseConsumer
instanceKlass sun/security/ssl/CertStatusExtension$CTCertStatusResponseProducer
instanceKlass sun/security/ssl/CertStatusExtension$SHCertStatusReqConsumer
instanceKlass sun/security/ssl/CertStatusExtension$SHCertStatusReqProducer
instanceKlass sun/security/ssl/CertStatusExtension$CHCertStatusReqConsumer
instanceKlass sun/security/ssl/CertStatusExtension$CHCertStatusReqProducer
instanceKlass sun/security/ssl/CertStatusExtension
instanceKlass sun/security/ssl/MaxFragExtension$MaxFragLenStringizer
instanceKlass sun/security/ssl/MaxFragExtension$EEMaxFragmentLengthUpdate
instanceKlass sun/security/ssl/MaxFragExtension$EEMaxFragmentLengthConsumer
instanceKlass sun/security/ssl/MaxFragExtension$EEMaxFragmentLengthProducer
instanceKlass sun/security/ssl/MaxFragExtension$SHMaxFragmentLengthUpdate
instanceKlass sun/security/ssl/MaxFragExtension$SHMaxFragmentLengthConsumer
instanceKlass sun/security/ssl/MaxFragExtension$SHMaxFragmentLengthProducer
instanceKlass sun/security/ssl/MaxFragExtension$CHMaxFragmentLengthConsumer
instanceKlass sun/security/ssl/MaxFragExtension$CHMaxFragmentLengthProducer
instanceKlass sun/security/ssl/MaxFragExtension
instanceKlass sun/security/ssl/ServerNameExtension$EEServerNameConsumer
instanceKlass sun/security/ssl/ServerNameExtension$EEServerNameProducer
instanceKlass sun/security/ssl/ServerNameExtension$SHServerNamesStringizer
instanceKlass sun/security/ssl/ServerNameExtension$SHServerNameConsumer
instanceKlass sun/security/ssl/ServerNameExtension$SHServerNameProducer
instanceKlass sun/security/ssl/ServerNameExtension$CHServerNamesStringizer
instanceKlass sun/security/ssl/ServerNameExtension$CHServerNameConsumer
instanceKlass sun/security/ssl/SSLExtension$ExtensionConsumer
instanceKlass sun/security/ssl/ServerNameExtension$CHServerNameProducer
instanceKlass sun/security/ssl/ServerNameExtension
instanceKlass sun/security/ssl/SSLStringizer
instanceKlass sun/security/ssl/SSLExtensions
instanceKlass sun/security/ssl/SSLHandshake$HandshakeMessage
instanceKlass sun/security/ssl/RandomCookie
instanceKlass java/lang/Byte$ByteCache
instanceKlass sun/security/util/KeyUtil
instanceKlass sun/security/ssl/SSLKeyDerivation
instanceKlass sun/security/ssl/SSLCredentials
instanceKlass sun/security/ssl/NamedGroupPossession
instanceKlass sun/security/ssl/SSLPossession
instanceKlass sun/security/ssl/HandshakeContext
instanceKlass jdk/internal/icu/impl/Trie2$UTrie2Header
instanceKlass jdk/internal/icu/impl/Trie2$1
instanceKlass jdk/internal/icu/impl/Trie2$ValueMapper
instanceKlass jdk/internal/icu/impl/Trie2
instanceKlass jdk/internal/icu/impl/UCharacterProperty$IsAcceptable
instanceKlass jdk/internal/icu/impl/ICUBinary$1
instanceKlass jdk/internal/icu/impl/UCharacterProperty$IntProperty
instanceKlass jdk/internal/icu/impl/UCharacterProperty
instanceKlass jdk/internal/icu/lang/UCharacter
instanceKlass jdk/internal/icu/util/VersionInfo
instanceKlass jdk/internal/icu/impl/Trie
instanceKlass jdk/internal/icu/text/StringPrep$StringPrepTrieImpl
instanceKlass jdk/internal/icu/impl/Trie$DataManipulate
instanceKlass jdk/internal/icu/impl/ICUBinary
instanceKlass jdk/internal/icu/impl/StringPrepDataReader
instanceKlass jdk/internal/icu/impl/ICUBinary$Authenticate
instanceKlass  @bci jdk/internal/module/SystemModuleFinders$SystemModuleReader open (Ljava/lang/String;)Ljava/util/Optional; 6 <appendix> member <vmtarget> ; # jdk/internal/module/SystemModuleFinders$SystemModuleReader$$Lambda+0x00000203d2266ee0
instanceKlass jdk/internal/icu/text/StringPrep
instanceKlass java/net/IDN
instanceKlass javax/net/ssl/SNIServerName
instanceKlass sun/security/ssl/DTLSRecord
instanceKlass sun/security/ssl/SessionId
instanceKlass java/security/spec/MGF1ParameterSpec
instanceKlass sun/security/ec/ParametersMap$1
instanceKlass  @bci sun/security/ec/ed/EdDSAParameters <clinit> ()V 268 <appendix> argL0 ; # sun/security/ec/ed/EdDSAParameters$$Lambda+0x00000203d2283940
instanceKlass sun/security/ec/ed/EdDSAParameters$SHAKE256DigesterFactory
instanceKlass sun/security/ec/point/ProjectivePoint
instanceKlass  @bci sun/security/ec/ed/EdDSAParameters <clinit> ()V 117 <appendix> argL0 ; # sun/security/ec/ed/EdDSAParameters$$Lambda+0x00000203d2282fb8
instanceKlass sun/security/ec/ed/EdDSAParameters$Digester
instanceKlass sun/security/ec/ed/EdDSAParameters$SHA512DigesterFactory
instanceKlass sun/security/ec/point/ExtendedHomogeneousPoint
instanceKlass sun/security/ec/point/AffinePoint
instanceKlass sun/security/util/math/intpoly/IntegerPolynomial$Limb
instanceKlass sun/security/util/math/SmallValue
instanceKlass sun/security/ec/point/MutablePoint
instanceKlass sun/security/ec/point/ImmutablePoint
instanceKlass sun/security/ec/point/Point
instanceKlass sun/security/util/math/intpoly/IntegerPolynomial$Element
instanceKlass sun/security/util/math/ImmutableIntegerModuloP
instanceKlass sun/security/util/math/IntegerModuloP
instanceKlass sun/security/util/math/intpoly/IntegerPolynomial
instanceKlass sun/security/ec/ParametersMap
instanceKlass sun/security/ec/ed/EdECOperations
instanceKlass sun/security/ec/ed/EdDSAParameters$DigesterFactory
instanceKlass sun/security/util/math/IntegerFieldModuloP
instanceKlass sun/security/ec/ed/EdDSAParameters
instanceKlass  @bci sun/security/ec/ed/EdDSASignature <init> (Ljava/security/spec/NamedParameterSpec;)V 27 <appendix> argL0 ; # sun/security/ec/ed/EdDSASignature$$Lambda+0x00000203d2280eb8
instanceKlass java/security/spec/EdDSAParameterSpec
instanceKlass sun/security/ec/ed/EdDSASignature$MessageAccumulator
instanceKlass javax/net/ssl/ExtendedSSLSession
instanceKlass javax/net/ssl/SSLSession
instanceKlass javax/crypto/spec/DHParameterSpec
instanceKlass sun/security/ssl/PredefinedDHParameterSpecs$1
instanceKlass sun/security/ssl/PredefinedDHParameterSpecs
instanceKlass  @bci sun/security/provider/certpath/ldap/JdkLDAP <init> ()V 15 <appendix> member <vmtarget> ; # sun/security/provider/certpath/ldap/JdkLDAP$$Lambda+0x00000203d225ffa8
instanceKlass com/sun/security/sasl/Provider$1
instanceKlass  @bci sun/security/jgss/SunProvider <init> ()V 15 <appendix> member <vmtarget> ; # sun/security/jgss/SunProvider$$Lambda+0x00000203d223fc70
instanceKlass sun/security/mscapi/SunMSCAPI$2
instanceKlass sun/security/mscapi/SunMSCAPI$1
instanceKlass org/jcp/xml/dsig/internal/dom/XMLDSigRI$2
instanceKlass org/jcp/xml/dsig/internal/dom/XMLDSigRI$1
instanceKlass  @bci sun/security/pkcs11/SunPKCS11 register (Lsun/security/pkcs11/SunPKCS11$Descriptor;)V 27 <appendix> argL0 ; # sun/security/pkcs11/SunPKCS11$$Lambda+0x00000203d223db20
instanceKlass sun/security/pkcs11/SunPKCS11$Descriptor
instanceKlass javax/security/auth/Subject
instanceKlass javax/security/auth/callback/CallbackHandler
instanceKlass sun/security/smartcardio/SunPCSC$1
instanceKlass com/sun/security/sasl/gsskerb/JdkSASL$1
instanceKlass sun/security/ssl/NamedGroup$SupportedGroups
instanceKlass sun/security/ssl/SSLConfiguration$CustomizedClientSignatureSchemes
instanceKlass javax/crypto/KeyGeneratorSpi
instanceKlass javax/crypto/KeyGenerator
instanceKlass sun/security/ssl/SSLConfiguration
instanceKlass sun/security/ssl/SSLCipher$SSLWriteCipher
instanceKlass sun/security/ssl/KeyUpdate$KeyUpdateProducer
instanceKlass sun/security/ssl/KeyUpdate$KeyUpdateConsumer
instanceKlass sun/security/ssl/KeyUpdate$KeyUpdateKickstartProducer
instanceKlass sun/security/ssl/KeyUpdate
instanceKlass sun/security/ssl/CertificateStatus$CertificateStatusAbsence
instanceKlass sun/security/ssl/HandshakeAbsence
instanceKlass sun/security/ssl/CertificateStatus$CertificateStatusProducer
instanceKlass sun/security/ssl/CertificateStatus$CertificateStatusConsumer
instanceKlass sun/security/ssl/CertificateStatus
instanceKlass sun/security/ssl/Finished$T13FinishedProducer
instanceKlass sun/security/ssl/Finished$T13FinishedConsumer
instanceKlass sun/security/ssl/Finished$T12FinishedProducer
instanceKlass sun/security/ssl/Finished$T12FinishedConsumer
instanceKlass sun/security/ssl/Finished
instanceKlass sun/security/ssl/ClientKeyExchange$ClientKeyExchangeProducer
instanceKlass sun/security/ssl/ClientKeyExchange$ClientKeyExchangeConsumer
instanceKlass sun/security/ssl/ClientKeyExchange
instanceKlass sun/security/ssl/CertificateVerify$T13CertificateVerifyProducer
instanceKlass sun/security/ssl/CertificateVerify$T13CertificateVerifyConsumer
instanceKlass sun/security/ssl/CertificateVerify$T12CertificateVerifyProducer
instanceKlass sun/security/ssl/CertificateVerify$T12CertificateVerifyConsumer
instanceKlass sun/security/ssl/CertificateVerify$T10CertificateVerifyProducer
instanceKlass sun/security/ssl/CertificateVerify$T10CertificateVerifyConsumer
instanceKlass sun/security/ssl/CertificateVerify$S30CertificateVerifyProducer
instanceKlass sun/security/ssl/CertificateVerify$S30CertificateVerifyConsumer
instanceKlass sun/security/ssl/CertificateVerify
instanceKlass sun/security/ssl/ServerHelloDone$ServerHelloDoneProducer
instanceKlass sun/security/ssl/ServerHelloDone$ServerHelloDoneConsumer
instanceKlass sun/security/ssl/ServerHelloDone
instanceKlass sun/security/ssl/CertificateRequest$T13CertificateRequestProducer
instanceKlass sun/security/ssl/CertificateRequest$T13CertificateRequestConsumer
instanceKlass sun/security/ssl/CertificateRequest$T12CertificateRequestProducer
instanceKlass sun/security/ssl/CertificateRequest$T12CertificateRequestConsumer
instanceKlass sun/security/ssl/CertificateRequest$T10CertificateRequestProducer
instanceKlass sun/security/ssl/CertificateRequest$T10CertificateRequestConsumer
instanceKlass sun/security/ssl/CertificateRequest
instanceKlass sun/security/ssl/ServerKeyExchange$ServerKeyExchangeProducer
instanceKlass sun/security/ssl/ServerKeyExchange$ServerKeyExchangeConsumer
instanceKlass sun/security/ssl/ServerKeyExchange
instanceKlass sun/security/ssl/CertificateMessage$T13CertificateProducer
instanceKlass sun/security/ssl/CertificateMessage$T13CertificateConsumer
instanceKlass sun/security/ssl/CertificateMessage$T12CertificateProducer
instanceKlass sun/security/ssl/CertificateMessage$T12CertificateConsumer
instanceKlass sun/security/ssl/CertificateMessage
instanceKlass sun/security/ssl/EncryptedExtensions$EncryptedExtensionsConsumer
instanceKlass sun/security/ssl/EncryptedExtensions$EncryptedExtensionsProducer
instanceKlass sun/security/ssl/EncryptedExtensions
instanceKlass sun/security/ssl/NewSessionTicket$T12NewSessionTicketProducer
instanceKlass sun/security/ssl/NewSessionTicket$T13NewSessionTicketProducer
instanceKlass sun/security/ssl/NewSessionTicket$T12NewSessionTicketConsumer
instanceKlass sun/security/ssl/NewSessionTicket$T13NewSessionTicketConsumer
instanceKlass sun/security/ssl/NewSessionTicket
instanceKlass sun/security/ssl/HelloVerifyRequest$HelloVerifyRequestProducer
instanceKlass sun/security/ssl/HelloVerifyRequest$HelloVerifyRequestConsumer
instanceKlass sun/security/ssl/HelloVerifyRequest
instanceKlass sun/security/ssl/ServerHello$T13HelloRetryRequestConsumer
instanceKlass sun/security/ssl/ServerHello$T13ServerHelloConsumer
instanceKlass sun/security/ssl/ServerHello$T12ServerHelloConsumer
instanceKlass sun/security/ssl/ServerHello$T13HelloRetryRequestReproducer
instanceKlass sun/security/ssl/ServerHello$T13HelloRetryRequestProducer
instanceKlass sun/security/ssl/ServerHello$T13ServerHelloProducer
instanceKlass sun/security/ssl/ServerHello$T12ServerHelloProducer
instanceKlass sun/security/ssl/ServerHello$ServerHelloConsumer
instanceKlass sun/security/ssl/ServerHello
instanceKlass sun/security/ssl/ClientHello$D13ClientHelloConsumer
instanceKlass sun/security/ssl/ClientHello$D12ClientHelloConsumer
instanceKlass sun/security/ssl/ClientHello$T13ClientHelloConsumer
instanceKlass sun/security/ssl/ClientHello$T12ClientHelloConsumer
instanceKlass sun/security/ssl/HandshakeConsumer
instanceKlass sun/security/ssl/ClientHello$ClientHelloProducer
instanceKlass sun/security/ssl/ClientHello$ClientHelloConsumer
instanceKlass sun/security/ssl/ClientHello$ClientHelloKickstartProducer
instanceKlass sun/security/ssl/ClientHello
instanceKlass sun/security/ssl/HelloRequest$HelloRequestProducer
instanceKlass sun/security/ssl/HelloRequest$HelloRequestConsumer
instanceKlass sun/security/ssl/HelloRequest$HelloRequestKickstartProducer
instanceKlass sun/security/ssl/SSLProducer
instanceKlass sun/security/ssl/HelloRequest
instanceKlass sun/security/ssl/HandshakeProducer
instanceKlass sun/security/ssl/SSLConsumer
instanceKlass sun/security/ssl/Authenticator$MacImpl
instanceKlass sun/security/ssl/Authenticator$MAC
instanceKlass sun/security/ssl/Authenticator
instanceKlass sun/security/ssl/SSLCipher$SSLReadCipher
instanceKlass sun/security/ssl/InputRecord
instanceKlass sun/security/ssl/SSLRecord
instanceKlass sun/security/ssl/Record
instanceKlass sun/security/ssl/TransportContext
instanceKlass sun/security/ssl/ConnectionContext
instanceKlass sun/security/ssl/HandshakeHash$CacheOnlyHash
instanceKlass sun/security/ssl/HandshakeHash$TranscriptHash
instanceKlass sun/security/ssl/HandshakeHash
instanceKlass sun/security/ssl/SSLTransport
instanceKlass sun/net/NetHooks
instanceKlass sun/net/spi/DefaultProxySelector$3
instanceKlass sun/net/spi/DefaultProxySelector$NonProxyInfo
instanceKlass sun/net/NetProperties$1
instanceKlass sun/net/NetProperties
instanceKlass sun/net/spi/DefaultProxySelector$1
instanceKlass java/net/Proxy
instanceKlass java/net/ProxySelector
instanceKlass java/net/SocksSocketImpl$3
instanceKlass java/net/InetSocketAddress$InetSocketAddressHolder
instanceKlass sun/nio/ch/ExtendedSocketOption$1
instanceKlass sun/nio/ch/ExtendedSocketOption
instanceKlass sun/nio/ch/OptionKey
instanceKlass sun/nio/ch/SocketOptionRegistry$LazyInitialization
instanceKlass sun/nio/ch/SocketOptionRegistry$RegistryKey
instanceKlass sun/nio/ch/SocketOptionRegistry
instanceKlass java/net/StandardSocketOptions$StdSocketOption
instanceKlass java/net/StandardSocketOptions
instanceKlass  @bci sun/nio/ch/NioSocketImpl closerFor (Ljava/io/FileDescriptor;Z)Ljava/lang/Runnable; 5 <appendix> member <vmtarget> ; # sun/nio/ch/NioSocketImpl$$Lambda+0x00000203d224b9e8
instanceKlass jdk/net/ExtendedSocketOptions$2
instanceKlass jdk/net/ExtendedSocketOptions$PlatformSocketOptions
instanceKlass jdk/net/ExtendedSocketOptions$ExtSocketOption
instanceKlass java/net/SocketOption
instanceKlass jdk/net/ExtendedSocketOptions
instanceKlass sun/net/ext/ExtendedSocketOptions
instanceKlass sun/nio/ch/Net$1
instanceKlass java/net/ProtocolFamily
instanceKlass sun/nio/ch/Net
instanceKlass java/net/SocksConsts
instanceKlass sun/net/PlatformSocketImpl
instanceKlass java/net/SocketImpl
instanceKlass java/net/SocketOptions
instanceKlass java/util/concurrent/atomic/Striped64$1
instanceKlass java/net/InetAddress$CachedLookup
instanceKlass sun/net/InetAddressCachePolicy$1
instanceKlass sun/net/InetAddressCachePolicy
instanceKlass  @bci java/net/InetAddress getAddressesFromNameService (Ljava/lang/String;)[Ljava/net/InetAddress; 94 <appendix> argL0 ; # java/net/InetAddress$$Lambda+0x00000203d2247500
instanceKlass  @bci java/net/InetAddress loadResolver ()Ljava/net/spi/InetAddressResolver; 8 <appendix> argL0 ; # java/net/InetAddress$$Lambda+0x00000203d22472d0
instanceKlass java/net/spi/InetAddressResolverProvider
instanceKlass java/net/InetAddress$NameServiceAddresses
instanceKlass java/net/InetAddress$Addresses
instanceKlass java/util/concurrent/ConcurrentSkipListMap$Iter
instanceKlass org/apache/http/conn/routing/RouteTracker
instanceKlass org/apache/http/impl/execchain/ConnectionHolder
instanceKlass org/apache/http/conn/ConnectionReleaseTrigger
instanceKlass org/apache/http/impl/conn/CPoolProxy
instanceKlass org/apache/http/impl/conn/Wire
instanceKlass org/apache/http/impl/io/AbstractMessageParser
instanceKlass org/apache/http/util/CharArrayBuffer
instanceKlass org/apache/http/impl/io/AbstractMessageWriter
instanceKlass org/apache/http/impl/HttpConnectionMetricsImpl
instanceKlass org/apache/http/impl/io/SessionOutputBufferImpl
instanceKlass org/apache/http/util/ByteArrayBuffer
instanceKlass org/apache/http/config/MessageConstraints$Builder
instanceKlass org/apache/http/config/MessageConstraints
instanceKlass org/apache/http/impl/io/SessionInputBufferImpl
instanceKlass org/apache/http/io/BufferInfo
instanceKlass org/apache/http/impl/io/HttpTransportMetricsImpl
instanceKlass org/apache/http/io/SessionInputBuffer
instanceKlass org/apache/http/io/SessionOutputBuffer
instanceKlass org/apache/http/HttpConnectionMetrics
instanceKlass org/apache/http/io/HttpTransportMetrics
instanceKlass org/apache/http/config/ConnectionConfig$Builder
instanceKlass org/apache/http/config/ConnectionConfig
instanceKlass org/apache/http/impl/conn/PoolingHttpClientConnectionManager$1
instanceKlass org/apache/http/pool/AbstractConnPool$2
instanceKlass org/apache/http/util/Asserts
instanceKlass org/apache/http/util/LangUtils
instanceKlass org/apache/http/impl/cookie/AbstractCookieAttributeHandler
instanceKlass org/apache/http/impl/cookie/PublicSuffixDomainFilter
instanceKlass org/apache/http/impl/cookie/BasicDomainHandler
instanceKlass org/apache/http/message/TokenParser
instanceKlass org/apache/http/cookie/SetCookie
instanceKlass org/apache/http/cookie/Cookie
instanceKlass org/apache/http/impl/cookie/RFC6265CookieSpec
instanceKlass org/apache/http/impl/cookie/RFC6265CookieSpecProvider$2
instanceKlass org/apache/http/cookie/CookieOrigin
instanceKlass org/apache/http/conn/routing/HttpRoute
instanceKlass org/apache/http/auth/AuthState
instanceKlass org/apache/http/message/BasicRequestLine
instanceKlass org/apache/http/params/HttpProtocolParams
instanceKlass org/apache/http/params/CoreProtocolPNames
instanceKlass org/apache/http/params/AbstractHttpParams
instanceKlass org/apache/http/params/HttpParamsNames
instanceKlass org/apache/http/protocol/BasicHttpContext
instanceKlass org/apache/http/protocol/HttpCoreContext
instanceKlass org/apache/http/HeaderElement
instanceKlass org/apache/http/message/BasicHeader
instanceKlass java/util/concurrent/atomic/AtomicMarkableReference$Pair
instanceKlass java/util/concurrent/atomic/AtomicMarkableReference
instanceKlass org/apache/http/message/HeaderGroup
instanceKlass org/apache/http/conn/util/InetAddressUtils
instanceKlass sun/nio/cs/ThreadLocalCoders$Cache
instanceKlass sun/nio/cs/ThreadLocalCoders
instanceKlass org/apache/http/message/ParserCursor
instanceKlass java/util/BitSet
instanceKlass org/apache/http/client/utils/URLEncodedUtils
instanceKlass org/apache/http/client/utils/URIBuilder
instanceKlass org/eclipse/aether/transport/http/UriUtils
instanceKlass org/apache/http/params/HttpParams
instanceKlass org/apache/http/message/AbstractHttpMessage
instanceKlass org/apache/http/client/methods/AbortableHttpRequest
instanceKlass org/apache/http/client/methods/HttpExecutionAware
instanceKlass org/eclipse/aether/transport/http/HttpTransporter$EntityGetter
instanceKlass org/eclipse/aether/internal/impl/checksum/MessageDigestChecksumAlgorithmFactorySupport$1
instanceKlass org/eclipse/aether/connector/basic/ChecksumCalculator$Checksum
instanceKlass org/eclipse/aether/connector/basic/ChecksumCalculator
instanceKlass org/eclipse/aether/util/FileUtils$2
instanceKlass jdk/internal/util/random/RandomSupport
instanceKlass org/eclipse/aether/util/FileUtils$CollocatedTempFile
instanceKlass org/eclipse/aether/util/FileUtils$TempFile
instanceKlass org/eclipse/aether/util/FileUtils
instanceKlass org/eclipse/aether/transfer/TransferEvent
instanceKlass org/eclipse/aether/connector/basic/ChecksumValidator
instanceKlass org/eclipse/aether/connector/basic/BasicRepositoryConnector$TaskRunner
instanceKlass org/eclipse/aether/connector/basic/ChecksumValidator$ChecksumFetcher
instanceKlass org/eclipse/aether/spi/connector/layout/RepositoryLayout$ChecksumLocation
instanceKlass  @bci org/eclipse/aether/internal/impl/checksum/DefaultChecksumAlgorithmFactorySelector isChecksumExtension (Ljava/lang/String;)Z 55 <appendix> member <vmtarget> ; # org/eclipse/aether/internal/impl/checksum/DefaultChecksumAlgorithmFactorySelector$$Lambda+0x00000203d222d128
instanceKlass org/eclipse/aether/internal/impl/AbstractChecksumPolicy
instanceKlass org/eclipse/aether/transfer/TransferEvent$Builder
instanceKlass org/eclipse/aether/util/concurrency/RunnableErrorForwarder
instanceKlass  @bci org/eclipse/aether/util/concurrency/ExecutorUtils <clinit> ()V 0 <appendix> argL0 ; # org/eclipse/aether/util/concurrency/ExecutorUtils$$Lambda+0x00000203d2227c88
instanceKlass  @cpi org/eclipse/aether/util/concurrency/ExecutorUtils 106 form vmentry <vmtarget> ; # java/lang/invoke/LambdaForm$DMH+0x00000203d2228000
instanceKlass java/util/concurrent/ExecutorService
instanceKlass org/eclipse/aether/util/concurrency/ExecutorUtils
instanceKlass org/apache/http/conn/ClientConnectionManager
instanceKlass org/apache/http/cookie/CookieIdentityComparator
instanceKlass org/apache/http/impl/client/BasicCookieStore
instanceKlass org/apache/http/impl/cookie/IgnoreSpecProvider
instanceKlass org/apache/http/impl/cookie/NetscapeDraftSpecProvider
instanceKlass org/apache/http/impl/cookie/RFC6265CookieSpecProvider
instanceKlass org/apache/http/cookie/CookieSpec
instanceKlass org/apache/http/impl/cookie/BasicPathHandler
instanceKlass org/apache/http/cookie/CommonCookieAttributeHandler
instanceKlass org/apache/http/cookie/CookieAttributeHandler
instanceKlass org/apache/http/impl/cookie/DefaultCookieSpecProvider
instanceKlass org/apache/http/cookie/CookieSpecProvider
instanceKlass org/apache/http/impl/client/CookieSpecRegistries
instanceKlass org/apache/http/impl/execchain/RedirectExec
instanceKlass org/apache/http/impl/execchain/ServiceUnavailableRetryExec
instanceKlass org/apache/http/impl/conn/DefaultRoutePlanner
instanceKlass org/apache/http/impl/execchain/RetryExec
instanceKlass org/apache/http/impl/execchain/ProtocolExec
instanceKlass org/apache/http/client/entity/DeflateInputStreamFactory
instanceKlass org/apache/http/client/entity/GZIPInputStreamFactory
instanceKlass org/apache/http/client/entity/InputStreamFactory
instanceKlass org/apache/http/client/protocol/ResponseContentEncoding
instanceKlass org/apache/http/client/protocol/ResponseProcessCookies
instanceKlass org/apache/http/client/protocol/RequestAuthCache
instanceKlass org/apache/http/client/protocol/RequestAcceptEncoding
instanceKlass org/apache/http/client/protocol/RequestAddCookies
instanceKlass org/apache/http/protocol/ChainBuilder
instanceKlass org/apache/http/client/protocol/RequestExpectContinue
instanceKlass org/apache/http/client/protocol/RequestClientConnControl
instanceKlass org/apache/http/protocol/RequestContent
instanceKlass org/apache/http/client/protocol/RequestDefaultHeaders
instanceKlass org/apache/http/protocol/HttpProcessorBuilder
instanceKlass org/apache/http/conn/routing/BasicRouteDirector
instanceKlass org/apache/http/impl/auth/HttpAuthenticator
instanceKlass org/apache/http/conn/routing/RouteInfo
instanceKlass org/apache/http/conn/routing/HttpRouteDirector
instanceKlass org/apache/http/impl/execchain/MainClientExec
instanceKlass org/apache/http/protocol/RequestUserAgent
instanceKlass org/apache/http/protocol/RequestTargetHost
instanceKlass org/apache/http/protocol/ImmutableHttpProcessor
instanceKlass org/apache/http/impl/client/DefaultUserTokenHandler
instanceKlass org/apache/http/impl/client/AuthenticationStrategyImpl
instanceKlass org/apache/http/HeaderElementIterator
instanceKlass org/apache/http/impl/client/DefaultConnectionKeepAliveStrategy
instanceKlass org/apache/http/HeaderIterator
instanceKlass org/apache/http/TokenIterator
instanceKlass org/apache/http/impl/DefaultConnectionReuseStrategy
instanceKlass org/apache/http/protocol/HttpRequestExecutor
instanceKlass org/apache/http/impl/client/BasicAuthCache
instanceKlass org/eclipse/aether/util/ChecksumUtils
instanceKlass org/eclipse/aether/util/StringDigestUtil
instanceKlass org/apache/http/impl/client/BasicCredentialsProvider
instanceKlass org/eclipse/aether/transport/http/DeferredCredentialsProvider
instanceKlass org/apache/http/impl/client/DefaultRedirectStrategy
instanceKlass org/apache/http/client/methods/Configurable
instanceKlass org/apache/http/client/CookieStore
instanceKlass org/apache/http/conn/routing/HttpRoutePlanner
instanceKlass org/apache/http/impl/execchain/ClientExecChain
instanceKlass org/apache/http/protocol/HttpProcessor
instanceKlass org/apache/http/HttpResponseInterceptor
instanceKlass org/apache/http/HttpRequestInterceptor
instanceKlass org/apache/http/client/UserTokenHandler
instanceKlass org/apache/http/client/AuthenticationStrategy
instanceKlass org/apache/http/conn/ConnectionKeepAliveStrategy
instanceKlass org/apache/http/impl/client/HttpClientBuilder
instanceKlass org/eclipse/aether/transport/http/HttpTransporter$ResolverServiceUnavailableRetryStrategy
instanceKlass org/apache/http/impl/client/DefaultHttpRequestRetryHandler
instanceKlass org/apache/http/client/config/RequestConfig$Builder
instanceKlass org/apache/http/client/config/RequestConfig
instanceKlass org/apache/http/config/SocketConfig$Builder
instanceKlass org/apache/http/config/SocketConfig
instanceKlass org/apache/http/impl/auth/KerberosSchemeFactory
instanceKlass org/apache/http/impl/auth/SPNegoSchemeFactory
instanceKlass org/apache/http/impl/auth/NTLMSchemeFactory
instanceKlass org/apache/http/impl/auth/DigestSchemeFactory
instanceKlass org/apache/http/impl/auth/BasicSchemeFactory
instanceKlass org/apache/http/auth/AuthSchemeProvider
instanceKlass org/apache/http/auth/AuthSchemeFactory
instanceKlass org/eclipse/aether/transport/http/GlobalState$CompoundKey
instanceKlass org/apache/http/impl/conn/PoolingHttpClientConnectionManager$InternalConnectionFactory
instanceKlass org/apache/http/pool/RouteSpecificPool
instanceKlass org/apache/http/pool/AbstractConnPool
instanceKlass org/apache/http/pool/ConnPool
instanceKlass org/apache/http/impl/conn/PoolingHttpClientConnectionManager$ConfigData
instanceKlass org/apache/http/impl/entity/StrictContentLengthStrategy
instanceKlass org/apache/http/impl/entity/LaxContentLengthStrategy
instanceKlass org/apache/http/impl/EnglishReasonPhraseCatalog
instanceKlass org/apache/http/ReasonPhraseCatalog
instanceKlass org/apache/http/impl/DefaultHttpResponseFactory
instanceKlass org/apache/http/StatusLine
instanceKlass org/apache/http/RequestLine
instanceKlass org/apache/http/ProtocolVersion
instanceKlass org/apache/http/message/BasicLineParser
instanceKlass org/apache/http/io/HttpMessageParser
instanceKlass org/apache/http/HttpResponseFactory
instanceKlass org/apache/http/message/LineParser
instanceKlass org/apache/http/impl/conn/DefaultHttpResponseParserFactory
instanceKlass org/apache/http/message/BasicLineFormatter
instanceKlass org/apache/http/io/HttpMessageWriter
instanceKlass org/apache/http/message/LineFormatter
instanceKlass org/apache/http/impl/io/DefaultHttpRequestWriterFactory
instanceKlass org/apache/http/impl/BHttpConnectionBase
instanceKlass org/apache/http/conn/ManagedHttpClientConnection
instanceKlass org/apache/http/HttpInetConnection
instanceKlass org/apache/http/HttpClientConnection
instanceKlass org/apache/http/HttpConnection
instanceKlass org/apache/http/entity/ContentLengthStrategy
instanceKlass org/apache/http/io/HttpMessageParserFactory
instanceKlass org/apache/http/io/HttpMessageWriterFactory
instanceKlass org/apache/http/impl/conn/ManagedHttpClientConnectionFactory
instanceKlass org/apache/http/impl/conn/SystemDefaultDnsResolver
instanceKlass org/apache/http/impl/conn/DefaultSchemePortResolver
instanceKlass org/apache/http/impl/conn/DefaultHttpClientConnectionOperator
instanceKlass org/apache/http/pool/PoolEntry
instanceKlass org/apache/http/conn/ConnectionRequest
instanceKlass org/apache/http/concurrent/Cancellable
instanceKlass org/apache/http/pool/PoolEntryCallback
instanceKlass org/apache/http/pool/ConnFactory
instanceKlass org/apache/http/conn/util/PublicSuffixMatcher
instanceKlass org/apache/http/conn/util/PublicSuffixList
instanceKlass org/apache/http/Consts
instanceKlass org/apache/http/conn/util/PublicSuffixListParser
instanceKlass org/apache/http/conn/util/PublicSuffixMatcherLoader
instanceKlass org/apache/http/conn/ssl/DefaultHostnameVerifier
instanceKlass org/slf4j/spi/LocationAwareLogger
instanceKlass org/apache/commons/logging/impl/SLF4JLog
instanceKlass org/apache/commons/logging/impl/SLF4JLocationAwareLog
instanceKlass org/apache/commons/logging/Log
instanceKlass org/apache/commons/logging/LogFactory
instanceKlass java/util/ComparableTimSort
instanceKlass org/apache/http/conn/ssl/AbstractVerifier
instanceKlass java/net/Socket
instanceKlass org/apache/http/conn/ssl/X509HostnameVerifier
instanceKlass org/apache/http/conn/ssl/SSLConnectionSocketFactory
instanceKlass org/apache/http/conn/socket/LayeredConnectionSocketFactory
instanceKlass sun/security/provider/AbstractDrbg$NonceProvider
instanceKlass  @bci sun/security/provider/AbstractDrbg$SeederHolder <clinit> ()V 42 <appendix> member <vmtarget> ; # sun/security/provider/AbstractDrbg$SeederHolder$$Lambda+0x00000203d2240648
instanceKlass  @cpi sun/security/provider/AbstractDrbg$SeederHolder 91 form vmentry <vmtarget> ; # java/lang/invoke/LambdaForm$DMH+0x00000203d2212800
# instanceKlass java/lang/invoke/LambdaForm$DMH+0x00000203d2212400
instanceKlass java/nio/file/Files$AcceptAllFilter
instanceKlass java/net/NetworkInterface$1
instanceKlass java/net/DefaultInterface
instanceKlass java/net/Inet6Address$Inet6AddressHolder
instanceKlass java/net/InetAddress$PlatformResolver
instanceKlass java/net/spi/InetAddressResolver
instanceKlass java/net/spi/InetAddressResolver$LookupPolicy
instanceKlass java/net/Inet4AddressImpl
instanceKlass java/net/Inet6AddressImpl
instanceKlass java/net/InetAddressImpl
instanceKlass java/util/concurrent/ConcurrentSkipListMap$Node
instanceKlass java/util/concurrent/ConcurrentSkipListMap$Index
instanceKlass java/util/concurrent/ConcurrentNavigableMap
instanceKlass java/net/InetAddress$InetAddressHolder
instanceKlass java/net/InetAddress$1
instanceKlass jdk/internal/access/JavaNetInetAddressAccess
instanceKlass java/net/InetAddress
instanceKlass java/net/InterfaceAddress
instanceKlass java/net/NetworkInterface
instanceKlass sun/security/provider/ByteArrayAccess$BE
instanceKlass sun/security/provider/ByteArrayAccess
instanceKlass sun/security/provider/SeedGenerator$1
instanceKlass sun/security/provider/SeedGenerator
instanceKlass sun/security/provider/AbstractDrbg$SeederHolder
instanceKlass java/security/DrbgParameters$NextBytes
instanceKlass  @bci sun/security/ssl/SSLContextImpl engineInit ([Ljavax/net/ssl/KeyManager;[Ljavax/net/ssl/TrustManager;Ljava/security/SecureRandom;)V 57 <appendix> argL0 ; # sun/security/ssl/SSLContextImpl$$Lambda+0x00000203d21fea98
instanceKlass javax/net/ssl/X509ExtendedKeyManager
instanceKlass javax/net/ssl/X509KeyManager
instanceKlass javax/net/ssl/KeyManager
instanceKlass javax/net/ssl/KeyManagerFactorySpi
instanceKlass  @bci javax/net/ssl/KeyManagerFactory getDefaultAlgorithm ()Ljava/lang/String; 0 <appendix> argL0 ; # javax/net/ssl/KeyManagerFactory$$Lambda+0x00000203d21fd788
instanceKlass javax/net/ssl/KeyManagerFactory
instanceKlass sun/security/ssl/SSLContextImpl$DefaultManagersHolder$1
instanceKlass javax/net/ssl/X509ExtendedTrustManager
instanceKlass javax/net/ssl/X509TrustManager
instanceKlass javax/net/ssl/TrustManager
instanceKlass sun/security/validator/TrustStoreUtil
instanceKlass sun/security/x509/AccessDescription
instanceKlass sun/security/x509/RFC822Name
instanceKlass sun/security/x509/NetscapeCertTypeExtension$MapEntry
instanceKlass sun/security/x509/DNSName
instanceKlass sun/security/x509/URIName
instanceKlass sun/security/x509/DistributionPoint
instanceKlass java/security/cert/PolicyQualifierInfo
instanceKlass sun/security/x509/CertificatePolicyId
instanceKlass sun/security/x509/PolicyInformation
instanceKlass java/security/interfaces/ECPublicKey
instanceKlass sun/security/x509/GeneralName
instanceKlass sun/security/pkcs12/PKCS12KeyStore$Entry
instanceKlass sun/util/logging/PlatformLogger$ConfigurableBridge$LoggerConfiguration
instanceKlass jdk/internal/logger/LoggerFinderLoader
instanceKlass  @bci java/lang/System$LoggerFinder accessProvider ()Ljava/lang/System$LoggerFinder; 8 <appendix> argL0 ; # java/lang/System$LoggerFinder$$Lambda+0x00000203d21f7880
instanceKlass jdk/internal/logger/LazyLoggers$LazyLoggerFactories
instanceKlass jdk/internal/logger/LazyLoggers$1
instanceKlass jdk/internal/logger/LazyLoggers
instanceKlass jdk/internal/event/EventHelper$ThreadTrackHolder
instanceKlass java/util/jar/JarFile$ThreadTrackHolder
instanceKlass jdk/internal/event/EventHelper
instanceKlass sun/security/jca/JCAUtil
instanceKlass sun/security/util/MemoryCache$CacheEntry
instanceKlass sun/security/x509/GeneralNames
instanceKlass sun/security/x509/KeyIdentifier
# instanceKlass java/lang/invoke/LambdaForm$MH+0x00000203d2212000
instanceKlass sun/security/x509/OIDMap$OIDInfo
instanceKlass sun/security/x509/PKIXExtensions
instanceKlass sun/security/x509/OIDMap
instanceKlass sun/security/x509/Extension
instanceKlass java/security/cert/Extension
instanceKlass sun/security/x509/CertificateExtensions
instanceKlass sun/security/rsa/RSAUtil
instanceKlass java/security/interfaces/RSAPublicKey
instanceKlass java/security/interfaces/RSAKey
instanceKlass java/security/spec/PSSParameterSpec
instanceKlass java/security/spec/RSAPrivateKeySpec
instanceKlass java/security/spec/RSAPublicKeySpec
instanceKlass  @bci java/security/spec/EncodedKeySpec <clinit> ()V 0 <appendix> argL0 ; # java/security/spec/EncodedKeySpec$$Lambda+0x00000203d21f2400
instanceKlass jdk/internal/access/JavaSecuritySpecAccess
instanceKlass java/security/spec/EncodedKeySpec
instanceKlass java/security/spec/KeySpec
instanceKlass sun/security/util/BitArray
instanceKlass sun/security/x509/X509Key
instanceKlass sun/security/x509/CertificateX509Key
instanceKlass sun/security/x509/CertificateValidity
instanceKlass sun/security/x509/AVA
instanceKlass sun/security/x509/RDN
instanceKlass javax/security/auth/x500/X500Principal
instanceKlass  @bci sun/security/x509/X500Name <clinit> ()V 153 <appendix> argL0 ; # sun/security/x509/X500Name$$Lambda+0x00000203d21f03e8
instanceKlass sun/security/x509/X500Name
instanceKlass sun/security/x509/GeneralNameInterface
instanceKlass sun/security/x509/CertificateAlgorithmId
instanceKlass sun/security/x509/SerialNumber
instanceKlass sun/security/x509/CertificateSerialNumber
instanceKlass sun/security/x509/CertificateVersion
instanceKlass sun/security/x509/X509CertInfo
instanceKlass sun/security/x509/AlgorithmId
instanceKlass java/security/cert/X509Extension
instanceKlass sun/security/util/Cache$EqualByteArray
instanceKlass java/security/cert/CertificateFactorySpi
instanceKlass java/security/cert/CertificateFactory
instanceKlass sun/security/pkcs/ContentInfo
instanceKlass sun/security/util/IOUtils
instanceKlass sun/security/util/DerInputStream
instanceKlass sun/security/util/DerValue
instanceKlass sun/security/action/OpenFileInputStreamAction
instanceKlass  @bci sun/security/util/KeyStoreDelegator <init> (Ljava/lang/String;Ljava/lang/Class;Ljava/lang/String;Ljava/lang/Class;)V 4 <appendix> argL0 ; # sun/security/util/KeyStoreDelegator$$Lambda+0x00000203d21ecaf8
instanceKlass java/security/KeyStoreSpi
instanceKlass  @bci java/security/KeyStore getDefaultType ()Ljava/lang/String; 0 <appendix> argL0 ; # java/security/KeyStore$$Lambda+0x00000203d21eb860
instanceKlass java/security/KeyStore
instanceKlass sun/security/ssl/TrustStoreManager$TrustStoreDescriptor$1
instanceKlass sun/security/util/FilePaths
instanceKlass sun/security/ssl/TrustStoreManager$TrustStoreDescriptor
instanceKlass sun/security/ssl/TrustStoreManager$TrustAnchorManager
instanceKlass sun/security/ssl/TrustStoreManager
instanceKlass javax/net/ssl/TrustManagerFactorySpi
instanceKlass  @bci javax/net/ssl/TrustManagerFactory getDefaultAlgorithm ()Ljava/lang/String; 0 <appendix> argL0 ; # javax/net/ssl/TrustManagerFactory$$Lambda+0x00000203d21ea3d8
instanceKlass javax/net/ssl/TrustManagerFactory
instanceKlass sun/security/ssl/SSLContextImpl$DefaultManagersHolder
instanceKlass sun/security/util/Cache
instanceKlass sun/security/ssl/SSLSessionContextImpl
instanceKlass javax/net/ssl/SSLSessionContext
instanceKlass sun/security/ssl/EphemeralKeyManager$EphemeralKeyPair
instanceKlass sun/security/ssl/EphemeralKeyManager
instanceKlass sun/security/ssl/SSLContextImpl$CustomizedSSLProtocols
instanceKlass java/security/spec/NamedParameterSpec
instanceKlass sun/security/util/ECKeySizeParameterSpec
instanceKlass java/security/AlgorithmParametersSpi
instanceKlass java/security/AlgorithmParameters
instanceKlass sun/security/util/ECUtil
instanceKlass java/security/KeyPairGeneratorSpi
instanceKlass java/security/PrivateKey
instanceKlass javax/security/auth/Destroyable
instanceKlass java/security/PublicKey
instanceKlass java/security/KeyFactorySpi
instanceKlass java/security/KeyFactory
instanceKlass javax/crypto/KeyAgreement
instanceKlass sun/security/util/MessageDigestSpi2
instanceKlass sun/security/jca/GetInstance$Instance
instanceKlass java/security/MessageDigestSpi
instanceKlass java/security/interfaces/ECKey
instanceKlass java/security/Signature$1
instanceKlass jdk/internal/access/JavaSecuritySignatureAccess
instanceKlass java/security/SignatureSpi
instanceKlass sun/security/ssl/JsseJce$EcAvailability
instanceKlass sun/security/ssl/SSLAlgorithmDecomposer$1
instanceKlass sun/security/ssl/Utilities
instanceKlass sun/security/ssl/JsseJce
instanceKlass sun/security/ssl/NamedGroup$XDHScheme
instanceKlass sun/security/ssl/NamedGroup$FFDHEScheme
instanceKlass sun/security/ssl/NamedGroup$ECDHEScheme
instanceKlass sun/security/ssl/NamedGroup$NamedGroupScheme
instanceKlass sun/security/ssl/SSLCipher$1
instanceKlass sun/security/ssl/SSLCipher$T13CC20P1305WriteCipherGenerator
instanceKlass sun/security/ssl/SSLCipher$T12CC20P1305WriteCipherGenerator
instanceKlass sun/security/ssl/SSLCipher$T13CC20P1305ReadCipherGenerator
instanceKlass sun/security/ssl/SSLCipher$T12CC20P1305ReadCipherGenerator
instanceKlass sun/security/ssl/SSLCipher$T13GcmWriteCipherGenerator
instanceKlass sun/security/ssl/SSLCipher$T13GcmReadCipherGenerator
instanceKlass sun/security/ssl/SSLCipher$T12GcmWriteCipherGenerator
instanceKlass sun/security/ssl/SSLCipher$T12GcmReadCipherGenerator
instanceKlass com/sun/crypto/provider/AESConstants
instanceKlass java/util/Vector$1
instanceKlass  @bci javax/crypto/JceSecurityManager <clinit> ()V 67 <appendix> argL0 ; # javax/crypto/JceSecurityManager$$Lambda+0x00000203d21de070
instanceKlass  @bci javax/crypto/JceSecurityManager <clinit> ()V 49 <appendix> argL0 ; # javax/crypto/JceSecurityManager$$Lambda+0x00000203d21dde60
instanceKlass javax/crypto/JceSecurityManager
instanceKlass sun/security/ssl/SSLCipher$T11BlockWriteCipherGenerator
instanceKlass sun/security/ssl/SSLCipher$T11BlockReadCipherGenerator
instanceKlass com/sun/crypto/provider/PKCS5Padding
instanceKlass com/sun/crypto/provider/Padding
instanceKlass com/sun/crypto/provider/FeedbackCipher
instanceKlass com/sun/crypto/provider/SymmetricCipher
instanceKlass com/sun/crypto/provider/DESConstants
instanceKlass com/sun/crypto/provider/CipherCore
instanceKlass sun/security/ssl/SSLCipher$T10BlockWriteCipherGenerator
instanceKlass sun/security/ssl/SSLCipher$T10BlockReadCipherGenerator
instanceKlass javax/crypto/CipherSpi
instanceKlass  @bci javax/crypto/ProviderVerifier isTrustedModule ()Z 61 <appendix> argL0 ; # javax/crypto/ProviderVerifier$$Lambda+0x00000203d21db6c8
instanceKlass javax/crypto/ProviderVerifier$1
instanceKlass javax/crypto/ProviderVerifier
instanceKlass javax/crypto/JceSecurity$3
instanceKlass javax/crypto/JceSecurity$2
instanceKlass java/util/Vector$Itr
instanceKlass javax/crypto/CryptoPolicyParser$CryptoPermissionEntry
instanceKlass javax/crypto/CryptoPolicyParser$GrantEntry
instanceKlass java/io/StreamTokenizer
instanceKlass javax/crypto/CryptoPolicyParser
instanceKlass sun/nio/fs/BasicFileAttributesHolder
instanceKlass sun/nio/fs/WindowsDirectoryStream$WindowsDirectoryIterator
instanceKlass java/nio/file/Files$1
instanceKlass java/nio/file/DirectoryStream$Filter
instanceKlass sun/nio/fs/WindowsFileSystem$2
instanceKlass java/nio/file/PathMatcher
instanceKlass sun/nio/fs/Globs
instanceKlass javax/crypto/JceSecurity$1
instanceKlass javax/crypto/JceSecurity
instanceKlass sun/security/jca/ProviderList$ServiceList$1
instanceKlass sun/security/jca/ServiceId
instanceKlass javax/crypto/Cipher$Transform
instanceKlass javax/crypto/Cipher
instanceKlass sun/security/ssl/SSLCipher$StreamWriteCipherGenerator
instanceKlass sun/security/ssl/SSLCipher$StreamReadCipherGenerator
instanceKlass sun/security/ssl/SSLCipher$NullWriteCipherGenerator
instanceKlass sun/security/ssl/SSLCipher$WriteCipherGenerator
instanceKlass sun/security/ssl/SSLCipher$NullReadCipherGenerator
instanceKlass sun/security/ssl/SSLCipher$ReadCipherGenerator
instanceKlass java/time/Instant
instanceKlass java/time/zone/ZoneOffsetTransition
instanceKlass java/time/LocalTime
instanceKlass java/time/temporal/ValueRange
instanceKlass java/time/temporal/TemporalField
instanceKlass java/time/LocalDate
instanceKlass java/time/chrono/ChronoLocalDate
instanceKlass java/time/ZonedDateTime
instanceKlass java/time/chrono/ChronoZonedDateTime
instanceKlass java/time/LocalDateTime
instanceKlass java/time/chrono/ChronoLocalDateTime
instanceKlass java/time/temporal/Temporal
instanceKlass java/time/zone/ZoneOffsetTransitionRule
instanceKlass java/time/zone/ZoneRules
instanceKlass  @bci java/time/ZoneOffset ofTotalSeconds (I)Ljava/time/ZoneOffset; 37 <appendix> argL0 ; # java/time/ZoneOffset$$Lambda+0x80000000e
instanceKlass java/time/temporal/TemporalAdjuster
instanceKlass java/time/temporal/TemporalAccessor
instanceKlass java/time/ZoneId
instanceKlass sun/security/util/DisabledAlgorithmConstraints$Constraints$Holder
instanceKlass sun/security/util/DisabledAlgorithmConstraints$Constraint
instanceKlass sun/security/util/DisabledAlgorithmConstraints$Constraints
instanceKlass sun/security/util/AbstractAlgorithmConstraints$1
instanceKlass sun/security/util/AlgorithmDecomposer
instanceKlass sun/security/util/AbstractAlgorithmConstraints
instanceKlass sun/security/ssl/SSLAlgorithmConstraints
instanceKlass java/security/AlgorithmConstraints
instanceKlass sun/security/ssl/SSLLogger
instanceKlass  @bci sun/security/ssl/SunJSSE registerAlgorithms ()V 1 <appendix> member <vmtarget> ; # sun/security/ssl/SunJSSE$$Lambda+0x00000203d21cee70
instanceKlass java/security/spec/ECFieldF2m
instanceKlass sun/security/util/ObjectIdentifier
instanceKlass sun/security/util/ByteArrayTagOrder
instanceKlass sun/security/util/ByteArrayLexOrder
instanceKlass sun/security/util/DerEncoder
instanceKlass java/security/spec/ECParameterSpec
instanceKlass java/security/spec/ECPoint
instanceKlass java/security/spec/EllipticCurve
instanceKlass java/security/spec/ECFieldFp
instanceKlass java/security/spec/ECField
instanceKlass sun/security/util/CurveDB
instanceKlass sun/security/ec/SunEC$1
instanceKlass sun/security/jca/ProviderConfig$ProviderLoader
instanceKlass sun/security/jca/ProviderConfig$3
instanceKlass sun/security/rsa/SunRsaSignEntries
instanceKlass sun/security/jca/GetInstance
instanceKlass javax/net/ssl/SSLContextSpi
instanceKlass javax/net/ssl/SSLContext
instanceKlass  @bci javax/net/ssl/SSLSocketFactory getSecurityProperty (Ljava/lang/String;)Ljava/lang/String; 1 <appendix> member <vmtarget> ; # javax/net/ssl/SSLSocketFactory$$Lambda+0x00000203d21caa80
instanceKlass javax/net/ssl/SSLSocketFactory$DefaultFactoryHolder
instanceKlass javax/net/SocketFactory
instanceKlass java/net/SocketAddress
instanceKlass org/apache/http/conn/socket/PlainConnectionSocketFactory
instanceKlass org/apache/http/conn/socket/ConnectionSocketFactory
instanceKlass org/apache/http/config/RegistryBuilder
instanceKlass  @bci org/eclipse/aether/transport/http/GlobalState getConnectionManager (Lorg/eclipse/aether/transport/http/ConnMgrConfig;)Lorg/apache/http/conn/HttpClientConnectionManager; 5 <appendix> argL0 ; # org/eclipse/aether/transport/http/GlobalState$$Lambda+0x00000203d220c048
instanceKlass org/apache/http/conn/HttpClientConnectionOperator
instanceKlass org/apache/http/conn/HttpConnectionFactory
instanceKlass org/apache/http/conn/SchemePortResolver
instanceKlass org/apache/http/conn/DnsResolver
instanceKlass javax/net/ssl/HostnameVerifier
instanceKlass org/eclipse/aether/transport/http/GlobalState
instanceKlass org/eclipse/aether/transport/http/ConnMgrConfig
instanceKlass org/eclipse/aether/transport/http/LocalState
instanceKlass org/eclipse/aether/repository/AuthenticationContext
instanceKlass org/apache/http/util/TextUtils
instanceKlass org/apache/http/util/Args
instanceKlass org/apache/http/HttpHost
instanceKlass org/apache/http/client/utils/URIUtils
instanceKlass org/eclipse/aether/transport/http/DeferredCredentialsProvider$Factory
instanceKlass org/apache/http/HttpEntityEnclosingRequest
instanceKlass org/apache/http/ConnectionReuseStrategy
instanceKlass org/eclipse/aether/spi/connector/transport/TransportTask
instanceKlass org/eclipse/aether/spi/connector/transport/AbstractTransporter
instanceKlass org/eclipse/aether/internal/impl/Maven2RepositoryLayoutFactory$Maven2RepositoryLayout
instanceKlass  @bci org/eclipse/aether/internal/impl/Maven2RepositoryLayoutFactory newInstance (Lorg/eclipse/aether/RepositorySystemSession;Lorg/eclipse/aether/repository/RemoteRepository;)Lorg/eclipse/aether/spi/connector/layout/RepositoryLayout; 141 <appendix> argL0 ; # org/eclipse/aether/internal/impl/Maven2RepositoryLayoutFactory$$Lambda+0x00000203d2208910
instanceKlass  @bci org/eclipse/aether/internal/impl/Maven2RepositoryLayoutFactory newInstance (Lorg/eclipse/aether/RepositorySystemSession;Lorg/eclipse/aether/repository/RemoteRepository;)Lorg/eclipse/aether/spi/connector/layout/RepositoryLayout; 111 <appendix> argL0 ; # org/eclipse/aether/internal/impl/Maven2RepositoryLayoutFactory$$Lambda+0x00000203d22086d0
instanceKlass  @bci org/eclipse/aether/internal/impl/checksum/DefaultChecksumAlgorithmFactorySelector selectList (Ljava/util/Collection;)Ljava/util/List; 7 <appendix> member <vmtarget> ; # org/eclipse/aether/internal/impl/checksum/DefaultChecksumAlgorithmFactorySelector$$Lambda+0x00000203d2208498
instanceKlass java/util/stream/DistinctOps
instanceKlass  @bci org/eclipse/aether/util/ConfigUtils parseCommaSeparatedNames (Ljava/lang/String;)Ljava/util/List; 27 <appendix> argL0 ; # org/eclipse/aether/util/ConfigUtils$$Lambda+0x00000203d2208258
instanceKlass org/eclipse/aether/spi/connector/transport/TransportListener
instanceKlass org/eclipse/aether/connector/basic/BasicRepositoryConnector
instanceKlass org/eclipse/aether/repository/AuthenticationDigest
instanceKlass sun/nio/fs/WindowsDirectoryStream
instanceKlass java/nio/file/DirectoryStream
instanceKlass org/eclipse/aether/resolution/ResolutionErrorPolicyRequest
instanceKlass org/eclipse/aether/internal/impl/DefaultArtifactResolver$ResolutionItem
instanceKlass org/eclipse/aether/internal/impl/Utils
instanceKlass  @bci org/apache/maven/lifecycle/internal/DefaultMojoExecutionConfigurator getUnknownParameters (Lorg/apache/maven/plugin/MojoExecution;Ljava/util/Set;)Ljava/util/Set; 21 <appendix> member <vmtarget> ; # org/apache/maven/lifecycle/internal/DefaultMojoExecutionConfigurator$$Lambda+0x00000203d22020e8
instanceKlass  @bci org/apache/maven/lifecycle/internal/DefaultMojoExecutionConfigurator getUnknownParameters (Lorg/apache/maven/plugin/MojoExecution;Ljava/util/Set;)Ljava/util/Set; 10 <appendix> argL0 ; # org/apache/maven/lifecycle/internal/DefaultMojoExecutionConfigurator$$Lambda+0x00000203d2201eb8
instanceKlass  @bci org/apache/maven/lifecycle/internal/DefaultMojoExecutionConfigurator checkUnknownMojoConfigurationParameters (Lorg/apache/maven/plugin/MojoExecution;)V 54 <appendix> member <vmtarget> ; # org/apache/maven/lifecycle/internal/DefaultMojoExecutionConfigurator$$Lambda+0x00000203d2201c80
instanceKlass  @bci org/apache/maven/lifecycle/internal/DefaultMojoExecutionConfigurator checkUnknownMojoConfigurationParameters (Lorg/apache/maven/plugin/MojoExecution;)V 37 <appendix> argL0 ; # org/apache/maven/lifecycle/internal/DefaultMojoExecutionConfigurator$$Lambda+0x00000203d2201a70
instanceKlass org/apache/maven/lifecycle/internal/DefaultMojoExecutionConfigurator$$FastClassByGuice$$181705906
instanceKlass org/codehaus/plexus/component/repository/ComponentDependency
instanceKlass org/apache/maven/plugin/MavenPluginValidator
instanceKlass  @bci org/apache/maven/plugin/descriptor/PluginDescriptorBuilder extractRequiredJavaVersion (Lorg/codehaus/plexus/configuration/PlexusConfiguration;)Ljava/util/Optional; 12 <appendix> argL0 ; # org/apache/maven/plugin/descriptor/PluginDescriptorBuilder$$Lambda+0x00000203d2201008
instanceKlass org/codehaus/plexus/component/repository/ComponentRequirement
instanceKlass org/codehaus/plexus/configuration/DefaultPlexusConfiguration
instanceKlass  @bci java/util/stream/MatchOps makeRef (Ljava/util/function/Predicate;Ljava/util/stream/MatchOps$MatchKind;)Ljava/util/stream/TerminalOp; 20 <appendix> member <vmtarget> ; # java/util/stream/MatchOps$$Lambda+0x00000203d21c8688
instanceKlass java/util/stream/MatchOps$BooleanTerminalSink
instanceKlass java/util/stream/MatchOps$MatchOp
instanceKlass java/util/stream/MatchOps
instanceKlass  @bci org/apache/maven/plugin/internal/PlexusContainerDefaultDependenciesValidator doValidate (Lorg/eclipse/aether/RepositorySystemSession;Lorg/eclipse/aether/artifact/Artifact;Lorg/eclipse/aether/resolution/ArtifactDescriptorResult;)V 19 <appendix> argL0 ; # org/apache/maven/plugin/internal/PlexusContainerDefaultDependenciesValidator$$Lambda+0x00000203d21b8c70
instanceKlass  @bci org/apache/maven/plugin/internal/PlexusContainerDefaultDependenciesValidator doValidate (Lorg/eclipse/aether/RepositorySystemSession;Lorg/eclipse/aether/artifact/Artifact;Lorg/eclipse/aether/resolution/ArtifactDescriptorResult;)V 9 <appendix> argL0 ; # org/apache/maven/plugin/internal/PlexusContainerDefaultDependenciesValidator$$Lambda+0x00000203d21b8a30
instanceKlass  @bci org/apache/maven/plugin/internal/MavenScopeDependenciesValidator doValidate (Lorg/eclipse/aether/RepositorySystemSession;Lorg/eclipse/aether/artifact/Artifact;Lorg/eclipse/aether/resolution/ArtifactDescriptorResult;)V 59 <appendix> argL0 ; # org/apache/maven/plugin/internal/MavenScopeDependenciesValidator$$Lambda+0x00000203d21b8800
instanceKlass  @bci org/apache/maven/plugin/internal/MavenScopeDependenciesValidator doValidate (Lorg/eclipse/aether/RepositorySystemSession;Lorg/eclipse/aether/artifact/Artifact;Lorg/eclipse/aether/resolution/ArtifactDescriptorResult;)V 49 <appendix> argL0 ; # org/apache/maven/plugin/internal/MavenScopeDependenciesValidator$$Lambda+0x00000203d21b9d60
instanceKlass  @bci org/apache/maven/plugin/internal/MavenScopeDependenciesValidator doValidate (Lorg/eclipse/aether/RepositorySystemSession;Lorg/eclipse/aether/artifact/Artifact;Lorg/eclipse/aether/resolution/ArtifactDescriptorResult;)V 39 <appendix> argL0 ; # org/apache/maven/plugin/internal/MavenScopeDependenciesValidator$$Lambda+0x00000203d21b9b20
instanceKlass  @bci org/apache/maven/plugin/internal/MavenScopeDependenciesValidator doValidate (Lorg/eclipse/aether/RepositorySystemSession;Lorg/eclipse/aether/artifact/Artifact;Lorg/eclipse/aether/resolution/ArtifactDescriptorResult;)V 29 <appendix> argL0 ; # org/apache/maven/plugin/internal/MavenScopeDependenciesValidator$$Lambda+0x00000203d21b98e0
instanceKlass  @bci org/apache/maven/plugin/internal/MavenScopeDependenciesValidator doValidate (Lorg/eclipse/aether/RepositorySystemSession;Lorg/eclipse/aether/artifact/Artifact;Lorg/eclipse/aether/resolution/ArtifactDescriptorResult;)V 19 <appendix> argL0 ; # org/apache/maven/plugin/internal/MavenScopeDependenciesValidator$$Lambda+0x00000203d21b96b0
instanceKlass  @bci org/apache/maven/plugin/internal/MavenScopeDependenciesValidator doValidate (Lorg/eclipse/aether/RepositorySystemSession;Lorg/eclipse/aether/artifact/Artifact;Lorg/eclipse/aether/resolution/ArtifactDescriptorResult;)V 9 <appendix> argL0 ; # org/apache/maven/plugin/internal/MavenScopeDependenciesValidator$$Lambda+0x00000203d21b9470
instanceKlass  @bci org/apache/maven/plugin/internal/MavenMixedDependenciesValidator doValidate (Lorg/eclipse/aether/RepositorySystemSession;Lorg/eclipse/aether/artifact/Artifact;Lorg/eclipse/aether/resolution/ArtifactDescriptorResult;)V 39 <appendix> argL0 ; # org/apache/maven/plugin/internal/MavenMixedDependenciesValidator$$Lambda+0x00000203d21b9240
instanceKlass  @bci org/apache/maven/plugin/internal/MavenMixedDependenciesValidator doValidate (Lorg/eclipse/aether/RepositorySystemSession;Lorg/eclipse/aether/artifact/Artifact;Lorg/eclipse/aether/resolution/ArtifactDescriptorResult;)V 29 <appendix> argL0 ; # org/apache/maven/plugin/internal/MavenMixedDependenciesValidator$$Lambda+0x00000203d21b9000
instanceKlass  @bci org/apache/maven/plugin/internal/MavenMixedDependenciesValidator doValidate (Lorg/eclipse/aether/RepositorySystemSession;Lorg/eclipse/aether/artifact/Artifact;Lorg/eclipse/aether/resolution/ArtifactDescriptorResult;)V 19 <appendix> argL0 ; # org/apache/maven/plugin/internal/MavenMixedDependenciesValidator$$Lambda+0x00000203d21bbc18
instanceKlass  @bci org/apache/maven/plugin/internal/MavenMixedDependenciesValidator doValidate (Lorg/eclipse/aether/RepositorySystemSession;Lorg/eclipse/aether/artifact/Artifact;Lorg/eclipse/aether/resolution/ArtifactDescriptorResult;)V 9 <appendix> argL0 ; # org/apache/maven/plugin/internal/MavenMixedDependenciesValidator$$Lambda+0x00000203d21bb9e8
instanceKlass  @bci java/util/stream/Collectors toSet ()Ljava/util/stream/Collector; 14 <appendix> argL0 ; # java/util/stream/Collectors$$Lambda+0x800000041
instanceKlass  @bci java/util/stream/Collectors toSet ()Ljava/util/stream/Collector; 9 <appendix> argL0 ; # java/util/stream/Collectors$$Lambda+0x80000003a
instanceKlass  @bci java/util/stream/Collectors toSet ()Ljava/util/stream/Collector; 4 <appendix> argL0 ; # java/util/stream/Collectors$$Lambda+0x800000046
instanceKlass  @bci org/apache/maven/plugin/internal/Maven2DependenciesValidator doValidate (Lorg/eclipse/aether/RepositorySystemSession;Lorg/eclipse/aether/artifact/Artifact;Lorg/eclipse/aether/resolution/ArtifactDescriptorResult;)V 49 <appendix> argL0 ; # org/apache/maven/plugin/internal/Maven2DependenciesValidator$$Lambda+0x00000203d21bb7a8
instanceKlass  @bci org/apache/maven/plugin/internal/Maven2DependenciesValidator doValidate (Lorg/eclipse/aether/RepositorySystemSession;Lorg/eclipse/aether/artifact/Artifact;Lorg/eclipse/aether/resolution/ArtifactDescriptorResult;)V 39 <appendix> argL0 ; # org/apache/maven/plugin/internal/Maven2DependenciesValidator$$Lambda+0x00000203d21bb578
instanceKlass  @bci org/apache/maven/plugin/internal/Maven2DependenciesValidator doValidate (Lorg/eclipse/aether/RepositorySystemSession;Lorg/eclipse/aether/artifact/Artifact;Lorg/eclipse/aether/resolution/ArtifactDescriptorResult;)V 29 <appendix> argL0 ; # org/apache/maven/plugin/internal/Maven2DependenciesValidator$$Lambda+0x00000203d21bb338
instanceKlass  @bci org/apache/maven/plugin/internal/Maven2DependenciesValidator doValidate (Lorg/eclipse/aether/RepositorySystemSession;Lorg/eclipse/aether/artifact/Artifact;Lorg/eclipse/aether/resolution/ArtifactDescriptorResult;)V 19 <appendix> argL0 ; # org/apache/maven/plugin/internal/Maven2DependenciesValidator$$Lambda+0x00000203d21bb0f8
instanceKlass  @bci org/apache/maven/plugin/internal/Maven2DependenciesValidator doValidate (Lorg/eclipse/aether/RepositorySystemSession;Lorg/eclipse/aether/artifact/Artifact;Lorg/eclipse/aether/resolution/ArtifactDescriptorResult;)V 9 <appendix> argL0 ; # org/apache/maven/plugin/internal/Maven2DependenciesValidator$$Lambda+0x00000203d21baec8
instanceKlass org/apache/maven/model/io/xpp3/MavenXpp3Reader$1
instanceKlass org/apache/maven/model/io/xpp3/MavenXpp3Reader$ContentTransformer
instanceKlass org/apache/maven/model/io/xpp3/MavenXpp3Reader
instanceKlass org/apache/maven/repository/internal/DefaultModelResolver
instanceKlass  @bci org/apache/maven/plugin/internal/DefaultMavenPluginManager getPluginDescriptor (Lorg/apache/maven/model/Plugin;Ljava/util/List;Lorg/eclipse/aether/RepositorySystemSession;)Lorg/apache/maven/plugin/descriptor/PluginDescriptor; 24 <appendix> member <vmtarget> ; # org/apache/maven/plugin/internal/DefaultMavenPluginManager$$Lambda+0x00000203d21ba000
instanceKlass  @bci org/apache/maven/plugin/DefaultPluginDescriptorCache createKey (Lorg/apache/maven/model/Plugin;Ljava/util/List;Lorg/eclipse/aether/RepositorySystemSession;)Lorg/apache/maven/plugin/PluginDescriptorCache$Key; 14 <appendix> argL0 ; # org/apache/maven/plugin/DefaultPluginDescriptorCache$$Lambda+0x00000203d21bfda8
instanceKlass org/apache/maven/plugin/DefaultPluginDescriptorCache$CacheKey
instanceKlass org/apache/maven/lifecycle/internal/GoalTask
instanceKlass org/apache/maven/execution/ProjectExecutionEvent
instanceKlass org/apache/maven/lifecycle/internal/CompoundProjectExecutionListener
instanceKlass org/apache/maven/lifecycle/internal/DefaultLifecycleMappingDelegate$$FastClassByGuice$$180615919
instanceKlass org/apache/maven/lifecycle/internal/DefaultLifecycleExecutionPlanCalculator$$FastClassByGuice$$179324440
instanceKlass org/apache/maven/project/artifact/DefaultProjectArtifactsCache$$FastClassByGuice$$178971912
instanceKlass org/apache/maven/artifact/factory/DefaultArtifactFactory$$FastClassByGuice$$177258833
instanceKlass org/apache/maven/lifecycle/internal/builder/singlethreaded/SingleThreadedBuilder$$FastClassByGuice$$176841050
instanceKlass org/apache/maven/graph/DefaultProjectDependencyGraph$MavenProjectComparator
instanceKlass org/apache/maven/graph/FilteredProjectDependencyGraph$Key
instanceKlass org/apache/maven/lifecycle/internal/LifecycleTask
instanceKlass  @bci org/apache/maven/plugin/internal/DefaultPluginValidationManager validationPluginExcludes (Lorg/eclipse/aether/RepositorySystemSession;)Ljava/util/List; 11 <appendix> member <vmtarget> ; # org/apache/maven/plugin/internal/DefaultPluginValidationManager$$Lambda+0x00000203d21bec80
instanceKlass  @bci org/apache/maven/plugin/internal/DefaultPluginValidationManager validationReportLevel (Lorg/eclipse/aether/RepositorySystemSession;)Lorg/apache/maven/plugin/internal/DefaultPluginValidationManager$ValidationReportLevel; 10 <appendix> member <vmtarget> ; # org/apache/maven/plugin/internal/DefaultPluginValidationManager$$Lambda+0x00000203d21bea68
instanceKlass  @bci org/apache/maven/graph/FilteredProjectDependencyGraph <init> (Lorg/apache/maven/execution/ProjectDependencyGraph;Ljava/util/Collection;)V 103 <appendix> member <vmtarget> ; # org/apache/maven/graph/FilteredProjectDependencyGraph$$Lambda+0x00000203d21be820
instanceKlass org/apache/maven/graph/FilteredProjectDependencyGraph
instanceKlass org/apache/maven/internal/aether/MavenChainedWorkspaceReader
instanceKlass  @bci java/util/stream/Collectors lambda$groupingBy$53 (Ljava/util/function/Function;Ljava/util/function/Supplier;Ljava/util/function/BiConsumer;Ljava/util/Map;Ljava/lang/Object;)V 20 <appendix> member <vmtarget> ; # java/util/stream/Collectors$$Lambda+0x00000203d21c7960
instanceKlass  @bci java/util/stream/Collectors groupingBy (Ljava/util/function/Function;Ljava/util/function/Supplier;Ljava/util/stream/Collector;)Ljava/util/stream/Collector; 19 <appendix> member <vmtarget> ; # java/util/stream/Collectors$$Lambda+0x00000203d21c7738
instanceKlass  @bci java/util/stream/Collectors groupingBy (Ljava/util/function/Function;Ljava/util/stream/Collector;)Ljava/util/stream/Collector; 1 <appendix> argL0 ; # java/util/stream/Collectors$$Lambda+0x00000203d21c7528
instanceKlass  @bci org/apache/maven/ReactorReader <init> (Lorg/apache/maven/execution/MavenSession;)V 14 <appendix> argL0 ; # org/apache/maven/ReactorReader$$Lambda+0x00000203d21bdf78
instanceKlass  @bci org/apache/maven/ReactorReader <init> (Lorg/apache/maven/execution/MavenSession;)V 5 <appendix> argL0 ; # org/apache/maven/ReactorReader$$Lambda+0x00000203d21bdd48
instanceKlass  @bci org/apache/maven/session/scope/internal/SessionScope$ScopeState scope (Lcom/google/inject/Key;Lcom/google/inject/Provider;)Lcom/google/inject/Provider; 6 <appendix> member <vmtarget> ; # org/apache/maven/session/scope/internal/SessionScope$ScopeState$$Lambda+0x00000203d21bdb10
instanceKlass  @bci org/apache/maven/execution/MavenSession setProjects (Ljava/util/List;)V 40 <appendix> argL0 ; # org/apache/maven/execution/MavenSession$$Lambda+0x00000203d21bd8d0
instanceKlass  @bci org/apache/maven/execution/MavenSession setProjects (Ljava/util/List;)V 22 <appendix> member <vmtarget> ; # org/apache/maven/execution/MavenSession$$Lambda+0x00000203d21bd6b8
instanceKlass org/codehaus/plexus/util/dag/TopologicalSorter
instanceKlass org/codehaus/plexus/util/dag/Vertex
instanceKlass org/codehaus/plexus/util/dag/DAG
instanceKlass org/apache/maven/project/ProjectSorter
instanceKlass org/apache/maven/graph/DefaultProjectDependencyGraph
instanceKlass org/apache/maven/project/DefaultProjectBuildingResult
instanceKlass org/apache/maven/lifecycle/mapping/DefaultLifecycleMapping$$FastClassByGuice$$175208405
instanceKlass org/apache/maven/model/Site
instanceKlass org/apache/maven/model/merge/ModelMerger$NotifierKeyComputer
instanceKlass  @bci org/apache/maven/model/building/DefaultModelBuilder lambda$getInterpolatedProfiles$0 (Lorg/apache/maven/model/profile/DefaultProfileActivationContext;Lorg/apache/maven/model/building/DefaultModelProblemCollector;Lorg/apache/maven/model/ActivationFile;)V 57 <appendix> member <vmtarget> ; # org/apache/maven/model/building/DefaultModelBuilder$$Lambda+0x00000203d21bc228
instanceKlass  @bci org/apache/maven/model/building/DefaultModelBuilder lambda$getInterpolatedProfiles$0 (Lorg/apache/maven/model/profile/DefaultProfileActivationContext;Lorg/apache/maven/model/building/DefaultModelProblemCollector;Lorg/apache/maven/model/ActivationFile;)V 34 <appendix> member <vmtarget> ; # org/apache/maven/model/building/DefaultModelBuilder$$Lambda+0x00000203d21bc000
instanceKlass  @bci org/apache/maven/model/building/DefaultModelBuilder lambda$getInterpolatedProfiles$0 (Lorg/apache/maven/model/profile/DefaultProfileActivationContext;Lorg/apache/maven/model/building/DefaultModelProblemCollector;Lorg/apache/maven/model/ActivationFile;)V 8 <appendix> member <vmtarget> ; # org/apache/maven/model/building/DefaultModelBuilder$$Lambda+0x00000203d21b3de8
instanceKlass org/apache/maven/model/Notifier
instanceKlass java/util/stream/Streams$RangeIntSpliterator
instanceKlass  @bci org/apache/maven/model/building/DefaultModelBuilder lambda$getInterpolatedProfiles$4 (Lorg/apache/maven/model/Activation;Lorg/codehaus/plexus/interpolation/RegexBasedInterpolator;Lorg/apache/maven/model/building/DefaultModelProblemCollector;Ljava/lang/String;)V 32 <appendix> member <vmtarget> ; # org/apache/maven/model/building/DefaultModelBuilder$$Lambda+0x00000203d21b3908
instanceKlass  @bci org/apache/maven/model/building/DefaultModelBuilder lambda$getInterpolatedProfiles$4 (Lorg/apache/maven/model/Activation;Lorg/codehaus/plexus/interpolation/RegexBasedInterpolator;Lorg/apache/maven/model/building/DefaultModelProblemCollector;Ljava/lang/String;)V 12 <appendix> member <vmtarget> ; # org/apache/maven/model/building/DefaultModelBuilder$$Lambda+0x00000203d21b36f0
instanceKlass org/apache/maven/lifecycle/Lifecycle$__sisu7$$FastClassByGuice$$174551602
instanceKlass org/apache/maven/lifecycle/Lifecycle$__sisu8$$FastClassByGuice$$173231624
instanceKlass org/apache/maven/lifecycle/mapping/LifecycleMojo
# instanceKlass java/lang/invoke/LambdaForm$MH+0x00000203d21b7c00
instanceKlass org/apache/maven/lifecycle/mapping/DefaultLifecycleMapping$__sisu1$$FastClassByGuice$$172815988
instanceKlass org/apache/maven/lifecycle/mapping/Lifecycle
instanceKlass org/apache/maven/model/building/DefaultModelBuildingEvent
instanceKlass org/apache/maven/model/building/ModelBuildingEventCatapult$1
instanceKlass org/apache/maven/project/DefaultProjectBuilder$InterimResult
instanceKlass org/apache/maven/artifact/handler/DefaultArtifactHandler$__sisu13$$FastClassByGuice$$171940569
instanceKlass org/apache/maven/artifact/versioning/Restriction
instanceKlass org/apache/maven/artifact/versioning/ComparableVersion$StringItem
# instanceKlass java/lang/invoke/LambdaForm$MH+0x00000203d21b7800
# instanceKlass java/lang/invoke/LambdaForm$MH+0x00000203d21b7400
# instanceKlass java/lang/invoke/LambdaForm$MH+0x00000203d21b7000
# instanceKlass java/lang/invoke/LambdaForm$BMH+0x00000203d21b6c00
# instanceKlass java/lang/invoke/LambdaForm$DMH+0x00000203d21b6800
# instanceKlass java/lang/invoke/LambdaForm$MH+0x00000203d21b6400
# instanceKlass java/lang/invoke/LambdaForm$DMH+0x00000203d21b6000
instanceKlass java/lang/invoke/ClassSpecializer$Factory$1Var
instanceKlass java/lang/invoke/MethodHandles$1
# instanceKlass java/lang/invoke/LambdaForm$DMH+0x00000203d21b5c00
instanceKlass sun/invoke/util/ValueConversions$1
# instanceKlass java/lang/invoke/LambdaForm$DMH+0x00000203d21b5800
# instanceKlass java/lang/invoke/LambdaForm$MH+0x00000203d21b5400
# instanceKlass java/lang/invoke/LambdaForm$MH+0x00000203d21b5000
# instanceKlass java/lang/invoke/LambdaForm$MH+0x00000203d21b4400
instanceKlass org/apache/maven/artifact/handler/DefaultArtifactHandler$__sisu9$$FastClassByGuice$$170770873
instanceKlass org/apache/maven/artifact/ArtifactUtils
instanceKlass org/apache/maven/artifact/DefaultArtifact
instanceKlass org/apache/maven/artifact/handler/DefaultArtifactHandler$$FastClassByGuice$$169720524
instanceKlass java/util/StringTokenizer
instanceKlass org/apache/maven/artifact/versioning/ComparableVersion$IntItem
instanceKlass org/apache/maven/artifact/versioning/ComparableVersion$Item
instanceKlass org/apache/maven/artifact/versioning/ComparableVersion
instanceKlass org/apache/maven/artifact/versioning/DefaultArtifactVersion
instanceKlass org/apache/maven/repository/internal/ArtifactDescriptorUtils
instanceKlass  @bci org/apache/maven/model/building/DefaultModelBuilder interpolateModel (Lorg/apache/maven/model/Model;Lorg/apache/maven/model/building/ModelBuildingRequest;Lorg/apache/maven/model/building/ModelProblemCollector;)Lorg/apache/maven/model/Model; 219 <appendix> member <vmtarget> ; # org/apache/maven/model/building/DefaultModelBuilder$$Lambda+0x00000203d21b0988
instanceKlass  @cpi org/apache/maven/model/building/DefaultModelBuilder 1548 form vmentry <vmtarget> ; # java/lang/invoke/LambdaForm$DMH+0x00000203d21b4000
instanceKlass org/apache/maven/model/Extension
instanceKlass org/codehaus/plexus/interpolation/util/StringUtils
instanceKlass org/apache/maven/model/DistributionManagement
instanceKlass org/apache/maven/model/CiManagement
instanceKlass org/apache/maven/model/Organization
instanceKlass org/apache/maven/model/Prerequisites
instanceKlass org/apache/maven/model/MailingList
instanceKlass org/codehaus/plexus/interpolation/reflection/MethodMap
instanceKlass org/codehaus/plexus/interpolation/reflection/ClassMap$CacheMiss
instanceKlass org/codehaus/plexus/interpolation/reflection/ClassMap
instanceKlass org/codehaus/plexus/interpolation/reflection/ReflectionValueExtractor$Tokenizer
instanceKlass org/codehaus/plexus/interpolation/reflection/ReflectionValueExtractor
instanceKlass org/codehaus/plexus/interpolation/util/ValueSourceUtils
instanceKlass org/apache/maven/model/interpolation/StringVisitorModelInterpolator$ModelVisitor
instanceKlass org/apache/maven/model/interpolation/StringVisitorModelInterpolator$1
instanceKlass org/codehaus/plexus/interpolation/PrefixAwareRecursionInterceptor
instanceKlass org/apache/maven/model/interpolation/UrlNormalizingPostProcessor
instanceKlass org/apache/maven/model/interpolation/PathTranslatingPostProcessor
instanceKlass java/text/DontCareFieldPosition$1
instanceKlass java/text/Format$FieldDelegate
instanceKlass sun/util/resources/Bundles$2
instanceKlass sun/util/resources/LocaleData$LocaleDataResourceBundleProvider
instanceKlass java/util/spi/ResourceBundleProvider
instanceKlass org/apache/maven/model/interpolation/MavenBuildTimestamp
instanceKlass org/apache/maven/model/interpolation/ProblemDetectingValueSource
instanceKlass org/codehaus/plexus/interpolation/PrefixedValueSourceWrapper
instanceKlass org/codehaus/plexus/interpolation/FeedbackEnabledValueSource
instanceKlass org/codehaus/plexus/interpolation/AbstractDelegatingValueSource
instanceKlass org/codehaus/plexus/interpolation/QueryEnabledValueSource
instanceKlass org/apache/maven/model/merge/ModelMerger$ExtensionKeyComputer
instanceKlass org/apache/maven/model/merge/ModelMerger$ResourceKeyComputer
instanceKlass org/apache/maven/model/merge/ModelMerger$SourceDominant
instanceKlass org/apache/maven/model/merge/ModelMerger$DependencyKeyComputer
instanceKlass  @bci org/apache/maven/model/building/DefaultModelBuilder lambda$getInterpolatedProfiles$3 (Lorg/codehaus/plexus/interpolation/RegexBasedInterpolator;Lorg/apache/maven/model/building/DefaultModelProblemCollector;Lorg/apache/maven/model/ActivationProperty;)V 61 <appendix> member <vmtarget> ; # org/apache/maven/model/building/DefaultModelBuilder$$Lambda+0x00000203d21aa0b8
instanceKlass  @bci org/apache/maven/model/building/DefaultModelBuilder lambda$getInterpolatedProfiles$3 (Lorg/codehaus/plexus/interpolation/RegexBasedInterpolator;Lorg/apache/maven/model/building/DefaultModelProblemCollector;Lorg/apache/maven/model/ActivationProperty;)V 38 <appendix> member <vmtarget> ; # org/apache/maven/model/building/DefaultModelBuilder$$Lambda+0x00000203d21a9e90
instanceKlass  @bci org/apache/maven/model/building/DefaultModelBuilder lambda$getInterpolatedProfiles$3 (Lorg/codehaus/plexus/interpolation/RegexBasedInterpolator;Lorg/apache/maven/model/building/DefaultModelProblemCollector;Lorg/apache/maven/model/ActivationProperty;)V 12 <appendix> member <vmtarget> ; # org/apache/maven/model/building/DefaultModelBuilder$$Lambda+0x00000203d21a9c78
instanceKlass  @cpi com/sun/tools/javac/comp/TypeEnter 825 form vmentry <vmtarget> ; # java/lang/invoke/LambdaForm$DMH+0x00000203d21ac800
instanceKlass org/apache/maven/model/building/DefaultModelBuilder$InterpolateString
instanceKlass org/apache/maven/model/building/DefaultModelBuilder$1Interpolation
instanceKlass org/apache/maven/model/Exclusion
instanceKlass org/apache/maven/model/DependencyManagement
instanceKlass  @bci org/apache/maven/model/building/DefaultModelBuilder getInterpolatedProfiles (Lorg/apache/maven/model/Model;Lorg/apache/maven/model/profile/DefaultProfileActivationContext;Lorg/apache/maven/model/building/DefaultModelProblemCollector;)Ljava/util/List; 205 <appendix> member <vmtarget> ; # org/apache/maven/model/building/DefaultModelBuilder$$Lambda+0x00000203d21a9198
instanceKlass  @cpi com/sun/tools/javac/comp/Annotate 1383 form vmentry <vmtarget> ; # java/lang/invoke/LambdaForm$DMH+0x00000203d21ac400
instanceKlass  @bci org/apache/maven/model/building/DefaultModelBuilder getInterpolatedProfiles (Lorg/apache/maven/model/Model;Lorg/apache/maven/model/profile/DefaultProfileActivationContext;Lorg/apache/maven/model/building/DefaultModelProblemCollector;)Ljava/util/List; 191 <appendix> argL0 ; # org/apache/maven/model/building/DefaultModelBuilder$$Lambda+0x00000203d21a8f68
instanceKlass  @bci org/apache/maven/model/building/DefaultModelBuilder getInterpolatedProfiles (Lorg/apache/maven/model/Model;Lorg/apache/maven/model/profile/DefaultProfileActivationContext;Lorg/apache/maven/model/building/DefaultModelProblemCollector;)Ljava/util/List; 181 <appendix> member <vmtarget> ; # org/apache/maven/model/building/DefaultModelBuilder$$Lambda+0x00000203d21a8d40
instanceKlass  @bci org/apache/maven/model/building/DefaultModelBuilder getInterpolatedProfiles (Lorg/apache/maven/model/Model;Lorg/apache/maven/model/profile/DefaultProfileActivationContext;Lorg/apache/maven/model/building/DefaultModelProblemCollector;)Ljava/util/List; 169 <appendix> argL0 ; # org/apache/maven/model/building/DefaultModelBuilder$$Lambda+0x00000203d21a8b10
instanceKlass  @bci org/apache/maven/model/building/DefaultModelBuilder getInterpolatedProfiles (Lorg/apache/maven/model/Model;Lorg/apache/maven/model/profile/DefaultProfileActivationContext;Lorg/apache/maven/model/building/DefaultModelProblemCollector;)Ljava/util/List; 159 <appendix> member <vmtarget> ; # org/apache/maven/model/building/DefaultModelBuilder$$Lambda+0x00000203d21a88e8
instanceKlass  @bci org/apache/commons/compress/archivers/zip/ExtraFieldUtils <clinit> ()V 16 <bsm> form vmentry <vmtarget> ; # java/lang/invoke/LambdaForm$DMH+0x00000203d21ac000
instanceKlass  @bci org/apache/maven/model/building/DefaultModelBuilder getInterpolatedProfiles (Lorg/apache/maven/model/Model;Lorg/apache/maven/model/profile/DefaultProfileActivationContext;Lorg/apache/maven/model/building/DefaultModelProblemCollector;)Ljava/util/List; 147 <appendix> argL0 ; # org/apache/maven/model/building/DefaultModelBuilder$$Lambda+0x00000203d21a86b8
instanceKlass  @bci org/apache/maven/model/building/DefaultModelBuilder getInterpolatedProfiles (Lorg/apache/maven/model/Model;Lorg/apache/maven/model/profile/DefaultProfileActivationContext;Lorg/apache/maven/model/building/DefaultModelProblemCollector;)Ljava/util/List; 137 <appendix> member <vmtarget> ; # org/apache/maven/model/building/DefaultModelBuilder$$Lambda+0x00000203d21a8490
instanceKlass  @bci org/apache/maven/model/building/DefaultModelBuilder getInterpolatedProfiles (Lorg/apache/maven/model/Model;Lorg/apache/maven/model/profile/DefaultProfileActivationContext;Lorg/apache/maven/model/building/DefaultModelProblemCollector;)Ljava/util/List; 126 <appendix> argL0 ; # org/apache/maven/model/building/DefaultModelBuilder$$Lambda+0x00000203d21a8260
instanceKlass org/apache/maven/model/IssueManagement
instanceKlass org/apache/maven/model/io/xpp3/MavenXpp3ReaderEx$Xpp3DomBuilderInputLocationBuilder
instanceKlass org/apache/maven/model/Scm
instanceKlass org/apache/maven/model/License
instanceKlass org/apache/maven/model/building/FilterModelBuildingRequest
instanceKlass  @bci org/eclipse/aether/named/support/NamedLockFactorySupport closeLock (Ljava/lang/String;)V 6 <appendix> member <vmtarget> ; # org/eclipse/aether/named/support/NamedLockFactorySupport$$Lambda+0x00000203d21a69d0
instanceKlass java/util/AbstractMap$2$1
instanceKlass java/nio/channels/spi/AbstractInterruptibleChannel$1
instanceKlass sun/nio/ch/Interruptible
instanceKlass sun/nio/ch/FileKey
instanceKlass sun/nio/ch/FileLockTable
instanceKlass sun/nio/fs/WindowsChannelFactory$2
instanceKlass sun/nio/fs/WindowsFileSystemProvider$1
instanceKlass org/eclipse/aether/repository/LocalArtifactRequest
instanceKlass org/apache/maven/repository/internal/DefaultVersionResolver$Key
instanceKlass org/eclipse/aether/internal/impl/DefaultRepositoryEventDispatcher$1
instanceKlass org/eclipse/aether/RepositoryEvent$Builder
instanceKlass org/eclipse/aether/internal/impl/filter/PrefixesRemoteRepositoryFilterSource$1
instanceKlass org/eclipse/aether/internal/impl/filter/RemoteRepositoryFilterSourceSupport$SimpleResult
instanceKlass  @bci org/eclipse/aether/internal/impl/filter/DefaultRemoteRepositoryFilterManager getRemoteRepositoryFilter (Lorg/eclipse/aether/RepositorySystemSession;)Lorg/eclipse/aether/spi/connector/filter/RemoteRepositoryFilter; 40 <appendix> member <vmtarget> ; # org/eclipse/aether/internal/impl/filter/DefaultRemoteRepositoryFilterManager$$Lambda+0x00000203d21a5708
instanceKlass  @bci org/eclipse/aether/named/support/ReadWriteLockNamedLock <init> (Ljava/lang/String;Lorg/eclipse/aether/named/support/NamedLockFactorySupport;Ljava/util/concurrent/locks/ReadWriteLock;)V 7 <appendix> argL0 ; # org/eclipse/aether/named/support/ReadWriteLockNamedLock$$Lambda+0x00000203d21a50d8
instanceKlass org/eclipse/aether/named/support/Retry$DoNotRetry
instanceKlass  @bci org/eclipse/aether/named/support/NamedLockFactorySupport getLock (Ljava/lang/String;)Lorg/eclipse/aether/named/support/NamedLockSupport; 6 <appendix> member <vmtarget> ; # org/eclipse/aether/named/support/NamedLockFactorySupport$$Lambda+0x00000203d21a4a70
instanceKlass java/time/temporal/TemporalUnit
instanceKlass java/time/Duration
instanceKlass java/time/temporal/TemporalAmount
instanceKlass org/eclipse/aether/internal/impl/synccontext/named/NamedLockFactoryAdapter$AdaptedLockSyncContext
instanceKlass org/eclipse/aether/internal/impl/synccontext/named/GAVNameMapper
instanceKlass org/eclipse/aether/internal/impl/synccontext/named/NameMappers
instanceKlass org/eclipse/sisu/wire/NamedIterableAdapter$NamedEntry
instanceKlass org/eclipse/sisu/wire/NamedIterableAdapter$NamedIterator
instanceKlass  @bci org/eclipse/aether/DefaultSessionData computeIfAbsent (Ljava/lang/Object;Ljava/util/function/Supplier;)Ljava/lang/Object; 6 <appendix> member <vmtarget> ; # org/eclipse/aether/DefaultSessionData$$Lambda+0x00000203d21a38a0
instanceKlass  @bci org/eclipse/aether/internal/impl/synccontext/DefaultSyncContextFactory newInstance (Lorg/eclipse/aether/RepositorySystemSession;Z)Lorg/eclipse/aether/SyncContext; 18 <appendix> member <vmtarget> ; # org/eclipse/aether/internal/impl/synccontext/DefaultSyncContextFactory$$Lambda+0x00000203d21a3688
instanceKlass org/apache/maven/project/ReactorModelPool$CacheKey
instanceKlass org/eclipse/aether/util/version/GenericVersion$Item
instanceKlass org/eclipse/aether/util/version/GenericVersion$Tokenizer
instanceKlass org/eclipse/aether/util/version/GenericVersion
instanceKlass org/eclipse/aether/util/version/GenericVersionConstraint
instanceKlass org/eclipse/aether/version/VersionRange
instanceKlass org/eclipse/aether/version/VersionConstraint
instanceKlass org/eclipse/aether/util/version/GenericVersionScheme
instanceKlass org/eclipse/aether/artifact/AbstractArtifact
instanceKlass java/util/Formatter$Flags
instanceKlass java/util/Formattable
instanceKlass java/util/Formatter$FormatSpecifier
instanceKlass java/util/Formatter$Conversion
instanceKlass java/util/Formatter$FixedString
instanceKlass java/util/Formatter$FormatString
instanceKlass java/util/Formatter
instanceKlass org/apache/maven/repository/internal/DefaultModelCache$Key
instanceKlass org/apache/maven/model/building/ModelCacheTag$2
instanceKlass org/apache/maven/model/building/ModelCacheTag$1
instanceKlass  @bci org/apache/maven/model/profile/DefaultProfileActivationContext setProjectProperties (Ljava/util/Properties;)Lorg/apache/maven/model/profile/DefaultProfileActivationContext; 27 <appendix> argL0 ; # org/apache/maven/model/profile/DefaultProfileActivationContext$$Lambda+0x00000203d21a15b0
instanceKlass  @bci org/apache/maven/model/profile/DefaultProfileActivationContext setProjectProperties (Ljava/util/Properties;)Lorg/apache/maven/model/profile/DefaultProfileActivationContext; 19 <appendix> argL0 ; # org/apache/maven/model/profile/DefaultProfileActivationContext$$Lambda+0x00000203d21a1380
instanceKlass  @bci org/apache/maven/model/profile/DefaultProfileActivationContext setProjectProperties (Ljava/util/Properties;)Lorg/apache/maven/model/profile/DefaultProfileActivationContext; 14 <appendix> argL0 ; # org/apache/maven/model/profile/DefaultProfileActivationContext$$Lambda+0x00000203d21a1150
instanceKlass  @bci org/apache/maven/model/building/DefaultModelBuilder getProfileActivationContext (Lorg/apache/maven/model/building/ModelBuildingRequest;Lorg/apache/maven/model/Model;)Lorg/apache/maven/model/profile/DefaultProfileActivationContext; 55 <appendix> member <vmtarget> ; # org/apache/maven/model/building/DefaultModelBuilder$$Lambda+0x00000203d21a0f18
instanceKlass org/apache/maven/model/building/ModelProblemUtils
instanceKlass org/apache/maven/model/Parent
instanceKlass org/apache/maven/model/io/xpp3/MavenXpp3ReaderEx$1
instanceKlass org/codehaus/plexus/util/xml/Xpp3DomBuilder$InputLocationBuilder
instanceKlass org/apache/maven/model/io/xpp3/MavenXpp3ReaderEx$ContentTransformer
instanceKlass org/apache/maven/model/io/xpp3/MavenXpp3ReaderEx
instanceKlass org/apache/maven/model/building/ModelSource2
instanceKlass org/apache/maven/model/building/DefaultModelBuildingResult
instanceKlass org/apache/maven/model/building/AbstractModelBuildingListener
instanceKlass org/apache/maven/project/ProjectModelResolver
instanceKlass org/apache/maven/model/building/DefaultModelBuildingRequest
instanceKlass org/apache/maven/artifact/repository/LegacyLocalRepositoryManager
instanceKlass org/apache/maven/repository/internal/DefaultModelCache
instanceKlass org/apache/maven/project/DefaultProjectBuildingRequest
instanceKlass org/apache/maven/lifecycle/internal/DefaultExecutionEventCatapult$1
instanceKlass org/apache/maven/lifecycle/internal/DefaultExecutionEvent
instanceKlass org/apache/maven/AbstractMavenLifecycleParticipant
instanceKlass java/util/concurrent/atomic/AtomicReference
instanceKlass org/apache/maven/session/scope/internal/SessionScope$CachingProvider
instanceKlass  @bci org/apache/maven/session/scope/internal/SessionScope seed (Ljava/lang/Class;Ljava/lang/Object;)V 3 <appendix> member <vmtarget> ; # org/apache/maven/session/scope/internal/SessionScope$$Lambda+0x00000203d219ecc8
instanceKlass org/apache/maven/settings/RuntimeInfo
instanceKlass org/eclipse/aether/internal/impl/LocalPathPrefixComposerFactorySupport$LocalPathPrefixComposerSupport
instanceKlass org/eclipse/aether/internal/impl/SimpleLocalRepositoryManager
instanceKlass java/util/ArrayList$SubList$1
instanceKlass org/eclipse/aether/internal/impl/PrioritizedComponent
instanceKlass org/eclipse/sisu/wire/EntrySetAdapter$ValueIterator
instanceKlass org/eclipse/aether/internal/impl/PrioritizedComponents
instanceKlass  @bci org/apache/maven/RepositoryUtils toRepos (Ljava/util/List;)Ljava/util/List; 18 <appendix> argL0 ; # org/apache/maven/RepositoryUtils$$Lambda+0x00000203d219b490
instanceKlass org/eclipse/aether/repository/RemoteRepository$Builder
instanceKlass java/net/spi/URLStreamHandlerProvider
instanceKlass java/net/URL$1
instanceKlass java/net/URL$2
instanceKlass jdk/internal/misc/ThreadTracker
instanceKlass java/net/URL$ThreadTrackHolder
instanceKlass org/eclipse/aether/util/ConfigUtils
instanceKlass org/eclipse/aether/AbstractRepositoryListener
instanceKlass org/eclipse/aether/util/repository/DefaultAuthenticationSelector
instanceKlass org/eclipse/aether/util/repository/DefaultProxySelector
instanceKlass org/eclipse/aether/util/repository/DefaultMirrorSelector$MirrorDef
instanceKlass org/eclipse/aether/util/repository/DefaultMirrorSelector
instanceKlass org/apache/maven/settings/crypto/DefaultSettingsDecryptionResult
instanceKlass org/apache/maven/settings/crypto/DefaultSettingsDecryptionRequest
instanceKlass org/apache/maven/RepositoryUtils$MavenArtifactTypeRegistry
instanceKlass org/apache/maven/RepositoryUtils
instanceKlass org/eclipse/aether/util/repository/SimpleResolutionErrorPolicy
instanceKlass  @bci java/util/stream/Collectors mapMerger (Ljava/util/function/BinaryOperator;)Ljava/util/function/BinaryOperator; 1 <appendix> member <vmtarget> ; # java/util/stream/Collectors$$Lambda+0x00000203d21c27d0
instanceKlass  @bci java/util/stream/Collectors toMap (Ljava/util/function/Function;Ljava/util/function/Function;Ljava/util/function/BinaryOperator;Ljava/util/function/Supplier;)Ljava/util/stream/Collector; 3 <appendix> member <vmtarget> ; # java/util/stream/Collectors$$Lambda+0x00000203d21c25a8
instanceKlass  @cpi java/util/stream/Collectors 1299 form vmentry <vmtarget> ; # java/lang/invoke/LambdaForm$DMH+0x00000203d219c000
instanceKlass  @bci java/util/stream/Collectors toMap (Ljava/util/function/Function;Ljava/util/function/Function;Ljava/util/function/BinaryOperator;)Ljava/util/stream/Collector; 3 <appendix> argL0 ; # java/util/stream/Collectors$$Lambda+0x00000203d21c2398
instanceKlass  @bci org/apache/maven/internal/aether/DefaultRepositorySystemSessionFactory getPropertiesFromRequestedProfiles (Lorg/apache/maven/execution/MavenExecutionRequest;)Ljava/util/Map; 59 <appendix> argL0 ; # org/apache/maven/internal/aether/DefaultRepositorySystemSessionFactory$$Lambda+0x00000203d2199170
instanceKlass  @bci org/apache/maven/internal/aether/DefaultRepositorySystemSessionFactory getPropertiesFromRequestedProfiles (Lorg/apache/maven/execution/MavenExecutionRequest;)Ljava/util/Map; 54 <appendix> argL0 ; # org/apache/maven/internal/aether/DefaultRepositorySystemSessionFactory$$Lambda+0x00000203d2198f40
instanceKlass  @bci org/apache/maven/internal/aether/DefaultRepositorySystemSessionFactory getPropertiesFromRequestedProfiles (Lorg/apache/maven/execution/MavenExecutionRequest;)Ljava/util/Map; 49 <appendix> argL0 ; # org/apache/maven/internal/aether/DefaultRepositorySystemSessionFactory$$Lambda+0x00000203d2198d10
instanceKlass  @bci org/apache/maven/internal/aether/DefaultRepositorySystemSessionFactory getPropertiesFromRequestedProfiles (Lorg/apache/maven/execution/MavenExecutionRequest;)Ljava/util/Map; 39 <appendix> argL0 ; # org/apache/maven/internal/aether/DefaultRepositorySystemSessionFactory$$Lambda+0x00000203d2198ae0
instanceKlass  @bci org/apache/maven/internal/aether/DefaultRepositorySystemSessionFactory getPropertiesFromRequestedProfiles (Lorg/apache/maven/execution/MavenExecutionRequest;)Ljava/util/Map; 29 <appendix> argL0 ; # org/apache/maven/internal/aether/DefaultRepositorySystemSessionFactory$$Lambda+0x00000203d21988b0
instanceKlass  @bci org/apache/maven/internal/aether/DefaultRepositorySystemSessionFactory getPropertiesFromRequestedProfiles (Lorg/apache/maven/execution/MavenExecutionRequest;)Ljava/util/Map; 19 <appendix> member <vmtarget> ; # org/apache/maven/internal/aether/DefaultRepositorySystemSessionFactory$$Lambda+0x00000203d2198668
instanceKlass org/eclipse/aether/util/repository/SimpleArtifactDescriptorPolicy
instanceKlass org/eclipse/aether/artifact/DefaultArtifactType
instanceKlass org/eclipse/aether/util/artifact/SimpleArtifactTypeRegistry
instanceKlass org/eclipse/aether/util/graph/transformer/JavaDependencyContextRefiner
instanceKlass org/eclipse/aether/util/graph/transformer/ChainedDependencyGraphTransformer
instanceKlass org/eclipse/aether/util/graph/transformer/ConflictResolver
instanceKlass org/eclipse/aether/graph/Exclusion
instanceKlass org/eclipse/aether/util/graph/selector/ExclusionDependencySelector
instanceKlass org/eclipse/aether/util/graph/selector/OptionalDependencySelector
instanceKlass org/eclipse/aether/util/graph/selector/ScopeDependencySelector
instanceKlass org/eclipse/aether/util/graph/selector/AndDependencySelector
instanceKlass org/eclipse/aether/util/graph/manager/ClassicDependencyManager
instanceKlass org/eclipse/aether/util/graph/traverser/FatArtifactTraverser
instanceKlass org/eclipse/aether/DefaultSessionData
instanceKlass org/eclipse/aether/DefaultRepositorySystemSession$NullFileTransformerManager
instanceKlass org/eclipse/aether/transform/FileTransformerManager
instanceKlass org/eclipse/aether/DefaultRepositorySystemSession$NullArtifactTypeRegistry
instanceKlass org/eclipse/aether/DefaultRepositorySystemSession$NullAuthenticationSelector
instanceKlass org/eclipse/aether/DefaultRepositorySystemSession$NullProxySelector
instanceKlass org/eclipse/aether/DefaultRepositorySystemSession$NullMirrorSelector
instanceKlass org/eclipse/aether/SessionData
instanceKlass org/eclipse/aether/artifact/ArtifactTypeRegistry
instanceKlass org/eclipse/aether/collection/DependencyGraphTransformer
instanceKlass org/eclipse/aether/util/graph/transformer/ConflictResolver$VersionSelector
instanceKlass org/eclipse/aether/util/graph/transformer/ConflictResolver$ScopeSelector
instanceKlass org/eclipse/aether/util/graph/transformer/ConflictResolver$OptionalitySelector
instanceKlass org/eclipse/aether/util/graph/transformer/ConflictResolver$ScopeDeriver
instanceKlass org/apache/maven/repository/internal/MavenRepositorySystemUtils
instanceKlass org/apache/maven/execution/DefaultMavenExecutionResult
instanceKlass org/apache/maven/artifact/repository/MavenArtifactRepository
instanceKlass org/apache/maven/artifact/repository/layout/ArtifactRepositoryLayout2
instanceKlass org/apache/maven/artifact/repository/layout/DefaultRepositoryLayout$$FastClassByGuice$$167962405
instanceKlass org/apache/maven/execution/AbstractExecutionListener
instanceKlass org/eclipse/aether/transfer/AbstractTransferListener
instanceKlass org/apache/maven/toolchain/building/DefaultToolchainsBuildingResult
instanceKlass org/apache/maven/toolchain/building/DefaultToolchainsBuilder$1
instanceKlass org/apache/maven/toolchain/model/io/xpp3/MavenToolchainsXpp3Writer
instanceKlass org/apache/maven/toolchain/model/io/xpp3/MavenToolchainsXpp3Reader$1
instanceKlass org/apache/maven/toolchain/model/io/xpp3/MavenToolchainsXpp3Reader$ContentTransformer
instanceKlass org/apache/maven/toolchain/model/io/xpp3/MavenToolchainsXpp3Reader
instanceKlass org/apache/maven/building/DefaultProblemCollector
instanceKlass org/apache/maven/building/ProblemCollectorFactory
instanceKlass org/apache/maven/toolchain/building/DefaultToolchainsBuildingRequest
instanceKlass org/apache/maven/settings/building/DefaultSettingsBuildingResult
instanceKlass org/apache/maven/settings/building/DefaultSettingsBuilder$1
instanceKlass org/codehaus/plexus/interpolation/os/OperatingSystemUtils$DefaultEnvVarSource
instanceKlass org/codehaus/plexus/interpolation/os/OperatingSystemUtils$EnvVarSource
instanceKlass org/codehaus/plexus/interpolation/os/OperatingSystemUtils
instanceKlass org/codehaus/plexus/util/xml/pull/MXSerializer
instanceKlass org/codehaus/plexus/util/xml/pull/XmlSerializer
instanceKlass org/apache/maven/settings/io/xpp3/SettingsXpp3Writer
instanceKlass org/codehaus/plexus/util/xml/pull/EntityReplacementMap
instanceKlass org/apache/maven/settings/io/xpp3/SettingsXpp3Reader$1
instanceKlass org/apache/maven/settings/io/xpp3/SettingsXpp3Reader$ContentTransformer
instanceKlass org/apache/maven/settings/io/xpp3/SettingsXpp3Reader
instanceKlass org/apache/maven/building/FileSource
instanceKlass org/apache/maven/settings/building/DefaultSettingsBuildingRequest
instanceKlass  @bci java/util/regex/CharPredicates ASCII_WORD ()Ljava/util/regex/Pattern$BmpCharPredicate; 0 <appendix> argL0 ; # java/util/regex/CharPredicates$$Lambda+0x00000203d21c1d18
instanceKlass org/apache/maven/graph/DefaultGraphBuilder$$FastClassByGuice$$167214617
instanceKlass  @bci sun/security/provider/AbstractDrbg <clinit> ()V 12 <appendix> argL0 ; # sun/security/provider/AbstractDrbg$$Lambda+0x00000203d21c1b08
instanceKlass  @cpi sun/security/provider/AbstractDrbg 383 form vmentry <vmtarget> ; # java/lang/invoke/LambdaForm$DMH+0x00000203d2190400
# instanceKlass java/lang/invoke/LambdaForm$DMH+0x00000203d2190000
instanceKlass sun/security/provider/EntropySource
instanceKlass sun/security/provider/AbstractDrbg
instanceKlass java/security/DrbgParameters$Instantiation
instanceKlass java/security/DrbgParameters
instanceKlass sun/security/provider/MoreDrbgParameters
instanceKlass  @bci sun/security/provider/DRBG <init> (Ljava/security/SecureRandomParameters;)V 26 <appendix> argL0 ; # sun/security/provider/DRBG$$Lambda+0x00000203d21c0648
instanceKlass java/security/SecureRandomSpi
instanceKlass java/security/SecureRandomParameters
instanceKlass jdk/internal/event/Event
instanceKlass sun/security/util/SecurityProviderConstants
instanceKlass java/security/Provider$UString
instanceKlass java/security/Provider$Service
instanceKlass sun/security/provider/NativePRNG$NonBlocking
instanceKlass sun/security/provider/NativePRNG$Blocking
instanceKlass sun/security/provider/NativePRNG
instanceKlass sun/security/provider/SunEntries$1
instanceKlass sun/security/provider/SunEntries
instanceKlass sun/security/util/SecurityConstants
instanceKlass sun/security/jca/ProviderList$2
instanceKlass jdk/internal/math/FloatingDecimal$ASCIIToBinaryBuffer
instanceKlass jdk/internal/math/FloatingDecimal$PreparedASCIIToBinaryBuffer
instanceKlass jdk/internal/math/FloatingDecimal$ASCIIToBinaryConverter
instanceKlass jdk/internal/math/FloatingDecimal$BinaryToASCIIBuffer
instanceKlass jdk/internal/math/FloatingDecimal$ExceptionalBinaryToASCIIBuffer
instanceKlass jdk/internal/math/FloatingDecimal$BinaryToASCIIConverter
instanceKlass jdk/internal/math/FloatingDecimal
instanceKlass java/security/Provider$EngineDescription
instanceKlass java/security/Provider$ServiceKey
instanceKlass sun/security/jca/ProviderConfig
instanceKlass sun/security/jca/ProviderList
instanceKlass sun/security/jca/Providers
instanceKlass java/security/Key
instanceKlass java/security/spec/AlgorithmParameterSpec
instanceKlass jdk/internal/math/MathUtils
instanceKlass jdk/internal/math/FloatToDecimal
instanceKlass org/apache/maven/plugin/prefix/internal/DefaultPluginPrefixResolver$$FastClassByGuice$$165717472
instanceKlass org/apache/maven/plugin/CompoundMojoExecutionListener
instanceKlass org/apache/maven/plugin/internal/DefaultLegacySupport$$FastClassByGuice$$165040029
instanceKlass org/apache/maven/plugin/DefaultBuildPluginManager$$FastClassByGuice$$164469421
instanceKlass org/apache/maven/lifecycle/internal/DefaultLifecycleTaskSegmentCalculator$$FastClassByGuice$$163159279
instanceKlass org/apache/maven/lifecycle/internal/DefaultExecutionEventCatapult$$FastClassByGuice$$162187568
instanceKlass org/apache/maven/project/DefaultProjectDependenciesResolver$$FastClassByGuice$$161135889
instanceKlass org/apache/maven/project/RepositorySessionDecorator
instanceKlass org/apache/maven/plugin/DefaultPluginArtifactsCache$$FastClassByGuice$$159621520
instanceKlass com/google/inject/internal/DelegatingInvocationHandler
instanceKlass org/apache/maven/artifact/repository/metadata/io/DefaultMetadataReader$$FastClassByGuice$$158716371
instanceKlass org/apache/maven/plugin/version/internal/DefaultPluginVersionResolver$$FastClassByGuice$$157630011
instanceKlass org/apache/maven/plugin/DefaultExtensionRealmCache$$FastClassByGuice$$157113604
instanceKlass org/apache/maven/rtinfo/internal/DefaultRuntimeInformation$$FastClassByGuice$$155382766
instanceKlass org/eclipse/aether/artifact/ArtifactType
instanceKlass  @bci org/eclipse/aether/internal/impl/synccontext/named/NamedLockFactoryAdapterFactoryImpl <init> (Ljava/util/Map;Ljava/lang/String;Ljava/util/Map;Ljava/lang/String;Lorg/eclipse/aether/impl/RepositorySystemLifecycle;)V 63 <appendix> member <vmtarget> ; # org/eclipse/aether/internal/impl/synccontext/named/NamedLockFactoryAdapterFactoryImpl$$Lambda+0x00000203d218ca18
instanceKlass org/eclipse/sisu/wire/NamedIterableAdapter
instanceKlass org/eclipse/aether/internal/impl/DefaultUpdateCheckManager$1
instanceKlass org/apache/maven/plugin/DefaultPluginRealmCache$$FastClassByGuice$$154637031
instanceKlass org/apache/maven/plugin/DefaultPluginDescriptorCache$$FastClassByGuice$$154001428
instanceKlass org/apache/maven/plugin/internal/DefaultMavenPluginManager$$FastClassByGuice$$152988980
instanceKlass org/apache/maven/artifact/handler/manager/DefaultArtifactHandlerManager$$FastClassByGuice$$151847249
instanceKlass org/apache/maven/project/DefaultProjectRealmCache$$FastClassByGuice$$150956306
instanceKlass org/codehaus/plexus/classworlds/realm/Entry
instanceKlass java/util/Random
instanceKlass java/util/random/RandomGenerator
instanceKlass org/eclipse/sisu/inject/Guice4$2
instanceKlass org/apache/maven/project/DefaultProjectBuildingHelper$$FastClassByGuice$$149620205
instanceKlass org/apache/maven/lifecycle/internal/DefaultLifecyclePluginAnalyzer$$FastClassByGuice$$148458072
instanceKlass org/apache/maven/model/plugin/DefaultLifecycleBindingsInjector$$FastClassByGuice$$146877828
instanceKlass org/apache/maven/model/merge/ModelMerger$KeyComputer
instanceKlass org/apache/maven/model/PatternSet
instanceKlass org/apache/maven/model/Contributor
instanceKlass org/apache/maven/model/merge/ModelMerger$Remapping
instanceKlass org/apache/maven/project/DefaultProjectBuilder$$FastClassByGuice$$146117874
instanceKlass org/apache/maven/DefaultMaven$$FastClassByGuice$$145620565
instanceKlass org/apache/maven/cli/event/DefaultEventSpyContext
instanceKlass org/eclipse/sisu/wire/EntryListAdapter$ValueIterator
# instanceKlass java/lang/invoke/LambdaForm$MH+0x00000203d2181c00
# instanceKlass java/lang/invoke/LambdaForm$MH+0x00000203d2181800
instanceKlass org/apache/maven/cli/logging/Slf4jLogger
instanceKlass org/eclipse/sisu/inject/LazyBeanEntry$JsrNamed
instanceKlass org/eclipse/sisu/inject/LazyBeanEntry
instanceKlass javax/annotation/Priority
instanceKlass org/eclipse/sisu/inject/Implementations
instanceKlass org/eclipse/sisu/plexus/LazyPlexusBean
instanceKlass org/eclipse/sisu/inject/RankedSequence$Itr
instanceKlass org/eclipse/sisu/inject/RankedBindings$Itr
instanceKlass org/eclipse/sisu/inject/LocatedBeans$Itr
instanceKlass org/eclipse/sisu/plexus/RealmFilteredBeans$FilteredItr
instanceKlass org/eclipse/sisu/plexus/DefaultPlexusBeans$Itr
instanceKlass org/eclipse/sisu/plexus/DefaultPlexusBeans
instanceKlass org/eclipse/sisu/plexus/RealmFilteredBeans
instanceKlass org/eclipse/sisu/inject/BeanCache
instanceKlass org/eclipse/sisu/inject/LocatedBeans
instanceKlass org/eclipse/sisu/inject/MildElements$Indexable
instanceKlass com/google/inject/internal/ProviderInternalFactory$1
# instanceKlass java/lang/invoke/LambdaForm$MH+0x00000203d2181400
instanceKlass  @bci com/sun/tools/javac/jvm/PoolConstant$Dynamic$PoolKey hashCode ()I 1 <appendix> argL2 argL1 argL1 form vmentry <vmtarget> ; # java/lang/invoke/LambdaForm$MH+0x00000203d2181000
instanceKlass com/google/inject/internal/ConstructorInjector$1
instanceKlass  @bci jdk/internal/reflect/MethodHandleObjectFieldAccessorImpl set (Ljava/lang/Object;Ljava/lang/Object;)V 41 <adapter> ; # java/lang/invoke/LambdaForm$MH+0x00000203d2180c00
instanceKlass org/eclipse/sisu/inject/WatchedBeans
instanceKlass org/eclipse/sisu/inject/MildValues$ValueItr
instanceKlass org/eclipse/sisu/inject/InjectorBindings
# instanceKlass java/lang/invoke/LambdaForm$MH+0x00000203d2180800
# instanceKlass java/lang/invoke/LambdaForm$MH+0x00000203d2180400
# instanceKlass java/lang/invoke/LambdaForm$MH+0x00000203d2180000
instanceKlass com/google/inject/spi/ProvisionListener$ProvisionInvocation
instanceKlass com/google/inject/internal/MembersInjectorImpl$1
instanceKlass com/google/inject/internal/InternalContext
instanceKlass com/google/inject/internal/Initializer$1
instanceKlass com/google/common/collect/AbstractMapBasedMultimap$AsMap$AsMapIterator
instanceKlass com/google/inject/internal/SingleMethodInjector$1
instanceKlass org/codehaus/plexus/DefaultPlexusContainer$$FastClassByGuice$$143687994
instanceKlass com/google/inject/internal/SingleMethodInjector$2
instanceKlass com/google/inject/internal/InjectorImpl$MethodInvoker
instanceKlass com/google/inject/internal/SingleMethodInjector
instanceKlass org/sonatype/plexus/components/sec/dispatcher/DefaultSecDispatcher$$FastClassByGuice$$143185248
instanceKlass org/sonatype/plexus/components/cipher/DefaultPlexusCipher$$FastClassByGuice$$142418305
instanceKlass org/codehaus/plexus/component/configurator/MapOrientedComponentConfigurator$$FastClassByGuice$$141323052
instanceKlass org/codehaus/plexus/component/configurator/BasicComponentConfigurator$$FastClassByGuice$$139760714
instanceKlass org/apache/maven/settings/validation/DefaultSettingsValidator$$FastClassByGuice$$138826017
instanceKlass org/apache/maven/settings/io/DefaultSettingsWriter$$FastClassByGuice$$137793222
instanceKlass org/apache/maven/settings/io/DefaultSettingsReader$$FastClassByGuice$$137348766
instanceKlass org/apache/maven/settings/crypto/DefaultSettingsDecrypter$$FastClassByGuice$$136177783
instanceKlass org/apache/maven/settings/building/DefaultSettingsBuilder$$FastClassByGuice$$134953585
instanceKlass org/eclipse/aether/transport/wagon/WagonTransporterFactory$$FastClassByGuice$$133505113
instanceKlass org/eclipse/aether/internal/transport/wagon/PlexusWagonProvider$$FastClassByGuice$$132692861
instanceKlass org/eclipse/aether/internal/transport/wagon/PlexusWagonConfigurator$$FastClassByGuice$$131476567
instanceKlass org/eclipse/aether/transport/http/XChecksumChecksumExtractor$$FastClassByGuice$$130659939
instanceKlass org/eclipse/aether/transport/http/Nexus2ChecksumExtractor$$FastClassByGuice$$129344845
instanceKlass org/eclipse/aether/transport/http/HttpTransporterFactory$$FastClassByGuice$$128235448
instanceKlass org/eclipse/aether/transport/file/FileTransporterFactory$$FastClassByGuice$$127560068
instanceKlass org/apache/maven/repository/internal/VersionsMetadataGeneratorFactory$$FastClassByGuice$$126599816
instanceKlass org/apache/maven/repository/internal/SnapshotMetadataGeneratorFactory$$FastClassByGuice$$125794213
instanceKlass org/apache/maven/repository/internal/PluginsMetadataGeneratorFactory$$FastClassByGuice$$124707004
instanceKlass org/apache/maven/repository/internal/DefaultVersionResolver$$FastClassByGuice$$122960833
instanceKlass org/apache/maven/repository/internal/DefaultVersionRangeResolver$$FastClassByGuice$$122522493
instanceKlass org/apache/maven/repository/internal/DefaultModelCacheFactory$$FastClassByGuice$$121500859
instanceKlass org/apache/maven/repository/internal/DefaultArtifactDescriptorReader$$FastClassByGuice$$120321811
instanceKlass org/eclipse/aether/named/providers/NoopNamedLockFactory$$FastClassByGuice$$119485152
instanceKlass org/eclipse/aether/named/providers/LocalSemaphoreNamedLockFactory$$FastClassByGuice$$117826668
instanceKlass org/eclipse/aether/named/providers/LocalReadWriteLockNamedLockFactory$$FastClassByGuice$$117347613
instanceKlass org/eclipse/aether/named/providers/FileLockNamedLockFactory$$FastClassByGuice$$115998068
instanceKlass org/eclipse/aether/internal/impl/synccontext/named/providers/StaticNameMapperProvider$$FastClassByGuice$$114700837
instanceKlass org/eclipse/aether/internal/impl/synccontext/named/providers/GAVNameMapperProvider$$FastClassByGuice$$113516300
instanceKlass org/eclipse/aether/internal/impl/synccontext/named/providers/GAECVNameMapperProvider$$FastClassByGuice$$112881678
instanceKlass org/eclipse/aether/internal/impl/synccontext/named/providers/FileStaticNameMapperProvider$$FastClassByGuice$$112088936
instanceKlass org/eclipse/aether/internal/impl/synccontext/named/providers/FileHashingGAVNameMapperProvider$$FastClassByGuice$$110335272
instanceKlass org/eclipse/aether/internal/impl/synccontext/named/providers/FileHashingGAECVNameMapperProvider$$FastClassByGuice$$109449917
instanceKlass org/eclipse/aether/internal/impl/synccontext/named/providers/FileGAVNameMapperProvider$$FastClassByGuice$$108051532
instanceKlass org/eclipse/aether/internal/impl/synccontext/named/providers/FileGAECVNameMapperProvider$$FastClassByGuice$$107920639
instanceKlass org/eclipse/aether/internal/impl/synccontext/named/providers/DiscriminatingNameMapperProvider$$FastClassByGuice$$106146703
instanceKlass org/eclipse/aether/internal/impl/synccontext/named/NamedLockFactoryAdapterFactoryImpl$$FastClassByGuice$$105320000
instanceKlass org/eclipse/aether/internal/impl/synccontext/legacy/DefaultSyncContextFactory$$FastClassByGuice$$104600360
instanceKlass org/eclipse/aether/internal/impl/synccontext/DefaultSyncContextFactory$$FastClassByGuice$$103559462
instanceKlass org/eclipse/aether/internal/impl/resolution/TrustedChecksumsArtifactResolverPostProcessor$$FastClassByGuice$$102244356
instanceKlass org/eclipse/aether/internal/impl/filter/PrefixesRemoteRepositoryFilterSource$$FastClassByGuice$$101523659
instanceKlass org/eclipse/aether/internal/impl/filter/GroupIdRemoteRepositoryFilterSource$$FastClassByGuice$$99892037
instanceKlass org/eclipse/aether/internal/impl/filter/DefaultRemoteRepositoryFilterManager$$FastClassByGuice$$99264828
instanceKlass org/eclipse/aether/internal/impl/collect/df/DfDependencyCollector$$FastClassByGuice$$97538918
instanceKlass org/eclipse/aether/internal/impl/collect/bf/BfDependencyCollector$$FastClassByGuice$$97314797
instanceKlass org/eclipse/aether/internal/impl/collect/DefaultDependencyCollector$$FastClassByGuice$$95805177
instanceKlass org/eclipse/aether/internal/impl/checksum/TrustedToProvidedChecksumsSourceAdapter$$FastClassByGuice$$95174974
instanceKlass org/eclipse/aether/internal/impl/checksum/SummaryFileTrustedChecksumsSource$$FastClassByGuice$$93444882
instanceKlass org/eclipse/aether/internal/impl/checksum/SparseDirectoryTrustedChecksumsSource$$FastClassByGuice$$92512285
instanceKlass org/eclipse/aether/internal/impl/checksum/Sha512ChecksumAlgorithmFactory$$FastClassByGuice$$91529297
instanceKlass org/eclipse/aether/internal/impl/checksum/Sha256ChecksumAlgorithmFactory$$FastClassByGuice$$90605616
instanceKlass org/eclipse/aether/internal/impl/checksum/Sha1ChecksumAlgorithmFactory$$FastClassByGuice$$89270185
instanceKlass  @bci com/google/inject/internal/aop/ImmutableStringTrie buildTrie (Ljava/util/Collection;)Ljava/util/function/ToIntFunction; 38 <appendix> argL0 ; # com/google/inject/internal/aop/ImmutableStringTrie$$Lambda+0x00000203d2166aa0
instanceKlass org/eclipse/aether/internal/impl/checksum/Md5ChecksumAlgorithmFactory$$FastClassByGuice$$88591472
instanceKlass org/eclipse/aether/internal/impl/checksum/DefaultChecksumAlgorithmFactorySelector$$FastClassByGuice$$87614773
instanceKlass org/eclipse/aether/internal/impl/SimpleLocalRepositoryManagerFactory$$FastClassByGuice$$86986503
instanceKlass org/eclipse/aether/internal/impl/Maven2RepositoryLayoutFactory$$FastClassByGuice$$85752311
instanceKlass org/eclipse/aether/internal/impl/LoggerFactoryProvider$$FastClassByGuice$$83892576
instanceKlass org/eclipse/aether/internal/impl/EnhancedLocalRepositoryManagerFactory$$FastClassByGuice$$83271298
instanceKlass org/eclipse/aether/internal/impl/DefaultUpdatePolicyAnalyzer$$FastClassByGuice$$82654701
instanceKlass org/eclipse/aether/internal/impl/DefaultUpdateCheckManager$$FastClassByGuice$$81144030
instanceKlass org/eclipse/aether/internal/impl/DefaultTransporterProvider$$FastClassByGuice$$79879079
instanceKlass org/eclipse/aether/internal/impl/DefaultTrackingFileManager$$FastClassByGuice$$78816231
instanceKlass org/eclipse/aether/internal/impl/DefaultRepositorySystemLifecycle$$FastClassByGuice$$78100033
instanceKlass org/eclipse/aether/internal/impl/DefaultRepositorySystem$$FastClassByGuice$$77284187
instanceKlass org/eclipse/aether/internal/impl/DefaultRepositoryLayoutProvider$$FastClassByGuice$$76019018
instanceKlass org/eclipse/aether/internal/impl/DefaultRepositoryEventDispatcher$$FastClassByGuice$$74507264
instanceKlass org/eclipse/aether/internal/impl/DefaultRepositoryConnectorProvider$$FastClassByGuice$$74358949
instanceKlass org/eclipse/aether/internal/impl/DefaultRemoteRepositoryManager$$FastClassByGuice$$72939298
instanceKlass org/eclipse/aether/internal/impl/DefaultOfflineController$$FastClassByGuice$$72005010
instanceKlass org/eclipse/aether/internal/impl/DefaultMetadataResolver$$FastClassByGuice$$70909314
instanceKlass org/eclipse/aether/internal/impl/DefaultLocalRepositoryProvider$$FastClassByGuice$$70134180
instanceKlass org/eclipse/aether/internal/impl/DefaultLocalPathPrefixComposerFactory$$FastClassByGuice$$68267033
instanceKlass org/eclipse/aether/internal/impl/DefaultLocalPathComposer$$FastClassByGuice$$67826210
instanceKlass org/eclipse/aether/internal/impl/DefaultInstaller$$FastClassByGuice$$66112767
instanceKlass org/eclipse/aether/internal/impl/DefaultFileProcessor$$FastClassByGuice$$65356843
instanceKlass org/eclipse/aether/internal/impl/DefaultDeployer$$FastClassByGuice$$64867633
instanceKlass org/eclipse/aether/internal/impl/DefaultChecksumPolicyProvider$$FastClassByGuice$$62944840
instanceKlass org/eclipse/aether/internal/impl/DefaultArtifactResolver$$FastClassByGuice$$62724969
instanceKlass org/eclipse/aether/connector/basic/BasicRepositoryConnectorFactory$$FastClassByGuice$$61563313
instanceKlass org/apache/maven/model/validation/DefaultModelValidator$$FastClassByGuice$$59849271
instanceKlass org/apache/maven/model/superpom/DefaultSuperPomProvider$$FastClassByGuice$$59055260
instanceKlass org/apache/maven/model/profile/activation/PropertyProfileActivator$$FastClassByGuice$$58223195
instanceKlass org/apache/maven/model/profile/activation/OperatingSystemProfileActivator$$FastClassByGuice$$56751617
instanceKlass org/apache/maven/model/profile/activation/JdkVersionProfileActivator$$FastClassByGuice$$56130092
instanceKlass org/apache/maven/model/profile/activation/FileProfileActivator$$FastClassByGuice$$54757088
instanceKlass org/apache/maven/model/profile/DefaultProfileSelector$$FastClassByGuice$$54011682
instanceKlass org/apache/maven/model/profile/DefaultProfileInjector$$FastClassByGuice$$52531390
instanceKlass org/apache/maven/model/plugin/DefaultReportingConverter$$FastClassByGuice$$52280898
instanceKlass org/apache/maven/model/plugin/DefaultReportConfigurationExpander$$FastClassByGuice$$50376887
instanceKlass org/apache/maven/model/plugin/DefaultPluginConfigurationExpander$$FastClassByGuice$$50091955
instanceKlass org/apache/maven/model/path/ProfileActivationFilePathInterpolator$$FastClassByGuice$$48702489
instanceKlass org/apache/maven/model/path/DefaultUrlNormalizer$$FastClassByGuice$$47299669
instanceKlass org/apache/maven/model/path/DefaultPathTranslator$$FastClassByGuice$$46414499
instanceKlass org/apache/maven/model/path/DefaultModelUrlNormalizer$$FastClassByGuice$$45644064
instanceKlass org/apache/maven/model/path/DefaultModelPathTranslator$$FastClassByGuice$$44435166
instanceKlass org/apache/maven/model/normalization/DefaultModelNormalizer$$FastClassByGuice$$43177951
instanceKlass org/apache/maven/model/management/DefaultPluginManagementInjector$$FastClassByGuice$$41945408
instanceKlass org/apache/maven/model/management/DefaultDependencyManagementInjector$$FastClassByGuice$$41880030
instanceKlass org/apache/maven/model/locator/DefaultModelLocator$$FastClassByGuice$$40578261
instanceKlass org/apache/maven/model/io/DefaultModelWriter$$FastClassByGuice$$39474159
instanceKlass org/apache/maven/model/io/DefaultModelReader$$FastClassByGuice$$38480476
instanceKlass org/apache/maven/model/interpolation/StringVisitorModelInterpolator$$FastClassByGuice$$36818634
instanceKlass org/apache/maven/model/interpolation/DefaultModelVersionProcessor$$FastClassByGuice$$36566828
instanceKlass org/apache/maven/model/inheritance/DefaultInheritanceAssembler$$FastClassByGuice$$35025479
instanceKlass org/apache/maven/model/composition/DefaultDependencyManagementImporter$$FastClassByGuice$$34424035
instanceKlass org/apache/maven/model/building/DefaultModelProcessor$$FastClassByGuice$$33353339
instanceKlass org/apache/maven/model/building/DefaultModelBuilder$$FastClassByGuice$$32089662
instanceKlass org/apache/maven/cli/internal/BootstrapCoreExtensionManager$$FastClassByGuice$$30412300
instanceKlass org/apache/maven/cli/configuration/SettingsXmlConfigurationProcessor$$FastClassByGuice$$29372506
instanceKlass org/apache/maven/toolchain/io/DefaultToolchainsWriter$$FastClassByGuice$$29331529
instanceKlass org/apache/maven/toolchain/io/DefaultToolchainsReader$$FastClassByGuice$$27336904
instanceKlass org/apache/maven/toolchain/building/DefaultToolchainsBuilder$$FastClassByGuice$$26865672
instanceKlass org/apache/maven/plugin/internal/MavenPluginMavenPrerequisiteChecker$$FastClassByGuice$$25603111
instanceKlass org/apache/maven/plugin/internal/MavenPluginJavaPrerequisiteChecker$$FastClassByGuice$$24330887
instanceKlass org/apache/maven/plugin/internal/DefaultPluginValidationManager$$FastClassByGuice$$23461270
instanceKlass org/apache/maven/plugin/DefaultMojosExecutionStrategy$$FastClassByGuice$$22722581
instanceKlass org/apache/maven/lifecycle/internal/LifecycleDependencyResolver$$FastClassByGuice$$21576365
instanceKlass org/apache/maven/lifecycle/internal/DefaultProjectArtifactFactory$$FastClassByGuice$$20907210
instanceKlass org/apache/maven/internal/secdispatcher/SecDispatcherProvider$$FastClassByGuice$$19774857
instanceKlass org/apache/maven/internal/aether/ResolverLifecycle$$FastClassByGuice$$17989577
instanceKlass com/google/inject/internal/InjectorImpl$SyntheticProviderBindingImpl$1
instanceKlass com/google/inject/internal/InjectorImpl$1
instanceKlass org/apache/maven/internal/aether/DefaultRepositorySystemSessionFactory$$FastClassByGuice$$17382405
instanceKlass com/google/inject/internal/SingleFieldInjector
instanceKlass org/apache/maven/extension/internal/CoreExportsProvider$$FastClassByGuice$$16507397
instanceKlass org/apache/maven/execution/DefaultMavenExecutionRequestPopulator$$FastClassByGuice$$14713777
instanceKlass org/apache/maven/classrealm/DefaultClassRealmManager$$FastClassByGuice$$13687606
instanceKlass org/apache/maven/DefaultArtifactFilterManager$$FastClassByGuice$$13078101
instanceKlass com/google/inject/internal/SingleParameterInjector
instanceKlass org/apache/maven/lifecycle/internal/builder/BuilderCommon$$FastClassByGuice$$11716862
instanceKlass org/apache/maven/eventspy/internal/EventSpyDispatcher$$FastClassByGuice$$11263716
instanceKlass org/eclipse/sisu/PreDestroy
instanceKlass org/eclipse/sisu/PostConstruct
instanceKlass com/google/inject/internal/DefaultConstructionProxyFactory$ReflectiveProxy
instanceKlass org/apache/maven/lifecycle/DefaultLifecycles$$FastClassByGuice$$9659307
instanceKlass org/apache/maven/lifecycle/internal/MojoExecutor$$FastClassByGuice$$9278166
instanceKlass org/apache/maven/lifecycle/internal/LifecycleModuleBuilder$$FastClassByGuice$$7986671
instanceKlass org/eclipse/sisu/bean/BeanPropertySetter
instanceKlass org/apache/maven/lifecycle/internal/MojoDescriptorCreator$$FastClassByGuice$$7269524
instanceKlass org/apache/maven/lifecycle/internal/LifecycleStarter$$FastClassByGuice$$5905830
instanceKlass org/apache/maven/lifecycle/internal/LifecyclePluginResolver$$FastClassByGuice$$4513983
instanceKlass org/apache/maven/lifecycle/internal/LifecycleDebugLogger$$FastClassByGuice$$4188641
instanceKlass org/apache/maven/lifecycle/Lifecycle$$FastClassByGuice$$2166902
instanceKlass org/eclipse/sisu/plexus/PlexusConfigurations$ConfigurationProvider
instanceKlass org/apache/maven/lifecycle/internal/BuildListCalculator$$FastClassByGuice$$1211241
instanceKlass com/google/inject/internal/ProxyFactory
instanceKlass com/google/common/collect/TransformedIterator
instanceKlass  @bci com/google/inject/internal/ConstructorInjectorStore createConstructor (Lcom/google/inject/spi/InjectionPoint;Lcom/google/inject/internal/Errors;)Lcom/google/inject/internal/ConstructorInjector; 62 <appendix> argL0 ; # com/google/inject/internal/ConstructorInjectorStore$$Lambda+0x00000203d2162228
instanceKlass com/google/inject/spi/InterceptorBinding
instanceKlass com/google/inject/internal/MethodAspect
instanceKlass com/google/inject/internal/MembersInjectorImpl
instanceKlass org/eclipse/sisu/bean/BeanInjector
instanceKlass org/eclipse/sisu/plexus/PlexusLifecycleManager$2
instanceKlass org/eclipse/sisu/bean/PropertyBinder$1
instanceKlass org/eclipse/sisu/plexus/ProvidedPropertyBinding
instanceKlass org/eclipse/sisu/plexus/PlexusRequirements$AbstractRequirementProvider
instanceKlass org/eclipse/sisu/bean/BeanPropertyField
instanceKlass org/eclipse/sisu/bean/DeclaredMembers$MemberIterator
instanceKlass org/eclipse/sisu/bean/BeanPropertyIterator
instanceKlass org/eclipse/sisu/bean/DeclaredMembers
instanceKlass org/eclipse/sisu/bean/IgnoreSetters
instanceKlass org/eclipse/sisu/bean/BeanProperties
instanceKlass org/eclipse/sisu/plexus/PlexusRequirements
instanceKlass org/eclipse/sisu/plexus/PlexusConfigurations
instanceKlass org/eclipse/sisu/plexus/PlexusPropertyBinder
instanceKlass org/eclipse/sisu/bean/BeanLifecycle
instanceKlass com/google/inject/internal/EncounterImpl
instanceKlass  @bci com/google/inject/internal/AbstractBindingProcessor$Processor scheduleInitialization (Lcom/google/inject/internal/BindingImpl;)V 9 <appendix> member <vmtarget> ; # com/google/inject/internal/AbstractBindingProcessor$Processor$$Lambda+0x00000203d215d860
instanceKlass  @bci org/apache/maven/session/scope/internal/SessionScope scope (Lcom/google/inject/Key;Lcom/google/inject/Provider;)Lcom/google/inject/Provider; 3 <appendix> member <vmtarget> ; # org/apache/maven/session/scope/internal/SessionScope$$Lambda+0x00000203d215d630
instanceKlass org/apache/maven/execution/scope/internal/MojoExecutionScope$2
instanceKlass com/google/inject/internal/ProviderInternalFactory
instanceKlass com/google/inject/internal/InternalProviderInstanceBindingImpl$Factory
instanceKlass com/google/inject/internal/FactoryProxy
instanceKlass com/google/inject/internal/InternalFactoryToProviderAdapter
instanceKlass com/google/inject/internal/ConstructionContext
instanceKlass com/google/inject/internal/SingletonScope$1
instanceKlass com/google/inject/internal/ProviderToInternalFactoryAdapter
instanceKlass com/google/inject/internal/CycleDetectingLock$CycleDetectingLockFactory$ReentrantCycleDetectingLock
instanceKlass com/google/inject/internal/Initializer$InjectableReference
instanceKlass com/google/inject/internal/ProvisionListenerStackCallback
instanceKlass com/google/common/cache/LocalCache$AbstractReferenceEntry
instanceKlass com/google/inject/internal/ProvisionListenerCallbackStore$KeyBinding
instanceKlass com/google/inject/internal/util/Classes
instanceKlass com/google/inject/spi/ExposedBinding
instanceKlass com/google/inject/internal/CreationListener
instanceKlass com/google/inject/internal/InjectorShell$LoggerFactory
instanceKlass com/google/inject/internal/InjectorShell$InjectorFactory
instanceKlass com/google/inject/internal/Initializables$1
instanceKlass com/google/inject/internal/Initializables
instanceKlass com/google/inject/internal/ConstantFactory
instanceKlass com/google/inject/internal/InjectorShell
instanceKlass com/google/inject/internal/ProvisionListenerCallbackStore
instanceKlass com/google/inject/spi/TypeEncounter
instanceKlass com/google/inject/internal/SingleMemberInjector
instanceKlass com/google/inject/internal/MembersInjectorStore
instanceKlass com/google/inject/internal/TypeConverterBindingProcessor$4
instanceKlass com/google/inject/internal/TypeConverterBindingProcessor$2
instanceKlass com/google/inject/internal/TypeConverterBindingProcessor$1
instanceKlass com/google/inject/internal/TypeConverterBindingProcessor$5
instanceKlass com/google/inject/internal/FailableCache
instanceKlass com/google/inject/internal/ConstructorInjectorStore
instanceKlass com/google/inject/internal/DeferredLookups
instanceKlass com/google/inject/spi/ConvertedConstantBinding
instanceKlass com/google/inject/spi/ProviderBinding
instanceKlass com/google/inject/internal/InjectorImpl
instanceKlass com/google/inject/internal/Lookups
instanceKlass com/google/inject/internal/InjectorImpl$InjectorOptions
instanceKlass  @bci com/google/inject/internal/AbstractProcessor process (Lcom/google/inject/internal/InjectorImpl;Ljava/util/List;)V 13 <appendix> member <vmtarget> ; # com/google/inject/internal/AbstractProcessor$$Lambda+0x00000203d21561e0
instanceKlass  @bci com/google/inject/spi/BindingSourceRestriction check (Lcom/google/inject/internal/GuiceInternal;Ljava/util/List;)Lcom/google/common/collect/ImmutableList; 11 <appendix> argL0 ; # com/google/inject/spi/BindingSourceRestriction$$Lambda+0x00000203d2155928
instanceKlass com/google/inject/internal/ProvisionListenerStackCallback$ProvisionCallback
instanceKlass com/google/inject/internal/ConstructorInjector
instanceKlass com/google/inject/internal/DefaultConstructionProxyFactory$FastClassProxy
instanceKlass  @bci com/google/inject/internal/aop/AbstractGlueGenerator lambda$bindSignaturesToInvokers$0 (Ljava/lang/invoke/MethodHandle;Ljava/util/function/ToIntFunction;Ljava/lang/String;)Ljava/util/function/BiFunction; 8 <adapter> ; # java/lang/invoke/LambdaForm$MH+0x00000203d2151000
instanceKlass  @bci com/google/inject/internal/aop/AbstractGlueGenerator bindSignaturesToInvokers (Ljava/util/function/ToIntFunction;Ljava/lang/invoke/MethodHandle;)Ljava/util/function/Function; 13 <appendix> member <vmtarget> ; # com/google/inject/internal/aop/AbstractGlueGenerator$$Lambda+0x00000203d2154680
instanceKlass com/google/inject/internal/aop/ImmutableStringTrie
instanceKlass java/util/function/ToIntFunction
# instanceKlass java/lang/invoke/LambdaForm$MH+0x00000203d2150400
instanceKlass org/apache/maven/plugin/internal/DefaultPluginDependenciesResolver$$FastClassByGuice$$128871
instanceKlass  @bci com/google/inject/internal/aop/ChildClassDefiner childLoader (Ljava/lang/ClassLoader;)Lcom/google/inject/internal/aop/ChildClassDefiner$ChildLoader; 26 <appendix> member <vmtarget> ; # com/google/inject/internal/aop/ChildClassDefiner$$Lambda+0x00000203d2154250
instanceKlass  @bci com/google/inject/internal/aop/ChildClassDefiner$ChildLoaderCacheHolder <clinit> ()V 9 <appendix> argL0 ; # com/google/inject/internal/aop/ChildClassDefiner$ChildLoaderCacheHolder$$Lambda+0x00000203d2154000
instanceKlass com/google/inject/internal/aop/ChildClassDefiner$ChildLoaderCacheHolder
instanceKlass com/google/inject/internal/aop/BytecodeTasks
instanceKlass  @bci com/google/inject/internal/aop/AbstractGlueGenerator generateTrampoline (Lorg/objectweb/asm/ClassWriter;Ljava/util/Collection;)V 30 <appendix> argL0 ; # com/google/inject/internal/aop/AbstractGlueGenerator$$Lambda+0x00000203d214f6a0
instanceKlass org/objectweb/asm/Handle
instanceKlass org/objectweb/asm/Label
instanceKlass org/objectweb/asm/Type
instanceKlass com/google/inject/internal/aop/AbstractGlueGenerator
instanceKlass  @bci com/google/inject/internal/aop/ClassBuilding buildFastClass (Ljava/lang/Class;)Ljava/util/function/Function; 20 <appendix> member <vmtarget> ; # com/google/inject/internal/aop/ClassBuilding$$Lambda+0x00000203d214e5f8
instanceKlass  @bci com/google/inject/internal/aop/ClassBuilding buildFastClass (Ljava/lang/Class;)Ljava/util/function/Function; 10 <appendix> member <vmtarget> ; # com/google/inject/internal/aop/ClassBuilding$$Lambda+0x00000203d214e3d0
instanceKlass com/google/inject/internal/aop/UnsafeClassDefiner
instanceKlass com/google/inject/internal/aop/ChildClassDefiner
instanceKlass com/google/inject/internal/aop/ClassDefining$ClassDefinerHolder
instanceKlass com/google/inject/internal/aop/ClassDefiner
instanceKlass com/google/inject/internal/aop/ClassDefining
instanceKlass  @bci com/google/inject/internal/aop/ClassBuilding getOverridableObjectMethods ()[Ljava/lang/reflect/Method; 15 <appendix> member <vmtarget> ; # com/google/inject/internal/aop/ClassBuilding$$Lambda+0x00000203d214d7a8
instanceKlass  @cpi com/google/inject/internal/aop/ClassBuilding 315 form vmentry <vmtarget> ; # java/lang/invoke/LambdaForm$DMH+0x00000203d2150000
instanceKlass  @bci com/google/inject/internal/BytecodeGen <clinit> ()V 25 <appendix> argL0 ; # com/google/inject/internal/BytecodeGen$$Lambda+0x00000203d214d558
instanceKlass com/google/inject/internal/BytecodeGen$EnhancerBuilder
instanceKlass com/google/inject/internal/aop/ClassBuilding
instanceKlass com/google/common/collect/MapMakerInternalMap$StrongValueEntry
instanceKlass com/google/common/collect/MapMakerInternalMap$WeakKeyStrongValueEntry$Helper
instanceKlass com/google/common/collect/MapMakerInternalMap$InternalEntry
instanceKlass com/google/common/collect/MapMakerInternalMap$1
instanceKlass com/google/common/collect/MapMakerInternalMap$InternalEntryHelper
instanceKlass com/google/common/collect/MapMakerInternalMap$WeakValueReference
instanceKlass com/google/common/collect/MapMaker
instanceKlass com/google/inject/internal/BytecodeGen
instanceKlass com/google/inject/internal/ConstructionProxy
instanceKlass com/google/inject/internal/DefaultConstructionProxyFactory
instanceKlass com/google/inject/internal/ConstructionProxyFactory
instanceKlass com/google/inject/internal/ConstructorBindingImpl$Factory
instanceKlass org/eclipse/sisu/inject/TypeArguments$Implicit
instanceKlass org/eclipse/sisu/wire/BeanProviders$6
instanceKlass org/eclipse/sisu/wire/PlaceholderBeanProvider
instanceKlass org/eclipse/sisu/wire/BeanProviders$4
instanceKlass org/eclipse/sisu/wire/BeanProviders$3
instanceKlass org/sonatype/inject/BeanEntry
instanceKlass org/eclipse/sisu/BeanEntry
instanceKlass org/eclipse/sisu/wire/BeanProviders$7
instanceKlass org/eclipse/sisu/wire/BeanProviders$1
instanceKlass com/google/inject/spi/ProviderLookup$1
instanceKlass com/google/inject/spi/ProviderWithDependencies
instanceKlass com/google/inject/spi/ProviderLookup
instanceKlass org/eclipse/sisu/wire/BeanProviders
instanceKlass org/eclipse/sisu/inject/HiddenSource
instanceKlass org/eclipse/sisu/wire/LocatorWiring
instanceKlass com/google/inject/ProvidedBy
instanceKlass com/google/inject/ImplementedBy
instanceKlass org/sonatype/plexus/components/sec/dispatcher/model/SettingsSecurity
instanceKlass org/sonatype/plexus/components/cipher/PBECipher
instanceKlass org/codehaus/classworlds/ClassRealm
instanceKlass org/apache/maven/settings/crypto/SettingsDecryptionResult
instanceKlass org/apache/maven/settings/building/DefaultSettingsProblemCollector
instanceKlass org/apache/maven/settings/merge/MavenSettingsMerger
instanceKlass org/apache/maven/settings/building/SettingsBuildingResult
instanceKlass org/apache/maven/settings/building/SettingsProblemCollector
instanceKlass org/eclipse/aether/impl/MetadataGenerator
instanceKlass org/apache/maven/model/Relocation
instanceKlass org/apache/maven/repository/internal/ArtifactDescriptorReaderDelegate
instanceKlass org/eclipse/aether/named/support/AdaptedSemaphoreNamedLock$AdaptedSemaphore
instanceKlass org/eclipse/aether/named/support/NamedLockSupport
instanceKlass org/eclipse/aether/named/support/NamedLockFactorySupport$NamedLockHolder
instanceKlass org/eclipse/aether/named/NamedLock
instanceKlass org/eclipse/aether/internal/impl/synccontext/named/NamedLockFactoryAdapter
instanceKlass org/eclipse/aether/spi/log/Logger
instanceKlass org/eclipse/aether/internal/impl/filter/PrefixesRemoteRepositoryFilterSource$Node
instanceKlass org/eclipse/aether/spi/connector/filter/RemoteRepositoryFilter$Result
instanceKlass org/eclipse/aether/spi/connector/filter/RemoteRepositoryFilter
instanceKlass org/eclipse/aether/collection/DependencyTraverser
instanceKlass org/eclipse/aether/collection/DependencyManager
instanceKlass org/eclipse/aether/internal/impl/collect/df/DfDependencyCollector$Args
instanceKlass org/eclipse/aether/internal/impl/collect/bf/BfDependencyCollector$DescriptorResolutionResult
instanceKlass org/eclipse/aether/internal/impl/collect/bf/BfDependencyCollector$Args
instanceKlass org/eclipse/aether/internal/impl/collect/bf/DependencyProcessingContext
instanceKlass org/eclipse/aether/internal/impl/collect/bf/DependencyResolutionSkipper
instanceKlass org/eclipse/aether/collection/VersionFilter
instanceKlass org/eclipse/aether/internal/impl/collect/DependencyCollectorDelegate$Results
instanceKlass org/eclipse/aether/internal/impl/collect/DefaultVersionFilterContext
instanceKlass org/eclipse/aether/internal/impl/collect/DefaultDependencyCollectionContext
instanceKlass org/eclipse/aether/collection/DependencyCollectionContext
instanceKlass org/eclipse/aether/graph/DefaultDependencyNode
instanceKlass org/eclipse/aether/version/Version
instanceKlass org/eclipse/aether/internal/impl/collect/PremanagedDependency
instanceKlass org/eclipse/aether/internal/impl/collect/DataPool
instanceKlass org/eclipse/aether/collection/VersionFilter$VersionFilterContext
instanceKlass org/eclipse/aether/collection/DependencyGraphTransformationContext
instanceKlass org/eclipse/aether/spi/connector/Transfer
instanceKlass org/eclipse/aether/internal/impl/checksum/SummaryFileTrustedChecksumsSource$SummaryFileWriter
instanceKlass org/eclipse/aether/internal/impl/checksum/SparseDirectoryTrustedChecksumsSource$SparseDirectoryWriter
instanceKlass org/eclipse/aether/spi/checksums/TrustedChecksumsSource$Writer
instanceKlass org/eclipse/aether/spi/connector/checksum/ChecksumAlgorithm
instanceKlass org/eclipse/aether/impl/UpdateCheck
instanceKlass org/eclipse/aether/spi/connector/transport/Transporter
instanceKlass java/nio/channels/FileLock
instanceKlass org/eclipse/aether/resolution/VersionRequest
instanceKlass org/eclipse/aether/collection/CollectResult
instanceKlass org/eclipse/aether/collection/CollectRequest
instanceKlass org/eclipse/aether/resolution/DependencyResult
instanceKlass org/eclipse/aether/resolution/DependencyRequest
instanceKlass org/eclipse/aether/resolution/VersionRangeResult
instanceKlass org/eclipse/aether/resolution/VersionRangeRequest
instanceKlass org/eclipse/aether/resolution/ArtifactDescriptorRequest
instanceKlass java/util/concurrent/atomic/AtomicBoolean
instanceKlass org/eclipse/aether/spi/connector/layout/RepositoryLayout
instanceKlass org/eclipse/aether/RepositoryEvent
instanceKlass org/eclipse/aether/repository/LocalRepository
instanceKlass org/eclipse/aether/internal/impl/LocalPathPrefixComposer
instanceKlass org/eclipse/aether/transform/FileTransformer
instanceKlass org/eclipse/aether/installation/InstallResult
instanceKlass org/eclipse/aether/installation/InstallRequest
instanceKlass org/eclipse/aether/spi/io/FileProcessor$ProgressListener
instanceKlass org/eclipse/aether/internal/impl/DefaultDeployer$EventCatapult
instanceKlass org/eclipse/aether/repository/RepositoryPolicy
instanceKlass org/eclipse/aether/deployment/DeployResult
instanceKlass org/eclipse/aether/deployment/DeployRequest
instanceKlass org/eclipse/aether/transfer/TransferResource
instanceKlass org/eclipse/aether/spi/connector/checksum/ChecksumPolicy
instanceKlass org/eclipse/aether/resolution/ArtifactRequest
instanceKlass org/eclipse/aether/resolution/VersionResult
instanceKlass org/eclipse/aether/repository/LocalArtifactResult
instanceKlass org/eclipse/aether/internal/impl/DefaultArtifactResolver$ResolutionGroup
instanceKlass org/eclipse/aether/SyncContext
instanceKlass org/eclipse/aether/spi/locator/ServiceLocator
instanceKlass org/eclipse/aether/repository/RemoteRepository
instanceKlass org/eclipse/aether/spi/connector/RepositoryConnector
instanceKlass org/apache/maven/model/validation/DefaultModelValidator$1ActivationFrame
instanceKlass org/apache/maven/model/profile/activation/JdkVersionProfileActivator$RangeValue
instanceKlass org/apache/maven/model/InputLocation
instanceKlass org/apache/maven/model/InputSource
instanceKlass org/apache/maven/model/interpolation/StringVisitorModelInterpolator$InnerInterpolator
instanceKlass org/apache/maven/model/building/ModelBuildingEventCatapult
instanceKlass org/apache/maven/model/ActivationOS
instanceKlass org/apache/maven/model/Activation
instanceKlass org/apache/maven/model/ActivationFile
instanceKlass org/apache/maven/model/ActivationProperty
instanceKlass org/codehaus/plexus/interpolation/RegexBasedInterpolator
instanceKlass org/apache/maven/model/profile/DefaultProfileActivationContext
instanceKlass org/apache/maven/model/building/ModelData
instanceKlass org/apache/maven/model/building/DefaultModelProblemCollector
instanceKlass org/apache/maven/model/building/ModelCacheTag
instanceKlass org/apache/maven/model/building/ModelBuildingEvent
instanceKlass org/apache/maven/model/building/ModelProblemCollectorExt
instanceKlass org/apache/maven/model/profile/ProfileActivationContext
instanceKlass org/apache/maven/cli/internal/extension/model/CoreExtension
instanceKlass org/apache/maven/building/ProblemCollector
instanceKlass org/apache/maven/toolchain/merge/MavenToolchainMerger
instanceKlass org/codehaus/plexus/interpolation/InterpolationPostProcessor
instanceKlass org/apache/maven/toolchain/building/ToolchainsBuildingResult
instanceKlass org/eclipse/aether/graph/Dependency
instanceKlass org/eclipse/aether/resolution/ArtifactDescriptorResult
instanceKlass org/apache/maven/plugin/internal/DefaultPluginValidationManager$PluginValidationIssues
instanceKlass org/sonatype/plexus/components/sec/dispatcher/PasswordDecryptor
instanceKlass com/google/inject/util/Types
instanceKlass org/eclipse/sisu/Nullable
instanceKlass org/eclipse/aether/repository/AuthenticationSelector
instanceKlass org/eclipse/aether/repository/ProxySelector
instanceKlass org/eclipse/aether/repository/MirrorSelector
instanceKlass org/eclipse/aether/resolution/ResolutionErrorPolicy
instanceKlass org/eclipse/aether/repository/LocalRepositoryManager
instanceKlass org/apache/maven/classrealm/ClassRealmManagerDelegate
instanceKlass org/apache/maven/classrealm/ClassRealmConstituent
instanceKlass org/apache/maven/classrealm/ClassRealmRequest
instanceKlass org/eclipse/aether/repository/WorkspaceRepository
instanceKlass org/apache/maven/ArtifactFilterManagerDelegate
instanceKlass sun/reflect/generics/tree/MethodTypeSignature
instanceKlass sun/reflect/generics/tree/VoidDescriptor
instanceKlass org/apache/maven/model/Reporting
instanceKlass org/apache/maven/project/inheritance/DefaultModelInheritanceAssembler
instanceKlass org/apache/maven/artifact/resolver/DefaultArtifactResolver
instanceKlass org/apache/maven/execution/DefaultRuntimeInformation
instanceKlass org/apache/maven/plugin/ExtensionRealmCache$Key
instanceKlass org/apache/maven/plugin/DefaultExtensionRealmCache
instanceKlass org/apache/maven/repository/DefaultMirrorSelector
instanceKlass org/eclipse/aether/RepositoryListener
instanceKlass org/apache/maven/lifecycle/internal/ProjectSegment
instanceKlass org/apache/maven/lifecycle/internal/builder/multithreaded/ThreadOutputMuxer
instanceKlass org/apache/maven/lifecycle/internal/builder/multithreaded/ConcurrencyDependencyGraph
instanceKlass java/util/concurrent/CompletionService
instanceKlass org/apache/maven/lifecycle/internal/builder/multithreaded/MultiThreadedBuilder
instanceKlass org/apache/maven/plugin/DefaultBuildPluginManager
instanceKlass org/apache/maven/lifecycle/internal/DefaultLifecycleExecutionPlanCalculator
instanceKlass org/apache/maven/plugin/descriptor/Parameter
instanceKlass org/apache/maven/lifecycle/internal/DefaultMojoExecutionConfigurator
instanceKlass org/apache/maven/artifact/repository/DefaultArtifactRepositoryFactory
instanceKlass org/apache/maven/settings/RepositoryBase
instanceKlass org/apache/maven/settings/RepositoryPolicy
instanceKlass org/eclipse/aether/resolution/ArtifactResult
instanceKlass org/eclipse/aether/collection/DependencySelector
instanceKlass org/eclipse/aether/resolution/ArtifactDescriptorPolicy
instanceKlass org/apache/maven/plugin/internal/DefaultPluginDependenciesResolver
instanceKlass org/apache/maven/toolchain/DefaultToolchainManager
instanceKlass org/apache/maven/settings/building/SettingsBuildingRequest
instanceKlass org/apache/maven/artifact/repository/metadata/io/DefaultMetadataReader
instanceKlass org/apache/maven/plugin/PluginArtifactsCache$CacheRecord
instanceKlass org/apache/maven/plugin/PluginArtifactsCache$Key
instanceKlass org/apache/maven/plugin/DefaultPluginArtifactsCache
instanceKlass org/apache/maven/project/path/DefaultPathTranslator
instanceKlass org/apache/maven/toolchain/DefaultToolchainsBuilder
instanceKlass org/apache/maven/profiles/ProfileManager
instanceKlass org/apache/maven/project/DefaultMavenProjectBuilder
instanceKlass org/apache/maven/execution/ProjectDependencyGraph
instanceKlass org/apache/maven/graph/DefaultGraphBuilder
instanceKlass org/apache/maven/profiles/ProfilesRoot
instanceKlass org/apache/maven/project/artifact/DefaultMavenMetadataCache$CacheKey
instanceKlass org/apache/maven/project/artifact/DefaultMavenMetadataCache
instanceKlass org/apache/maven/model/merge/ModelMerger
instanceKlass org/apache/maven/model/plugin/DefaultLifecycleBindingsInjector
instanceKlass org/apache/maven/artifact/versioning/ArtifactVersion
instanceKlass org/apache/maven/repository/metadata/DefaultGraphConflictResolutionPolicy
instanceKlass org/apache/maven/plugin/internal/DefaultPluginManager
# instanceKlass java/lang/invoke/LambdaForm$MH+0x00000203d2120000
instanceKlass org/apache/maven/lifecycle/DefaultLifecycleExecutor
instanceKlass org/apache/maven/repository/legacy/resolver/conflict/DefaultConflictResolverFactory
instanceKlass org/apache/maven/lifecycle/internal/PhaseRecorder
instanceKlass org/apache/maven/lifecycle/internal/DependencyContext
instanceKlass org/apache/maven/lifecycle/internal/ProjectIndex
instanceKlass org/apache/maven/plugin/MojoExecutionRunner
instanceKlass org/apache/maven/repository/legacy/resolver/transform/DefaultArtifactTransformationManager
instanceKlass org/apache/maven/repository/legacy/resolver/DefaultLegacyArtifactCollector
instanceKlass org/apache/maven/project/ProjectBuilderConfiguration
instanceKlass org/apache/maven/repository/legacy/resolver/conflict/FarthestConflictResolver
instanceKlass org/apache/maven/model/RepositoryPolicy
instanceKlass org/apache/maven/repository/Proxy
instanceKlass org/apache/maven/settings/TrackableBase
instanceKlass org/apache/maven/artifact/repository/Authentication
instanceKlass org/apache/maven/repository/ArtifactTransferListener
instanceKlass org/apache/maven/settings/crypto/SettingsDecryptionRequest
instanceKlass org/apache/maven/repository/legacy/LegacyRepositorySystem
instanceKlass org/apache/maven/configuration/BeanConfigurationRequest
instanceKlass org/codehaus/plexus/component/configurator/converters/lookup/ConverterLookup
instanceKlass org/apache/maven/configuration/internal/DefaultBeanConfigurator
instanceKlass org/apache/maven/repository/legacy/resolver/conflict/NewestConflictResolver
instanceKlass org/apache/maven/plugin/version/internal/DefaultPluginVersionResolver$Versions
instanceKlass org/apache/maven/plugin/version/internal/DefaultPluginVersionResult
instanceKlass org/apache/maven/plugin/version/internal/DefaultPluginVersionResolver$Key
instanceKlass org/apache/maven/plugin/version/PluginVersionResult
instanceKlass org/apache/maven/plugin/version/internal/DefaultPluginVersionResolver
instanceKlass org/apache/maven/plugin/PluginDescriptorCache$PluginDescriptorSupplier
instanceKlass org/apache/maven/plugin/PluginDescriptorCache$Key
instanceKlass org/apache/maven/plugin/DefaultPluginDescriptorCache
instanceKlass org/apache/maven/project/artifact/ProjectArtifactsCache$CacheRecord
instanceKlass org/apache/maven/project/artifact/ProjectArtifactsCache$Key
instanceKlass org/apache/maven/project/artifact/DefaultProjectArtifactsCache
instanceKlass org/apache/maven/lifecycle/internal/TaskSegment
instanceKlass org/apache/maven/execution/ProjectExecutionListener
instanceKlass org/apache/maven/execution/BuildSummary
instanceKlass org/apache/maven/artifact/handler/manager/DefaultArtifactHandlerManager
instanceKlass org/apache/maven/lifecycle/internal/DefaultLifecycleMappingDelegate
instanceKlass org/apache/maven/wagon/observers/ChecksumObserver
instanceKlass org/apache/maven/repository/legacy/DefaultWagonManager
instanceKlass org/apache/maven/artifact/versioning/VersionRange
instanceKlass org/apache/maven/artifact/factory/DefaultArtifactFactory
instanceKlass org/apache/maven/lifecycle/mapping/LifecyclePhase
instanceKlass org/apache/maven/lifecycle/internal/DefaultLifecyclePluginAnalyzer$GoalSpec
instanceKlass org/apache/maven/lifecycle/internal/DefaultLifecyclePluginAnalyzer
instanceKlass org/apache/maven/project/artifact/MavenMetadataSource$ProjectRelocation
instanceKlass org/apache/maven/model/Dependency
instanceKlass org/apache/maven/repository/legacy/metadata/MetadataResolutionRequest
instanceKlass org/apache/maven/repository/legacy/metadata/ResolutionGroup
instanceKlass org/apache/maven/project/artifact/MavenMetadataSource
instanceKlass org/apache/maven/artifact/resolver/ArtifactResolutionResult
instanceKlass org/apache/maven/artifact/resolver/ArtifactResolutionRequest
instanceKlass org/apache/maven/artifact/resolver/DefaultResolutionErrorHandler
instanceKlass org/apache/maven/repository/legacy/resolver/conflict/NearestConflictResolver
instanceKlass org/apache/maven/execution/ExecutionEvent
instanceKlass org/apache/maven/lifecycle/internal/DefaultExecutionEventCatapult
instanceKlass org/apache/maven/project/validation/ModelValidationResult
instanceKlass org/apache/maven/model/building/ModelProblemCollector
instanceKlass org/apache/maven/project/validation/DefaultModelValidator
instanceKlass org/apache/maven/artifact/repository/metadata/Metadata
instanceKlass org/eclipse/aether/util/graph/visitor/AbstractDepthFirstNodeListGenerator
instanceKlass org/eclipse/aether/graph/DependencyNode
instanceKlass org/apache/maven/plugin/ExtensionRealmCache$CacheRecord
instanceKlass org/codehaus/plexus/component/repository/ComponentSetDescriptor
instanceKlass org/apache/maven/plugin/descriptor/PluginDescriptorBuilder
instanceKlass org/codehaus/plexus/component/configurator/ConfigurationListener
instanceKlass org/codehaus/plexus/component/configurator/expression/ExpressionEvaluator
instanceKlass org/codehaus/plexus/configuration/PlexusConfiguration
instanceKlass org/apache/maven/plugin/logging/Log
instanceKlass org/apache/maven/plugin/internal/DefaultMavenPluginManager
instanceKlass org/apache/maven/plugin/version/PluginVersionRequest
instanceKlass org/apache/maven/toolchain/model/TrackableBase
instanceKlass org/apache/maven/toolchain/DefaultToolchain
instanceKlass org/apache/maven/toolchain/ToolchainPrivate
instanceKlass org/apache/maven/toolchain/java/JavaToolchain
instanceKlass org/apache/maven/toolchain/Toolchain
instanceKlass org/apache/maven/toolchain/java/JavaToolchainFactory
instanceKlass org/apache/maven/repository/metadata/MetadataGraphEdge
instanceKlass org/apache/maven/repository/metadata/MetadataGraphVertex
instanceKlass org/apache/maven/repository/metadata/DefaultGraphConflictResolver
instanceKlass org/apache/maven/lifecycle/MavenExecutionPlan
instanceKlass org/apache/maven/artifact/resolver/filter/ArtifactFilter
instanceKlass org/apache/maven/DefaultProjectDependenciesResolver
instanceKlass org/apache/maven/model/building/Result
instanceKlass org/eclipse/aether/DefaultRepositorySystemSession
instanceKlass org/apache/maven/execution/MavenExecutionResult
instanceKlass org/apache/maven/DefaultMaven
instanceKlass org/apache/maven/exception/ExceptionSummary
instanceKlass org/apache/maven/model/building/ModelProblem
instanceKlass org/apache/maven/exception/DefaultExceptionHandler
instanceKlass org/apache/maven/project/DefaultDependencyResolutionResult
instanceKlass org/eclipse/aether/graph/DependencyVisitor
instanceKlass org/apache/maven/project/DefaultProjectDependenciesResolver
instanceKlass org/apache/maven/model/ModelBase
instanceKlass org/apache/maven/project/DefaultProjectBuildingHelper
instanceKlass org/apache/maven/artifact/repository/layout/DefaultRepositoryLayout
instanceKlass org/apache/maven/artifact/repository/ArtifactRepositoryPolicy
instanceKlass org/apache/maven/repository/legacy/repository/DefaultArtifactRepositoryFactory
instanceKlass org/apache/maven/repository/metadata/ClasspathContainer
instanceKlass org/apache/maven/repository/metadata/MetadataGraph
instanceKlass org/apache/maven/repository/metadata/DefaultClasspathTransformation
instanceKlass org/apache/maven/project/ProjectRealmCache$CacheRecord
instanceKlass org/apache/maven/project/ProjectRealmCache$Key
instanceKlass org/apache/maven/project/DefaultProjectRealmCache
instanceKlass org/apache/maven/artifact/repository/metadata/Versioning
instanceKlass org/apache/maven/artifact/repository/RepositoryRequest
instanceKlass org/apache/maven/artifact/repository/metadata/RepositoryMetadata
instanceKlass org/eclipse/aether/RequestTrace
instanceKlass org/apache/maven/model/PluginContainer
instanceKlass org/apache/maven/plugin/prefix/PluginPrefixRequest
instanceKlass org/apache/maven/plugin/prefix/PluginPrefixResult
instanceKlass org/eclipse/aether/repository/ArtifactRepository
instanceKlass org/apache/maven/plugin/prefix/internal/DefaultPluginPrefixResolver
instanceKlass org/apache/maven/artifact/handler/DefaultArtifactHandler
instanceKlass org/apache/maven/project/ReactorModelPool
instanceKlass org/apache/maven/model/building/ModelBuildingResult
instanceKlass org/apache/maven/project/DependencyResolutionResult
instanceKlass org/apache/maven/project/DefaultProjectBuilder$InternalConfig
instanceKlass org/apache/maven/model/resolution/ModelResolver
instanceKlass org/apache/maven/model/building/ModelBuildingRequest
instanceKlass org/apache/maven/model/RepositoryBase
instanceKlass org/apache/maven/project/DependencyResolutionRequest
instanceKlass org/apache/maven/project/ProjectBuildingResult
instanceKlass org/apache/maven/model/building/ModelBuildingListener
instanceKlass org/apache/maven/model/building/ModelSource
instanceKlass org/apache/maven/model/building/ModelCache
instanceKlass org/apache/maven/project/DefaultProjectBuilder
instanceKlass org/eclipse/aether/version/VersionScheme
instanceKlass org/apache/maven/rtinfo/internal/DefaultRuntimeInformation
instanceKlass org/apache/maven/artifact/resolver/ResolutionNode
instanceKlass org/apache/maven/repository/legacy/resolver/conflict/OldestConflictResolver
instanceKlass org/eclipse/aether/metadata/Metadata
instanceKlass org/eclipse/aether/artifact/Artifact
instanceKlass org/codehaus/plexus/logging/AbstractLogEnabled
instanceKlass org/apache/http/config/Registry
instanceKlass org/apache/http/impl/conn/PoolingHttpClientConnectionManager
instanceKlass org/apache/http/pool/ConnPoolControl
instanceKlass org/apache/http/client/methods/CloseableHttpResponse
instanceKlass org/apache/http/HttpResponse
instanceKlass org/apache/maven/wagon/shared/http/BasicAuthScope
instanceKlass org/apache/maven/wagon/shared/http/HttpConfiguration
instanceKlass org/apache/http/impl/client/CloseableHttpClient
instanceKlass org/apache/http/client/HttpClient
instanceKlass org/apache/http/auth/Credentials
instanceKlass org/apache/http/client/AuthCache
instanceKlass org/apache/http/client/CredentialsProvider
instanceKlass org/apache/http/client/ServiceUnavailableRetryStrategy
instanceKlass org/apache/http/client/HttpRequestRetryHandler
instanceKlass org/apache/http/client/RedirectStrategy
instanceKlass org/apache/http/config/Lookup
instanceKlass org/apache/http/Header
instanceKlass org/apache/http/NameValuePair
instanceKlass org/apache/http/conn/ssl/TrustStrategy
instanceKlass org/apache/http/ssl/TrustStrategy
instanceKlass org/apache/http/protocol/HttpContext
instanceKlass org/apache/http/client/methods/HttpUriRequest
instanceKlass org/apache/http/HttpRequest
instanceKlass org/apache/http/HttpMessage
instanceKlass org/apache/http/auth/AuthScheme
instanceKlass org/apache/http/HttpEntity
instanceKlass org/apache/http/conn/HttpClientConnectionManager
instanceKlass org/apache/maven/wagon/OutputData
instanceKlass org/apache/maven/wagon/InputData
instanceKlass java/util/EventObject
instanceKlass org/apache/maven/wagon/events/TransferListener
instanceKlass org/apache/maven/wagon/events/SessionListener
instanceKlass org/apache/maven/wagon/resource/Resource
instanceKlass org/apache/maven/wagon/repository/RepositoryPermissions
instanceKlass org/apache/maven/wagon/proxy/ProxyInfo
instanceKlass org/apache/maven/wagon/authentication/AuthenticationInfo
instanceKlass org/apache/maven/wagon/events/TransferEventSupport
instanceKlass org/apache/maven/wagon/events/SessionEventSupport
instanceKlass org/apache/maven/wagon/repository/Repository
instanceKlass org/apache/maven/wagon/proxy/ProxyInfoProvider
instanceKlass org/apache/maven/wagon/AbstractWagon
instanceKlass org/apache/maven/wagon/StreamingWagon
instanceKlass org/apache/maven/lifecycle/internal/DefaultLifecycleTaskSegmentCalculator
instanceKlass org/apache/maven/lifecycle/mapping/DefaultLifecycleMapping
instanceKlass org/objectweb/asm/Handler
instanceKlass org/objectweb/asm/Frame
instanceKlass org/objectweb/asm/ByteVector
instanceKlass org/objectweb/asm/Symbol
instanceKlass org/objectweb/asm/SymbolTable
instanceKlass org/objectweb/asm/FieldVisitor
instanceKlass org/objectweb/asm/MethodVisitor
instanceKlass org/objectweb/asm/ModuleVisitor
instanceKlass org/objectweb/asm/RecordComponentVisitor
instanceKlass org/apache/maven/lifecycle/internal/ReactorBuildStatus
instanceKlass org/apache/maven/lifecycle/internal/ProjectBuildList
instanceKlass org/apache/maven/lifecycle/internal/ReactorContext
instanceKlass org/apache/maven/lifecycle/internal/builder/singlethreaded/SingleThreadedBuilder
instanceKlass org/apache/maven/plugin/internal/DefaultLegacySupport
instanceKlass org/eclipse/aether/RepositorySystemSession
instanceKlass org/eclipse/aether/graph/DependencyFilter
instanceKlass org/apache/maven/model/ConfigurationContainer
instanceKlass org/apache/maven/model/InputLocationTracker
instanceKlass org/apache/maven/plugin/PluginRealmCache$CacheRecord
instanceKlass org/apache/maven/plugin/PluginRealmCache$PluginRealmSupplier
instanceKlass org/apache/maven/plugin/PluginRealmCache$Key
instanceKlass org/apache/maven/plugin/DefaultPluginRealmCache
instanceKlass org/apache/maven/artifact/repository/ArtifactRepository
instanceKlass org/apache/maven/artifact/metadata/ArtifactMetadata
instanceKlass org/apache/maven/repository/legacy/metadata/ArtifactMetadata
instanceKlass org/apache/maven/artifact/Artifact
instanceKlass org/apache/maven/artifact/repository/layout/FlatRepositoryLayout
instanceKlass com/google/inject/spi/ProviderWithExtensionVisitor
instanceKlass com/google/common/collect/Iterables
instanceKlass java/util/stream/ForEachOps$ForEachOp
instanceKlass java/util/stream/ForEachOps
instanceKlass  @bci com/google/inject/spi/InjectionPoint forConstructorOf (Lcom/google/inject/TypeLiteral;Z)Lcom/google/inject/spi/InjectionPoint; 83 <appendix> member <vmtarget> ; # com/google/inject/spi/InjectionPoint$$Lambda+0x00000203d20ef000
instanceKlass  @bci com/google/inject/spi/InjectionPoint forConstructorOf (Lcom/google/inject/TypeLiteral;Z)Lcom/google/inject/spi/InjectionPoint; 67 <appendix> argL0 ; # com/google/inject/spi/InjectionPoint$$Lambda+0x00000203d20eedc0
instanceKlass  @bci com/google/inject/spi/InjectionPoint forConstructorOf (Lcom/google/inject/TypeLiteral;Z)Lcom/google/inject/spi/InjectionPoint; 57 <appendix> argL0 ; # com/google/inject/spi/InjectionPoint$$Lambda+0x00000203d20eeb80
instanceKlass  @bci com/google/inject/spi/InjectionPoint forConstructorOf (Lcom/google/inject/TypeLiteral;Z)Lcom/google/inject/spi/InjectionPoint; 24 <appendix> argL0 ; # com/google/inject/spi/InjectionPoint$$Lambda+0x00000203d20ee940
instanceKlass org/eclipse/sisu/plexus/PlexusBean
instanceKlass org/codehaus/plexus/component/repository/ComponentDescriptor
instanceKlass com/google/inject/spi/ProvidesMethodBinding
instanceKlass org/eclipse/sisu/inject/Guice4
instanceKlass com/google/inject/internal/GuiceInternal
instanceKlass org/sonatype/inject/Parameters
instanceKlass org/eclipse/sisu/plexus/PlexusXmlBeanConverter
instanceKlass org/eclipse/sisu/plexus/PlexusBeanConverter
instanceKlass com/google/inject/spi/TypeConverterBinding
instanceKlass java/lang/reflect/AnnotatedParameterizedType
instanceKlass sun/reflect/generics/tree/Wildcard
instanceKlass sun/reflect/generics/tree/BottomSignature
instanceKlass org/eclipse/sisu/inject/DefaultRankingFunction
instanceKlass com/google/inject/spi/ProvisionListenerBinding
instanceKlass com/google/inject/spi/TypeListenerBinding
instanceKlass org/eclipse/sisu/bean/BeanListener
instanceKlass com/google/inject/matcher/Matchers
instanceKlass org/eclipse/sisu/bean/PropertyBinder
instanceKlass org/eclipse/sisu/plexus/PlexusBeanBinder
instanceKlass com/google/inject/spi/InjectionListener
instanceKlass org/sonatype/plexus/components/sec/dispatcher/DefaultSecDispatcher
instanceKlass org/sonatype/plexus/components/cipher/DefaultPlexusCipher
instanceKlass org/sonatype/plexus/components/cipher/PlexusCipher
instanceKlass org/codehaus/plexus/component/configurator/AbstractComponentConfigurator
instanceKlass org/codehaus/plexus/component/configurator/ComponentConfigurator
instanceKlass org/apache/maven/settings/validation/DefaultSettingsValidator
instanceKlass org/apache/maven/settings/validation/SettingsValidator
instanceKlass org/apache/maven/settings/io/DefaultSettingsWriter
instanceKlass org/apache/maven/settings/io/SettingsWriter
instanceKlass org/apache/maven/settings/io/DefaultSettingsReader
instanceKlass org/apache/maven/settings/io/SettingsReader
instanceKlass org/apache/maven/settings/crypto/DefaultSettingsDecrypter
instanceKlass org/apache/maven/settings/crypto/SettingsDecrypter
instanceKlass org/apache/maven/settings/building/DefaultSettingsBuilder
instanceKlass org/apache/maven/settings/building/SettingsBuilder
# instanceKlass java/lang/invoke/LambdaForm$MH+0x00000203d20e8000
instanceKlass java/lang/invoke/MethodHandle$1
instanceKlass org/eclipse/aether/transport/wagon/WagonTransporterFactory
instanceKlass org/eclipse/aether/internal/transport/wagon/PlexusWagonProvider
instanceKlass org/eclipse/aether/transport/wagon/WagonProvider
instanceKlass org/eclipse/aether/internal/transport/wagon/PlexusWagonConfigurator
instanceKlass org/eclipse/aether/transport/wagon/WagonConfigurator
instanceKlass org/eclipse/aether/transport/http/ChecksumExtractor
instanceKlass org/eclipse/aether/transport/http/HttpTransporterFactory
instanceKlass org/eclipse/aether/transport/file/FileTransporterFactory
instanceKlass org/eclipse/aether/spi/connector/transport/TransporterFactory
instanceKlass org/apache/maven/repository/internal/VersionsMetadataGeneratorFactory
instanceKlass org/apache/maven/repository/internal/SnapshotMetadataGeneratorFactory
instanceKlass org/apache/maven/repository/internal/PluginsMetadataGeneratorFactory
instanceKlass org/eclipse/aether/impl/MetadataGeneratorFactory
instanceKlass org/apache/maven/repository/internal/DefaultVersionResolver
instanceKlass org/eclipse/aether/impl/VersionResolver
instanceKlass org/apache/maven/repository/internal/DefaultVersionRangeResolver
instanceKlass org/eclipse/aether/impl/VersionRangeResolver
instanceKlass org/apache/maven/repository/internal/DefaultModelCacheFactory
instanceKlass org/apache/maven/repository/internal/ModelCacheFactory
instanceKlass org/apache/maven/repository/internal/DefaultArtifactDescriptorReader
instanceKlass org/eclipse/aether/impl/ArtifactDescriptorReader
instanceKlass org/eclipse/aether/named/support/NamedLockFactorySupport
instanceKlass org/eclipse/aether/named/NamedLockFactory
instanceKlass org/eclipse/aether/internal/impl/synccontext/named/providers/StaticNameMapperProvider
instanceKlass org/eclipse/aether/internal/impl/synccontext/named/providers/GAVNameMapperProvider
instanceKlass org/eclipse/aether/internal/impl/synccontext/named/providers/GAECVNameMapperProvider
instanceKlass org/eclipse/aether/internal/impl/synccontext/named/providers/FileStaticNameMapperProvider
instanceKlass org/eclipse/aether/internal/impl/synccontext/named/providers/FileHashingGAVNameMapperProvider
instanceKlass org/eclipse/aether/internal/impl/synccontext/named/providers/FileHashingGAECVNameMapperProvider
instanceKlass org/eclipse/aether/internal/impl/synccontext/named/providers/FileGAVNameMapperProvider
instanceKlass org/eclipse/aether/internal/impl/synccontext/named/providers/FileGAECVNameMapperProvider
instanceKlass org/eclipse/aether/internal/impl/synccontext/named/NameMapper
instanceKlass org/eclipse/aether/internal/impl/synccontext/named/providers/DiscriminatingNameMapperProvider
instanceKlass org/eclipse/aether/internal/impl/synccontext/named/NamedLockFactoryAdapterFactoryImpl
instanceKlass org/eclipse/aether/internal/impl/synccontext/named/NamedLockFactoryAdapterFactory
instanceKlass org/eclipse/aether/internal/impl/synccontext/legacy/DefaultSyncContextFactory
instanceKlass org/eclipse/aether/impl/SyncContextFactory
instanceKlass org/eclipse/aether/internal/impl/synccontext/DefaultSyncContextFactory
instanceKlass org/eclipse/aether/spi/synccontext/SyncContextFactory
instanceKlass java/lang/Deprecated
instanceKlass org/eclipse/aether/internal/impl/slf4j/Slf4jLoggerFactory
instanceKlass org/eclipse/aether/internal/impl/resolution/ArtifactResolverPostProcessorSupport
instanceKlass org/eclipse/aether/internal/impl/filter/RemoteRepositoryFilterSourceSupport
instanceKlass org/eclipse/aether/spi/connector/filter/RemoteRepositoryFilterSource
instanceKlass org/eclipse/aether/spi/resolution/ArtifactResolverPostProcessor
instanceKlass org/eclipse/aether/internal/impl/filter/DefaultRemoteRepositoryFilterManager
instanceKlass org/eclipse/aether/impl/RemoteRepositoryFilterManager
instanceKlass org/eclipse/aether/internal/impl/collect/DependencyCollectorDelegate
instanceKlass org/eclipse/aether/internal/impl/collect/DefaultDependencyCollector
instanceKlass org/eclipse/aether/impl/DependencyCollector
instanceKlass org/eclipse/aether/internal/impl/checksum/TrustedToProvidedChecksumsSourceAdapter
instanceKlass org/eclipse/aether/spi/checksums/ProvidedChecksumsSource
instanceKlass org/eclipse/aether/internal/impl/checksum/FileTrustedChecksumsSourceSupport
instanceKlass org/eclipse/aether/spi/checksums/TrustedChecksumsSource
instanceKlass org/eclipse/aether/spi/connector/checksum/ChecksumAlgorithmFactorySupport
instanceKlass org/eclipse/aether/spi/connector/checksum/ChecksumAlgorithmFactory
instanceKlass org/eclipse/aether/internal/impl/checksum/DefaultChecksumAlgorithmFactorySelector
instanceKlass org/eclipse/aether/spi/connector/checksum/ChecksumAlgorithmFactorySelector
instanceKlass org/eclipse/aether/internal/impl/SimpleLocalRepositoryManagerFactory
instanceKlass org/eclipse/aether/internal/impl/Maven2RepositoryLayoutFactory
instanceKlass org/eclipse/aether/spi/connector/layout/RepositoryLayoutFactory
instanceKlass org/eclipse/aether/spi/log/LoggerFactory
instanceKlass org/eclipse/aether/internal/impl/LoggerFactoryProvider
instanceKlass org/eclipse/aether/internal/impl/EnhancedLocalRepositoryManagerFactory
instanceKlass org/eclipse/aether/spi/localrepo/LocalRepositoryManagerFactory
instanceKlass org/eclipse/aether/internal/impl/DefaultUpdatePolicyAnalyzer
instanceKlass org/eclipse/aether/impl/UpdatePolicyAnalyzer
instanceKlass org/eclipse/aether/internal/impl/DefaultUpdateCheckManager
instanceKlass org/eclipse/aether/impl/UpdateCheckManager
instanceKlass java/lang/Long$LongCache
instanceKlass org/eclipse/aether/internal/impl/DefaultTransporterProvider
instanceKlass org/eclipse/aether/spi/connector/transport/TransporterProvider
instanceKlass org/eclipse/aether/internal/impl/DefaultTrackingFileManager
instanceKlass org/eclipse/aether/internal/impl/TrackingFileManager
instanceKlass org/eclipse/aether/internal/impl/DefaultRepositorySystemLifecycle
instanceKlass org/eclipse/aether/impl/RepositorySystemLifecycle
instanceKlass org/eclipse/aether/internal/impl/DefaultRepositorySystem
instanceKlass org/eclipse/aether/RepositorySystem
instanceKlass org/eclipse/aether/internal/impl/DefaultRepositoryLayoutProvider
instanceKlass org/eclipse/aether/spi/connector/layout/RepositoryLayoutProvider
instanceKlass org/eclipse/aether/internal/impl/DefaultRepositoryEventDispatcher
instanceKlass org/eclipse/aether/impl/RepositoryEventDispatcher
instanceKlass org/eclipse/aether/internal/impl/DefaultRepositoryConnectorProvider
instanceKlass org/eclipse/aether/impl/RepositoryConnectorProvider
instanceKlass org/eclipse/aether/internal/impl/DefaultRemoteRepositoryManager
instanceKlass org/eclipse/aether/impl/RemoteRepositoryManager
instanceKlass org/eclipse/aether/internal/impl/DefaultOfflineController
instanceKlass org/eclipse/aether/impl/OfflineController
instanceKlass org/eclipse/aether/internal/impl/DefaultMetadataResolver
instanceKlass org/eclipse/aether/impl/MetadataResolver
instanceKlass org/eclipse/aether/internal/impl/DefaultLocalRepositoryProvider
instanceKlass org/eclipse/aether/impl/LocalRepositoryProvider
instanceKlass org/eclipse/aether/internal/impl/LocalPathPrefixComposerFactorySupport
instanceKlass org/eclipse/aether/internal/impl/LocalPathPrefixComposerFactory
instanceKlass org/eclipse/aether/internal/impl/DefaultLocalPathComposer
instanceKlass org/eclipse/aether/internal/impl/LocalPathComposer
instanceKlass org/eclipse/aether/internal/impl/DefaultInstaller
instanceKlass org/eclipse/aether/impl/Installer
instanceKlass org/eclipse/aether/internal/impl/DefaultFileProcessor
instanceKlass org/eclipse/aether/spi/io/FileProcessor
instanceKlass org/eclipse/aether/internal/impl/DefaultDeployer
instanceKlass org/eclipse/aether/impl/Deployer
instanceKlass org/eclipse/aether/internal/impl/DefaultChecksumPolicyProvider
instanceKlass org/eclipse/aether/spi/connector/checksum/ChecksumPolicyProvider
instanceKlass org/eclipse/aether/internal/impl/DefaultArtifactResolver
instanceKlass org/eclipse/aether/impl/ArtifactResolver
instanceKlass org/eclipse/aether/connector/basic/BasicRepositoryConnectorFactory
instanceKlass org/eclipse/aether/spi/locator/Service
instanceKlass org/eclipse/aether/spi/connector/RepositoryConnectorFactory
instanceKlass org/apache/maven/model/validation/DefaultModelValidator
instanceKlass org/apache/maven/model/validation/ModelValidator
instanceKlass org/apache/maven/model/superpom/DefaultSuperPomProvider
instanceKlass org/apache/maven/model/superpom/SuperPomProvider
instanceKlass org/apache/maven/model/profile/activation/PropertyProfileActivator
instanceKlass org/apache/maven/model/profile/activation/OperatingSystemProfileActivator
instanceKlass org/apache/maven/model/profile/activation/JdkVersionProfileActivator
instanceKlass org/apache/maven/model/profile/activation/FileProfileActivator
instanceKlass org/apache/maven/model/profile/activation/ProfileActivator
instanceKlass org/apache/maven/model/profile/DefaultProfileSelector
instanceKlass org/apache/maven/model/profile/ProfileSelector
instanceKlass org/apache/maven/model/profile/DefaultProfileInjector
instanceKlass org/apache/maven/model/profile/ProfileInjector
instanceKlass org/apache/maven/model/plugin/DefaultReportingConverter
instanceKlass org/apache/maven/model/plugin/ReportingConverter
instanceKlass org/apache/maven/model/plugin/DefaultReportConfigurationExpander
instanceKlass org/apache/maven/model/plugin/ReportConfigurationExpander
instanceKlass org/apache/maven/model/plugin/DefaultPluginConfigurationExpander
instanceKlass org/apache/maven/model/plugin/PluginConfigurationExpander
instanceKlass org/apache/maven/model/path/ProfileActivationFilePathInterpolator
instanceKlass org/apache/maven/model/path/DefaultUrlNormalizer
instanceKlass org/apache/maven/model/path/UrlNormalizer
instanceKlass org/apache/maven/model/path/DefaultPathTranslator
instanceKlass org/apache/maven/model/path/PathTranslator
instanceKlass org/apache/maven/model/path/DefaultModelUrlNormalizer
instanceKlass org/apache/maven/model/path/ModelUrlNormalizer
instanceKlass org/apache/maven/model/path/DefaultModelPathTranslator
instanceKlass org/apache/maven/model/path/ModelPathTranslator
instanceKlass org/apache/maven/model/normalization/DefaultModelNormalizer
instanceKlass org/apache/maven/model/normalization/ModelNormalizer
instanceKlass org/apache/maven/model/management/DefaultPluginManagementInjector
instanceKlass org/apache/maven/model/management/PluginManagementInjector
instanceKlass org/apache/maven/model/management/DefaultDependencyManagementInjector
instanceKlass org/apache/maven/model/management/DependencyManagementInjector
instanceKlass org/apache/maven/model/locator/DefaultModelLocator
instanceKlass org/apache/maven/model/io/DefaultModelWriter
instanceKlass org/apache/maven/model/io/ModelWriter
instanceKlass org/apache/maven/model/io/DefaultModelReader
instanceKlass org/apache/maven/model/interpolation/AbstractStringBasedModelInterpolator
instanceKlass org/apache/maven/model/interpolation/ModelInterpolator
instanceKlass org/apache/maven/model/interpolation/DefaultModelVersionProcessor
instanceKlass org/apache/maven/model/interpolation/ModelVersionProcessor
instanceKlass org/apache/maven/model/inheritance/DefaultInheritanceAssembler
instanceKlass org/apache/maven/model/inheritance/InheritanceAssembler
instanceKlass org/apache/maven/model/composition/DefaultDependencyManagementImporter
instanceKlass org/apache/maven/model/composition/DependencyManagementImporter
instanceKlass  @bci sun/reflect/annotation/AnnotationParser parseClassArray (ILjava/nio/ByteBuffer;Ljdk/internal/reflect/ConstantPool;Ljava/lang/Class;)Ljava/lang/Object; 10 <appendix> member <vmtarget> ; # sun/reflect/annotation/AnnotationParser$$Lambda+0x00000203d2073830
instanceKlass org/apache/maven/model/building/DefaultModelProcessor
instanceKlass org/apache/maven/model/building/ModelProcessor
instanceKlass org/apache/maven/model/io/ModelReader
instanceKlass org/apache/maven/model/locator/ModelLocator
instanceKlass org/apache/maven/model/building/DefaultModelBuilder
instanceKlass org/apache/maven/model/building/ModelBuilder
instanceKlass org/apache/maven/cli/internal/BootstrapCoreExtensionManager
instanceKlass org/apache/maven/cli/configuration/SettingsXmlConfigurationProcessor
instanceKlass org/apache/maven/cli/configuration/ConfigurationProcessor
instanceKlass org/apache/maven/toolchain/io/DefaultToolchainsWriter
instanceKlass org/apache/maven/toolchain/io/ToolchainsWriter
instanceKlass org/apache/maven/toolchain/io/DefaultToolchainsReader
instanceKlass org/apache/maven/toolchain/io/ToolchainsReader
instanceKlass org/apache/maven/toolchain/building/DefaultToolchainsBuilder
instanceKlass org/apache/maven/toolchain/building/ToolchainsBuilder
instanceKlass jdk/internal/foreign/MemorySessionImpl
instanceKlass java/lang/foreign/MemorySegment$Scope
instanceKlass org/apache/maven/execution/MavenSession
instanceKlass org/apache/maven/session/scope/internal/SessionScope$ScopeState
instanceKlass  @bci org/apache/maven/session/scope/internal/SessionScope <clinit> ()V 0 <appendix> argL0 ; # org/apache/maven/session/scope/internal/SessionScope$$Lambda+0x00000203d20cc0e8
instanceKlass org/apache/maven/session/scope/internal/SessionScope
instanceKlass org/apache/maven/plugin/internal/MavenPluginMavenPrerequisiteChecker
instanceKlass org/apache/maven/plugin/internal/MavenPluginJavaPrerequisiteChecker
instanceKlass org/apache/maven/plugin/MavenPluginPrerequisitesChecker
instanceKlass org/apache/maven/plugin/internal/AbstractMavenPluginDependenciesValidator
instanceKlass org/apache/maven/plugin/internal/MavenPluginDependenciesValidator
instanceKlass org/apache/maven/plugin/internal/AbstractMavenPluginParametersValidator
instanceKlass org/apache/maven/plugin/internal/MavenPluginConfigurationValidator
instanceKlass org/apache/maven/eventspy/AbstractEventSpy
instanceKlass org/apache/maven/eventspy/EventSpy
instanceKlass org/apache/maven/plugin/PluginValidationManager
instanceKlass org/apache/maven/plugin/DefaultMojosExecutionStrategy
instanceKlass org/apache/maven/plugin/MojosExecutionStrategy
instanceKlass org/apache/maven/lifecycle/internal/LifecycleDependencyResolver
instanceKlass org/apache/maven/lifecycle/internal/DefaultProjectArtifactFactory
instanceKlass org/apache/maven/lifecycle/internal/ProjectArtifactFactory
instanceKlass org/sonatype/plexus/components/sec/dispatcher/SecDispatcher
instanceKlass org/apache/maven/internal/secdispatcher/SecDispatcherProvider
instanceKlass org/apache/maven/internal/aether/ResolverLifecycle
instanceKlass org/apache/maven/internal/aether/DefaultRepositorySystemSessionFactory
instanceKlass org/apache/maven/extension/internal/CoreExportsProvider
instanceKlass org/apache/maven/plugin/MojoExecution
instanceKlass org/apache/maven/project/MavenProject
instanceKlass org/apache/maven/execution/scope/internal/MojoExecutionScope$ScopeState
instanceKlass org/apache/maven/execution/MojoExecutionEvent
instanceKlass org/apache/maven/execution/scope/MojoExecutionScoped
instanceKlass com/google/inject/RestrictedBindingSource$Permit
instanceKlass org/apache/maven/execution/scope/internal/MojoExecutionScope$1
instanceKlass org/apache/maven/execution/scope/internal/MojoExecutionScope
instanceKlass org/apache/maven/execution/MojoExecutionListener
instanceKlass  @bci org/eclipse/sisu/space/QualifiedTypeBinder newInstance (Ljava/lang/Class;)Ljava/lang/Object; 17 <appendix> member <vmtarget> ; # org/eclipse/sisu/space/QualifiedTypeBinder$$Lambda+0x00000203d20c5828
instanceKlass org/apache/maven/execution/DefaultMavenExecutionRequestPopulator
instanceKlass org/apache/maven/execution/MavenExecutionRequestPopulator
instanceKlass org/apache/maven/classrealm/DefaultClassRealmManager
instanceKlass org/apache/maven/classrealm/ClassRealmManager
instanceKlass org/apache/maven/SessionScoped
instanceKlass org/apache/maven/ReactorReader
instanceKlass org/apache/maven/repository/internal/MavenWorkspaceReader
instanceKlass org/eclipse/aether/repository/WorkspaceReader
instanceKlass org/eclipse/sisu/space/WildcardKey$QualifiedImpl
instanceKlass org/eclipse/sisu/space/WildcardKey$Qualified
instanceKlass org/eclipse/sisu/space/WildcardKey
instanceKlass org/eclipse/sisu/Typed
instanceKlass org/sonatype/inject/EagerSingleton
instanceKlass org/eclipse/sisu/EagerSingleton
instanceKlass org/sonatype/inject/Mediator
instanceKlass org/eclipse/sisu/inject/TypeArguments
instanceKlass org/apache/maven/DefaultArtifactFilterManager
instanceKlass org/apache/maven/ArtifactFilterManager
instanceKlass org/objectweb/asm/Context
instanceKlass org/objectweb/asm/Attribute
instanceKlass org/objectweb/asm/AnnotationVisitor
instanceKlass org/objectweb/asm/ClassReader
instanceKlass org/eclipse/sisu/space/IndexedClassFinder$1
instanceKlass org/eclipse/sisu/inject/Logs$SLF4JSink
instanceKlass org/eclipse/sisu/inject/Logs$Sink
instanceKlass org/eclipse/sisu/inject/Logs
instanceKlass org/eclipse/sisu/space/QualifierCache
instanceKlass org/eclipse/sisu/space/QualifiedTypeVisitor
instanceKlass org/eclipse/sisu/plexus/PlexusTypeVisitor$ComponentAnnotationVisitor
instanceKlass org/eclipse/sisu/space/AnnotationVisitor
instanceKlass org/eclipse/sisu/plexus/PlexusTypeVisitor
instanceKlass org/eclipse/sisu/space/ClassVisitor
instanceKlass org/eclipse/sisu/plexus/PlexusXmlBeanModule$PlexusXmlBeanSource
instanceKlass org/eclipse/sisu/inject/DescriptionSource
instanceKlass org/eclipse/sisu/inject/AnnotatedSource
instanceKlass org/eclipse/sisu/Priority
instanceKlass org/eclipse/sisu/Hidden
instanceKlass org/eclipse/sisu/Description
instanceKlass org/eclipse/sisu/inject/Sources
instanceKlass com/google/inject/internal/MoreTypes$ParameterizedTypeImpl
instanceKlass sun/reflect/generics/reflectiveObjects/ParameterizedTypeImpl
instanceKlass sun/reflect/generics/reflectiveObjects/LazyReflectiveObjectGenerator
instanceKlass com/google/inject/Key$AnnotationInstanceStrategy
instanceKlass com/google/inject/name/NamedImpl
instanceKlass com/google/inject/name/Named
instanceKlass com/google/inject/name/Names
instanceKlass org/apache/maven/wagon/Wagon
instanceKlass org/apache/maven/toolchain/ToolchainsBuilder
instanceKlass org/apache/maven/toolchain/ToolchainManagerPrivate
instanceKlass org/apache/maven/toolchain/ToolchainManager
instanceKlass org/apache/maven/toolchain/ToolchainFactory
instanceKlass org/apache/maven/settings/MavenSettingsBuilder
instanceKlass org/apache/maven/rtinfo/RuntimeInformation
instanceKlass org/apache/maven/project/artifact/ProjectArtifactsCache
instanceKlass org/apache/maven/project/artifact/MavenMetadataCache
instanceKlass org/apache/maven/project/ProjectRealmCache
instanceKlass org/apache/maven/project/ProjectDependenciesResolver
instanceKlass org/apache/maven/project/ProjectBuildingHelper
instanceKlass org/apache/maven/project/ProjectBuilder
instanceKlass org/apache/maven/project/MavenProjectHelper
instanceKlass org/apache/maven/plugin/version/PluginVersionResolver
instanceKlass org/apache/maven/plugin/prefix/PluginPrefixResolver
instanceKlass org/apache/maven/plugin/internal/PluginDependenciesResolver
instanceKlass org/apache/maven/plugin/PluginRealmCache
instanceKlass org/apache/maven/plugin/PluginManager
instanceKlass org/apache/maven/plugin/PluginDescriptorCache
instanceKlass org/apache/maven/plugin/PluginArtifactsCache
instanceKlass org/apache/maven/plugin/MavenPluginManager
instanceKlass org/apache/maven/plugin/LegacySupport
instanceKlass org/apache/maven/plugin/ExtensionRealmCache
instanceKlass org/apache/maven/plugin/BuildPluginManager
instanceKlass org/apache/maven/model/plugin/LifecycleBindingsInjector
instanceKlass org/apache/maven/lifecycle/internal/builder/BuilderCommon
instanceKlass org/apache/maven/lifecycle/internal/builder/Builder
instanceKlass org/apache/maven/lifecycle/internal/MojoExecutor
instanceKlass org/apache/maven/lifecycle/internal/MojoDescriptorCreator
instanceKlass org/apache/maven/lifecycle/internal/LifecycleTaskSegmentCalculator
instanceKlass org/apache/maven/lifecycle/internal/LifecycleStarter
instanceKlass org/apache/maven/lifecycle/internal/LifecyclePluginResolver
instanceKlass org/apache/maven/lifecycle/internal/LifecycleModuleBuilder
instanceKlass org/apache/maven/lifecycle/internal/LifecycleExecutionPlanCalculator
instanceKlass org/apache/maven/lifecycle/internal/LifecycleDebugLogger
instanceKlass org/apache/maven/lifecycle/internal/ExecutionEventCatapult
instanceKlass org/apache/maven/lifecycle/internal/BuildListCalculator
instanceKlass org/apache/maven/lifecycle/MojoExecutionConfigurator
instanceKlass org/apache/maven/lifecycle/LifecycleMappingDelegate
instanceKlass org/apache/maven/lifecycle/LifecycleExecutor
instanceKlass org/apache/maven/lifecycle/LifeCyclePluginAnalyzer
instanceKlass org/apache/maven/lifecycle/DefaultLifecycles
instanceKlass org/apache/maven/graph/GraphBuilder
instanceKlass org/apache/maven/eventspy/internal/EventSpyDispatcher
instanceKlass org/apache/maven/configuration/BeanConfigurator
instanceKlass org/apache/maven/bridge/MavenRepositorySystem
instanceKlass org/apache/maven/artifact/resolver/ResolutionErrorHandler
instanceKlass org/apache/maven/artifact/repository/metadata/io/MetadataReader
instanceKlass org/apache/maven/artifact/metadata/ArtifactMetadataSource
instanceKlass org/apache/maven/repository/legacy/metadata/ArtifactMetadataSource
instanceKlass org/apache/maven/artifact/handler/manager/ArtifactHandlerManager
instanceKlass org/apache/maven/artifact/factory/ArtifactFactory
instanceKlass org/apache/maven/ProjectDependenciesResolver
instanceKlass org/apache/maven/Maven
instanceKlass org/apache/maven/artifact/handler/ArtifactHandler
instanceKlass org/apache/maven/lifecycle/Lifecycle
instanceKlass org/eclipse/sisu/space/CloningClassSpace$1
instanceKlass org/apache/maven/lifecycle/mapping/LifecycleMapping
instanceKlass java/lang/foreign/MemorySegment
instanceKlass org/apache/maven/repository/metadata/GraphConflictResolver
instanceKlass org/apache/maven/repository/metadata/GraphConflictResolutionPolicy
instanceKlass org/eclipse/sisu/plexus/ConfigurationImpl
instanceKlass org/apache/maven/repository/metadata/ClasspathTransformation
instanceKlass org/apache/maven/repository/legacy/resolver/transform/ArtifactTransformationManager
instanceKlass org/apache/maven/repository/legacy/resolver/transform/ArtifactTransformation
instanceKlass org/apache/maven/repository/legacy/resolver/conflict/ConflictResolverFactory
instanceKlass org/apache/maven/repository/legacy/resolver/conflict/ConflictResolver
instanceKlass org/apache/maven/repository/legacy/repository/ArtifactRepositoryFactory
instanceKlass org/apache/maven/repository/legacy/UpdateCheckManager
instanceKlass org/apache/maven/repository/RepositorySystem
instanceKlass org/apache/maven/repository/MirrorSelector
instanceKlass org/apache/maven/project/validation/ModelValidator
instanceKlass org/apache/maven/project/path/PathTranslator
instanceKlass org/apache/maven/project/interpolation/ModelInterpolator
instanceKlass org/apache/maven/project/inheritance/ModelInheritanceAssembler
instanceKlass org/apache/maven/project/MavenProjectBuilder
instanceKlass org/apache/maven/profiles/MavenProfilesBuilder
instanceKlass org/apache/maven/execution/RuntimeInformation
instanceKlass org/apache/maven/artifact/resolver/ArtifactResolver
instanceKlass org/apache/maven/artifact/resolver/ArtifactCollector
instanceKlass org/apache/maven/repository/legacy/resolver/LegacyArtifactCollector
instanceKlass org/apache/maven/artifact/repository/metadata/RepositoryMetadataManager
instanceKlass org/apache/maven/artifact/repository/layout/ArtifactRepositoryLayout
instanceKlass org/apache/maven/artifact/repository/ArtifactRepositoryFactory
instanceKlass org/apache/maven/artifact/manager/WagonManager
instanceKlass org/apache/maven/repository/legacy/WagonManager
instanceKlass org/apache/maven/artifact/installer/ArtifactInstaller
instanceKlass org/eclipse/sisu/plexus/PlexusXmlMetadata
instanceKlass org/eclipse/sisu/plexus/Roles
instanceKlass org/apache/maven/artifact/deployer/ArtifactDeployer
instanceKlass org/eclipse/sisu/plexus/Hints
instanceKlass org/eclipse/sisu/space/AbstractDeferredClass
instanceKlass org/eclipse/sisu/plexus/RequirementImpl
instanceKlass org/codehaus/plexus/component/annotations/Requirement
instanceKlass org/eclipse/sisu/space/Streams
instanceKlass org/eclipse/sisu/plexus/ComponentImpl
instanceKlass org/codehaus/plexus/component/annotations/Component
instanceKlass org/eclipse/sisu/plexus/PlexusTypeRegistry
instanceKlass org/eclipse/sisu/plexus/PlexusXmlScanner
instanceKlass org/eclipse/sisu/space/QualifiedTypeBinder
instanceKlass org/eclipse/sisu/plexus/PlexusTypeBinder
instanceKlass com/google/inject/spi/InjectionRequest
instanceKlass org/eclipse/sisu/bean/BeanProperty
instanceKlass com/google/common/collect/ObjectArrays
instanceKlass com/google/inject/internal/Nullability
instanceKlass  @bci com/google/inject/internal/KotlinSupport$KotlinUnsupported <clinit> ()V 7 <appendix> argL0 ; # com/google/inject/internal/KotlinSupport$KotlinUnsupported$$Lambda+0x00000203d20b0268
instanceKlass  @cpi com/sun/tools/javac/comp/Modules 1618 form vmentry <vmtarget> ; # java/lang/invoke/LambdaForm$DMH+0x00000203d20b4000
instanceKlass com/google/inject/internal/KotlinSupport$KotlinUnsupported
instanceKlass com/google/inject/internal/KotlinSupport$KotlinSupportHolder
instanceKlass com/google/inject/internal/KotlinSupportInterface
instanceKlass com/google/inject/internal/KotlinSupport
instanceKlass com/google/inject/spi/InjectionPoint$OverrideIndex
instanceKlass org/eclipse/sisu/inject/RankedBindings
instanceKlass org/eclipse/sisu/Mediator
instanceKlass sun/reflect/generics/tree/TypeVariableSignature
instanceKlass com/google/inject/Inject
instanceKlass javax/inject/Inject
instanceKlass  @bci com/google/inject/internal/DeclaredMembers getDeclaredFields (Ljava/lang/Class;)[Ljava/lang/reflect/Field; 38 <appendix> argL0 ; # com/google/inject/internal/DeclaredMembers$$Lambda+0x00000203d20abd90
instanceKlass  @bci com/google/inject/internal/DeclaredMembers getDeclaredFields (Ljava/lang/Class;)[Ljava/lang/reflect/Field; 20 <appendix> argL0 ; # com/google/inject/internal/DeclaredMembers$$Lambda+0x00000203d20abb60
instanceKlass  @bci com/google/inject/internal/DeclaredMembers getDeclaredFields (Ljava/lang/Class;)[Ljava/lang/reflect/Field; 15 <appendix> argL0 ; # com/google/inject/internal/DeclaredMembers$$Lambda+0x00000203d20ab930
instanceKlass  @bci com/google/inject/internal/DeclaredMembers getDeclaredFields (Ljava/lang/Class;)[Ljava/lang/reflect/Field; 7 <appendix> argL0 ; # com/google/inject/internal/DeclaredMembers$$Lambda+0x00000203d20ab700
instanceKlass java/lang/reflect/WildcardType
instanceKlass com/google/inject/spi/InjectionPoint$InjectableMembers
instanceKlass com/google/inject/spi/InjectionPoint$InjectableMember
instanceKlass com/google/inject/spi/InjectionPoint
instanceKlass java/lang/reflect/ParameterizedType
instanceKlass com/google/inject/internal/MoreTypes$GenericArrayTypeImpl
instanceKlass com/google/inject/internal/MoreTypes$CompositeType
instanceKlass com/google/inject/Key$AnnotationTypeStrategy
instanceKlass com/google/common/util/concurrent/AbstractFuture$Failure
instanceKlass com/google/common/util/concurrent/AbstractFuture$Cancellation
instanceKlass com/google/common/util/concurrent/AbstractFuture$DelegatingToFuture
instanceKlass com/google/common/util/concurrent/Platform
instanceKlass com/google/common/util/concurrent/Uninterruptibles
instanceKlass com/google/common/util/concurrent/AbstractFuture$Listener
instanceKlass com/google/common/util/concurrent/AbstractFutureState$Waiter
instanceKlass com/google/common/util/concurrent/LazyLogger
instanceKlass java/util/concurrent/Executor
instanceKlass com/google/common/util/concurrent/AbstractFutureState$AtomicHelper
instanceKlass com/google/common/util/concurrent/internal/InternalFutureFailureAccess
instanceKlass com/google/common/util/concurrent/AbstractFuture$Trusted
instanceKlass com/google/common/util/concurrent/ListenableFuture
instanceKlass  @bci com/sun/tools/javac/comp/Operators$UnaryOperatorHelper addUnaryOperator (Lcom/sun/tools/javac/comp/Operators$OperatorType;Lcom/sun/tools/javac/comp/Operators$OperatorType;[I)Lcom/sun/tools/javac/comp/Operators$UnaryOperatorHelper; 9 <appendix> form vmentry <vmtarget> ; # java/lang/invoke/LambdaForm$DMH+0x00000203d20a8400
instanceKlass  @bci sun/reflect/annotation/AnnotationParser parseEnumArray (ILjava/lang/Class;Ljava/nio/ByteBuffer;Ljdk/internal/reflect/ConstantPool;Ljava/lang/Class;)Ljava/lang/Object; 16 <appendix> member <vmtarget> ; # sun/reflect/annotation/AnnotationParser$$Lambda+0x00000203d20702b8
instanceKlass java/lang/annotation/Documented
instanceKlass java/lang/annotation/Target
instanceKlass javax/inject/Named
instanceKlass javax/inject/Qualifier
instanceKlass com/google/inject/BindingAnnotation
instanceKlass javax/inject/Scope
instanceKlass com/google/inject/ScopeAnnotation
instanceKlass com/google/inject/internal/Annotations$AnnotationChecker
# instanceKlass java/lang/invoke/LambdaForm$MH+0x00000203d20a8000
instanceKlass java/lang/reflect/Proxy$ProxyBuilder$1
instanceKlass jdk/internal/org/objectweb/asm/Edge
instanceKlass  @bci java/lang/reflect/ProxyGenerator addProxyMethod (Ljava/lang/reflect/Method;Ljava/lang/Class;)V 23 <appendix> argL0 ; # java/lang/reflect/ProxyGenerator$$Lambda+0x00000203d206eb98
instanceKlass  @bci java/lang/reflect/ProxyGenerator addProxyMethod (Ljava/lang/reflect/ProxyGenerator$ProxyMethod;)V 10 <appendix> argL0 ; # java/lang/reflect/ProxyGenerator$$Lambda+0x00000203d206e968
instanceKlass java/util/StringJoiner
instanceKlass java/lang/reflect/ProxyGenerator$ProxyMethod
instanceKlass  @bci java/lang/reflect/Proxy getLoader (Ljava/lang/Module;)Ljava/lang/ClassLoader; 6 <appendix> member <vmtarget> ; # java/lang/reflect/Proxy$$Lambda+0x00000203d206e240
instanceKlass  @bci java/lang/WeakPairMap computeIfAbsent (Ljava/lang/Object;Ljava/lang/Object;Ljava/util/function/BiFunction;)Ljava/lang/Object; 18 <appendix> member <vmtarget> ; # java/lang/WeakPairMap$$Lambda+0x00000203d206de08
instanceKlass  @bci java/lang/Module implAddExportsOrOpens (Ljava/lang/String;Ljava/lang/Module;ZZ)V 145 <appendix> argL0 ; # java/lang/Module$$Lambda+0x00000203d206dbe8
instanceKlass  @bci java/lang/module/ModuleDescriptor$Builder packages (Ljava/util/Set;)Ljava/lang/module/ModuleDescriptor$Builder; 17 <appendix> argL0 ; # java/lang/module/ModuleDescriptor$Builder$$Lambda+0x800000002
instanceKlass java/lang/WeakPairMap$Pair$Lookup
instanceKlass java/lang/WeakPairMap$Pair
instanceKlass java/lang/WeakPairMap
instanceKlass java/lang/Module$ReflectionData
instanceKlass jdk/internal/module/Checks
instanceKlass java/lang/module/ModuleDescriptor$Builder
instanceKlass  @bci java/lang/reflect/Proxy$ProxyBuilder getDynamicModule (Ljava/lang/ClassLoader;)Ljava/lang/Module; 4 <appendix> argL0 ; # java/lang/reflect/Proxy$ProxyBuilder$$Lambda+0x00000203d206d2d0
instanceKlass java/lang/PublicMethods
instanceKlass java/util/Collections$1
instanceKlass java/lang/reflect/Proxy$ProxyBuilder
instanceKlass  @bci java/lang/reflect/Proxy getProxyConstructor (Ljava/lang/Class;Ljava/lang/ClassLoader;[Ljava/lang/Class;)Ljava/lang/reflect/Constructor; 35 <appendix> argL0 ; # java/lang/reflect/Proxy$$Lambda+0x00000203d206c6b8
instanceKlass java/lang/reflect/Proxy
instanceKlass sun/reflect/annotation/AnnotationInvocationHandler
instanceKlass sun/reflect/annotation/AnnotationParser$1
instanceKlass sun/reflect/annotation/ExceptionProxy
instanceKlass java/lang/annotation/Inherited
instanceKlass java/lang/annotation/Retention
instanceKlass sun/reflect/annotation/AnnotationType$1
instanceKlass sun/reflect/annotation/AnnotationType
instanceKlass java/lang/reflect/GenericArrayType
instanceKlass sun/reflect/generics/visitor/Reifier
instanceKlass sun/reflect/generics/visitor/TypeTreeVisitor
instanceKlass sun/reflect/generics/factory/CoreReflectionFactory
instanceKlass sun/reflect/generics/factory/GenericsFactory
instanceKlass sun/reflect/generics/scope/AbstractScope
instanceKlass sun/reflect/generics/scope/Scope
instanceKlass com/google/inject/internal/Annotations$TestAnnotation
instanceKlass com/google/inject/internal/Annotations$AnnotationToStringConfig
instanceKlass com/google/common/base/Joiner$MapJoiner
instanceKlass com/google/common/base/Joiner
instanceKlass java/lang/reflect/InvocationHandler
instanceKlass com/google/inject/internal/Annotations
instanceKlass org/eclipse/sisu/Parameters
instanceKlass org/eclipse/sisu/wire/ParameterKeys
instanceKlass com/google/inject/internal/util/StackTraceElements$InMemoryStackTraceElement
instanceKlass com/google/inject/internal/util/StackTraceElements
instanceKlass org/eclipse/sisu/wire/TypeConverterCache
instanceKlass com/google/inject/internal/Scoping
instanceKlass com/google/inject/internal/InternalFactory
instanceKlass java/lang/StackTraceElement$HashedModules
instanceKlass com/google/inject/internal/InternalFlags$1
instanceKlass com/google/inject/internal/InternalFlags
instanceKlass com/google/inject/spi/ConstructorBinding
instanceKlass com/google/inject/spi/InstanceBinding
instanceKlass com/google/inject/internal/DelayedInitialize
instanceKlass com/google/inject/spi/ProviderKeyBinding
instanceKlass com/google/inject/spi/ProviderInstanceBinding
instanceKlass com/google/inject/spi/HasDependencies
instanceKlass com/google/inject/spi/LinkedKeyBinding
instanceKlass com/google/inject/spi/UntargettedBinding
instanceKlass com/google/inject/internal/BindingImpl
instanceKlass com/google/inject/Key$AnnotationStrategy
instanceKlass org/eclipse/sisu/wire/ElementAnalyzer$1
instanceKlass com/google/inject/util/Modules$EmptyModule
instanceKlass com/google/inject/util/Modules$OverriddenModuleBuilder
instanceKlass com/google/inject/util/Modules
instanceKlass  @bci com/google/inject/internal/DeclaredMembers getDeclaredMethods (Ljava/lang/Class;)[Ljava/lang/reflect/Method; 62 <appendix> argL0 ; # com/google/inject/internal/DeclaredMembers$$Lambda+0x00000203d209b6e8
instanceKlass java/util/stream/SortedOps
instanceKlass com/google/common/collect/Ordering
instanceKlass  @bci com/google/inject/internal/DeclaredMembers getDeclaredMethods (Ljava/lang/Class;)[Ljava/lang/reflect/Method; 38 <appendix> argL0 ; # com/google/inject/internal/DeclaredMembers$$Lambda+0x00000203d2098cb0
instanceKlass  @bci com/google/inject/internal/DeclaredMembers getDeclaredMethods (Ljava/lang/Class;)[Ljava/lang/reflect/Method; 33 <appendix> argL0 ; # com/google/inject/internal/DeclaredMembers$$Lambda+0x00000203d2098a80
instanceKlass  @bci java/util/Comparator thenComparing (Ljava/util/Comparator;)Ljava/util/Comparator; 7 <appendix> member <vmtarget> ; # java/util/Comparator$$Lambda+0x00000203d2068180
instanceKlass  @cpi java/util/Comparator 251 form vmentry <vmtarget> ; # java/lang/invoke/LambdaForm$DMH+0x00000203d209c800
instanceKlass  @bci java/util/Comparator comparing (Ljava/util/function/Function;Ljava/util/Comparator;)Ljava/util/Comparator; 12 <appendix> member <vmtarget> ; # java/util/Comparator$$Lambda+0x00000203d2067ef0
instanceKlass  @bci com/google/inject/internal/DeclaredMembers getDeclaredMethods (Ljava/lang/Class;)[Ljava/lang/reflect/Method; 20 <appendix> argL0 ; # com/google/inject/internal/DeclaredMembers$$Lambda+0x00000203d2098850
instanceKlass  @bci com/google/inject/internal/DeclaredMembers getDeclaredMethods (Ljava/lang/Class;)[Ljava/lang/reflect/Method; 15 <appendix> argL0 ; # com/google/inject/internal/DeclaredMembers$$Lambda+0x00000203d2098620
instanceKlass  @bci java/util/Comparator comparing (Ljava/util/function/Function;)Ljava/util/Comparator; 6 <appendix> member <vmtarget> ; # java/util/Comparator$$Lambda+0x00000203d2067c60
instanceKlass  @bci java/lang/invoke/BootstrapMethodInvoker invoke (Ljava/lang/Class;Ljava/lang/invoke/MethodHandle;Ljava/lang/String;Ljava/lang/Object;Ljava/lang/Object;Ljava/lang/Class;)Ljava/lang/Object; 462 <adapter> ; # java/lang/invoke/LambdaForm$MH+0x00000203d209c400
instanceKlass  @cpi java/util/Comparator 259 form vmentry <vmtarget> ; # java/lang/invoke/LambdaForm$DMH+0x00000203d209c000
instanceKlass  @bci com/google/inject/internal/DeclaredMembers getDeclaredMethods (Ljava/lang/Class;)[Ljava/lang/reflect/Method; 7 <appendix> argL0 ; # com/google/inject/internal/DeclaredMembers$$Lambda+0x00000203d20983f0
instanceKlass com/google/inject/internal/DeclaredMembers
instanceKlass com/google/common/base/ExtraObjectsMethodsForWeb
instanceKlass com/google/common/collect/ImmutableMap$Builder
instanceKlass com/google/inject/internal/MoreTypes
instanceKlass com/google/inject/multibindings/ProvidesIntoOptional
instanceKlass com/google/inject/multibindings/ProvidesIntoMap
instanceKlass com/google/inject/multibindings/ProvidesIntoSet
instanceKlass com/google/inject/Provides
instanceKlass javax/inject/Singleton
instanceKlass com/google/inject/spi/ElementSource
instanceKlass com/google/inject/spi/ScopeBinding
instanceKlass com/google/inject/Scopes$2
instanceKlass com/google/inject/Scopes$1
instanceKlass com/google/inject/internal/SingletonScope
instanceKlass com/google/inject/Scopes
instanceKlass com/google/inject/Singleton
instanceKlass com/google/inject/spi/Elements$ModuleInfo
instanceKlass com/google/inject/PrivateModule
instanceKlass  @bci java/util/stream/Collectors toList ()Ljava/util/stream/Collector; 14 <appendix> argL0 ; # java/util/stream/Collectors$$Lambda+0x00000203d2067840
instanceKlass  @bci java/util/stream/Collectors toList ()Ljava/util/stream/Collector; 9 <appendix> argL0 ; # java/util/stream/Collectors$$Lambda+0x00000203d2067620
instanceKlass  @bci java/util/stream/Collectors toList ()Ljava/util/stream/Collector; 4 <appendix> argL0 ; # java/util/stream/Collectors$$Lambda+0x00000203d2067410
instanceKlass  @bci com/google/inject/spi/BindingSourceRestriction$PermitMapConstruction pushModule (Ljava/lang/Class;Lcom/google/inject/spi/ModuleSource;)V 5 <appendix> member <vmtarget> ; # com/google/inject/spi/BindingSourceRestriction$PermitMapConstruction$$Lambda+0x00000203d20928c0
instanceKlass  @bci com/google/inject/spi/BindingSourceRestriction getPermits (Ljava/lang/Class;)Ljava/util/stream/Stream; 43 <appendix> argL0 ; # com/google/inject/spi/BindingSourceRestriction$$Lambda+0x00000203d2092680
instanceKlass  @bci com/google/inject/spi/BindingSourceRestriction getPermits (Ljava/lang/Class;)Ljava/util/stream/Stream; 33 <appendix> argL0 ; # com/google/inject/spi/BindingSourceRestriction$$Lambda+0x00000203d2092450
instanceKlass  @cpi com/sun/tools/javac/code/Scope$FilterImportScope 171 form vmentry <vmtarget> ; # java/lang/invoke/LambdaForm$DMH+0x00000203d2088400
instanceKlass java/util/stream/Streams$2
instanceKlass java/util/stream/Streams$ConcatSpliterator
instanceKlass sun/reflect/annotation/AnnotatedTypeFactory$AnnotatedTypeBaseImpl
instanceKlass java/lang/reflect/AnnotatedType
instanceKlass sun/reflect/annotation/AnnotatedTypeFactory
instanceKlass sun/reflect/annotation/TypeAnnotation$LocationInfo$Location
instanceKlass sun/reflect/annotation/TypeAnnotation$LocationInfo
instanceKlass sun/reflect/generics/tree/ClassSignature
instanceKlass sun/reflect/generics/tree/Signature
instanceKlass sun/reflect/generics/tree/ClassTypeSignature
instanceKlass sun/reflect/generics/tree/SimpleClassTypeSignature
instanceKlass sun/reflect/generics/tree/FieldTypeSignature
instanceKlass sun/reflect/generics/tree/BaseType
instanceKlass sun/reflect/generics/tree/TypeSignature
instanceKlass sun/reflect/generics/tree/ReturnType
instanceKlass sun/reflect/generics/tree/TypeArgument
instanceKlass sun/reflect/generics/tree/FormalTypeParameter
instanceKlass sun/reflect/generics/tree/TypeTree
instanceKlass sun/reflect/generics/tree/Tree
instanceKlass sun/reflect/generics/parser/SignatureParser
instanceKlass java/lang/reflect/TypeVariable
instanceKlass sun/reflect/generics/repository/AbstractRepository
instanceKlass sun/reflect/annotation/TypeAnnotation
instanceKlass sun/reflect/annotation/TypeAnnotationParser
instanceKlass java/lang/Class$AnnotationData
instanceKlass com/google/inject/RestrictedBindingSource
instanceKlass com/google/inject/spi/BindingSourceRestriction
instanceKlass com/google/inject/spi/ModuleSource
instanceKlass com/google/inject/internal/ProviderMethodsModule
instanceKlass com/google/inject/spi/BindingSourceRestriction$PermitMapConstruction$PermitMapImpl
instanceKlass com/google/inject/spi/BindingSourceRestriction$PermitMap
instanceKlass com/google/inject/spi/BindingSourceRestriction$PermitMapConstruction
instanceKlass com/google/common/collect/Hashing
instanceKlass com/google/common/math/IntMath$1
instanceKlass com/google/common/math/MathPreconditions
instanceKlass com/google/common/math/IntMath
instanceKlass com/google/inject/internal/AbstractBindingBuilder
instanceKlass com/google/inject/binder/ConstantBindingBuilder
instanceKlass com/google/inject/binder/AnnotatedElementBuilder
instanceKlass com/google/inject/spi/Elements$RecordingBinder
instanceKlass com/google/inject/Binding
instanceKlass com/google/inject/spi/DefaultBindingTargetVisitor
instanceKlass com/google/inject/spi/BindingTargetVisitor
instanceKlass com/google/inject/spi/Elements
instanceKlass com/google/inject/internal/InjectorShell$RootModule
instanceKlass com/google/common/collect/ListMultimap
instanceKlass com/google/inject/internal/InjectorBindingData
instanceKlass java/util/concurrent/atomic/AtomicReferenceArray
instanceKlass java/util/concurrent/Future
instanceKlass com/google/common/cache/LocalCache$LoadingValueReference
instanceKlass java/util/concurrent/ConcurrentLinkedQueue$Node
instanceKlass com/google/common/cache/Weigher
instanceKlass com/google/common/base/Predicate
instanceKlass com/google/common/base/Equivalence
instanceKlass java/util/function/BiPredicate
instanceKlass com/google/common/base/MoreObjects
instanceKlass com/google/common/cache/LocalCache$1
instanceKlass com/google/common/cache/ReferenceEntry
instanceKlass com/google/common/cache/CacheLoader
instanceKlass com/google/common/cache/LocalCache$LocalManualCache
instanceKlass  @bci com/google/inject/internal/WeakKeySet <init> (Ljava/lang/Object;)V 12 <appendix> member <vmtarget> ; # com/google/inject/internal/WeakKeySet$$Lambda+0x00000203d20875a8
instanceKlass  @cpi org/apache/maven/archiver/MavenArchiver 993 form vmentry <vmtarget> ; # java/lang/invoke/LambdaForm$DMH+0x00000203d2088000
instanceKlass java/util/AbstractMap$SimpleImmutableEntry
instanceKlass com/google/common/cache/RemovalListener
instanceKlass com/google/common/cache/LocalCache$StrongValueReference
instanceKlass com/google/common/cache/LocalCache$ValueReference
instanceKlass com/google/common/cache/CacheBuilder$2
instanceKlass com/google/common/cache/CacheStats
instanceKlass com/google/common/base/Suppliers$SupplierOfInstance
instanceKlass com/google/common/base/Suppliers
instanceKlass com/google/common/cache/CacheBuilder$1
instanceKlass com/google/common/cache/AbstractCache$StatsCounter
instanceKlass com/google/common/cache/LoadingCache
instanceKlass com/google/common/cache/Cache
instanceKlass com/google/common/base/Supplier
instanceKlass com/google/common/cache/CacheBuilder
instanceKlass com/google/inject/internal/WeakKeySet
instanceKlass com/google/common/collect/Sets
instanceKlass com/google/inject/internal/InjectorJitBindingData
instanceKlass java/util/Arrays$ArrayItr
instanceKlass com/google/inject/internal/ProcessedBindingData
instanceKlass com/google/inject/spi/DefaultElementVisitor
instanceKlass com/google/inject/internal/InjectorShell$Builder
instanceKlass com/google/common/collect/Lists
instanceKlass com/google/common/collect/CollectPreconditions
instanceKlass com/google/common/collect/LinkedHashMultimap$MultimapIterationChain
instanceKlass com/google/common/collect/Platform
instanceKlass com/google/common/collect/Multiset
instanceKlass com/google/common/collect/AbstractMultimap
instanceKlass com/google/common/collect/SetMultimap
instanceKlass com/google/common/base/Converter
instanceKlass com/google/common/base/Function
instanceKlass com/google/common/collect/ImmutableMap
instanceKlass com/google/common/collect/BiMap
instanceKlass com/google/common/collect/SortedMapDifference
instanceKlass com/google/common/collect/MapDifference
instanceKlass com/google/common/collect/Maps
instanceKlass com/google/inject/internal/CycleDetectingLock
instanceKlass com/google/common/collect/Multimap
instanceKlass com/google/inject/internal/CycleDetectingLock$CycleDetectingLockFactory
instanceKlass com/google/inject/internal/Initializable
instanceKlass com/google/inject/internal/Initializer
instanceKlass com/google/common/collect/PeekingIterator
instanceKlass com/google/common/collect/UnmodifiableIterator
instanceKlass com/google/common/collect/Iterators
instanceKlass com/google/common/collect/ImmutableCollection$Builder
instanceKlass com/google/common/collect/ImmutableSet$SetBuilderImpl
instanceKlass com/google/inject/internal/util/SourceProvider
instanceKlass com/google/inject/spi/ErrorDetail
instanceKlass com/google/inject/internal/Errors
instanceKlass com/google/common/base/Preconditions
instanceKlass jdk/internal/logger/DefaultLoggerFinder$1
instanceKlass java/util/logging/Logger$SystemLoggerHelper$1
instanceKlass java/util/logging/Logger$SystemLoggerHelper
instanceKlass java/util/logging/LogManager$4
instanceKlass jdk/internal/logger/BootstrapLogger$BootstrapExecutors
instanceKlass jdk/internal/logger/BootstrapLogger$RedirectedLoggers
instanceKlass java/util/Spliterators$1Adapter
instanceKlass java/util/Spliterators$ArraySpliterator
instanceKlass jdk/internal/logger/BootstrapLogger$DetectBackend$1
instanceKlass jdk/internal/logger/BootstrapLogger$DetectBackend
instanceKlass jdk/internal/logger/BootstrapLogger
instanceKlass sun/util/logging/PlatformLogger$ConfigurableBridge
instanceKlass sun/util/logging/PlatformLogger$Bridge
instanceKlass java/lang/System$Logger
instanceKlass java/util/stream/Streams
instanceKlass java/util/stream/Stream$Builder
instanceKlass java/util/stream/Streams$AbstractStreamBuilderImpl
instanceKlass  @bci java/util/logging/Level$KnownLevel findByName (Ljava/lang/String;Ljava/util/function/Function;)Ljava/util/Optional; 29 <appendix> argL0 ; # java/util/logging/Level$KnownLevel$$Lambda+0x800000025
instanceKlass  @bci java/util/logging/Level findLevel (Ljava/lang/String;)Ljava/util/logging/Level; 13 <appendix> argL0 ; # java/util/logging/Level$$Lambda+0x800000013
instanceKlass java/util/Hashtable$Enumerator
instanceKlass java/util/logging/LogManager$LoggerContext$1
instanceKlass java/util/logging/LogManager$VisitedLoggers
instanceKlass  @bci java/util/logging/LogManager$LoggerContext$1 run ()Ljava/lang/Void; 22 <appendix> form vmentry <vmtarget> ; # java/lang/invoke/LambdaForm$MH+0x00000203d2034000
instanceKlass java/util/logging/LogManager$2
instanceKlass java/lang/System$LoggerFinder
instanceKlass java/util/logging/LogManager$LoggingProviderAccess
instanceKlass sun/util/logging/internal/LoggingProviderImpl$LogManagerAccess
instanceKlass java/util/Collections$SynchronizedMap
instanceKlass java/util/logging/LogManager$LogNode
instanceKlass java/util/logging/LogManager$LoggerContext
instanceKlass java/util/logging/LogManager$1
instanceKlass java/util/logging/LogManager
instanceKlass java/util/logging/Logger$ConfigurationData
instanceKlass java/util/logging/Logger$LoggerBundle
instanceKlass  @bci java/util/logging/Level$KnownLevel add (Ljava/util/logging/Level;)V 49 <appendix> argL0 ; # java/util/logging/Level$KnownLevel$$Lambda+0x800000024
instanceKlass  @bci java/util/logging/Level$KnownLevel add (Ljava/util/logging/Level;)V 19 <appendix> argL0 ; # java/util/logging/Level$KnownLevel$$Lambda+0x800000023
instanceKlass java/util/logging/Level
instanceKlass java/util/logging/Handler
instanceKlass java/util/logging/Logger
instanceKlass com/google/common/base/Ticker
instanceKlass com/google/common/base/Stopwatch
instanceKlass com/google/inject/internal/util/ContinuousStopwatch
instanceKlass com/google/inject/Injector
instanceKlass com/google/inject/internal/InternalInjectorCreator
instanceKlass com/google/inject/Guice
instanceKlass org/eclipse/sisu/wire/Wiring
instanceKlass org/eclipse/sisu/wire/WireModule$Strategy$1
instanceKlass org/eclipse/sisu/wire/WireModule$Strategy
instanceKlass org/eclipse/sisu/wire/AbstractTypeConverter
instanceKlass com/google/inject/spi/ElementVisitor
instanceKlass org/eclipse/sisu/wire/WireModule
instanceKlass org/eclipse/sisu/bean/BeanBinder
instanceKlass org/eclipse/sisu/plexus/PlexusBindingModule
instanceKlass org/codehaus/plexus/DefaultPlexusContainer$BootModule
instanceKlass org/codehaus/plexus/component/annotations/Configuration
instanceKlass org/eclipse/sisu/plexus/PlexusAnnotatedMetadata
instanceKlass org/eclipse/sisu/plexus/PlexusBeanMetadata
instanceKlass org/eclipse/sisu/plexus/PlexusAnnotatedBeanModule$PlexusAnnotatedBeanSource
instanceKlass org/eclipse/sisu/space/SpaceModule$2
instanceKlass org/eclipse/sisu/space/SpaceModule$Strategy$2
instanceKlass org/eclipse/sisu/space/SpaceModule$Strategy$1
instanceKlass org/eclipse/sisu/space/DefaultClassFinder
instanceKlass org/objectweb/asm/ClassVisitor
instanceKlass org/eclipse/sisu/space/SpaceScanner
instanceKlass org/eclipse/sisu/space/IndexedClassFinder
instanceKlass org/eclipse/sisu/space/ClassFinder
instanceKlass org/eclipse/sisu/space/SpaceModule
instanceKlass org/eclipse/sisu/space/SpaceVisitor
instanceKlass org/eclipse/sisu/plexus/PlexusTypeListener
instanceKlass org/eclipse/sisu/space/QualifiedTypeListener
instanceKlass org/eclipse/sisu/plexus/PlexusAnnotatedBeanModule$1
instanceKlass org/eclipse/sisu/space/SpaceModule$Strategy
instanceKlass org/eclipse/sisu/plexus/PlexusAnnotatedBeanModule
instanceKlass org/eclipse/sisu/plexus/PlexusBeanSource
instanceKlass org/eclipse/sisu/plexus/PlexusXmlBeanModule
instanceKlass org/eclipse/sisu/plexus/PlexusBeanModule
instanceKlass org/eclipse/sisu/space/URLClassSpace
instanceKlass org/codehaus/plexus/DefaultPlexusContainer$SLF4JLoggerFactoryProvider
instanceKlass com/google/inject/util/Providers$ConstantProvider
instanceKlass com/google/inject/util/Providers
instanceKlass org/codehaus/plexus/personality/plexus/lifecycle/phase/Disposable
instanceKlass org/codehaus/plexus/personality/plexus/lifecycle/phase/Startable
instanceKlass org/codehaus/plexus/personality/plexus/lifecycle/phase/Initializable
instanceKlass org/codehaus/plexus/personality/plexus/lifecycle/phase/Contextualizable
instanceKlass org/codehaus/plexus/logging/LogEnabled
instanceKlass org/eclipse/sisu/bean/PropertyBinding
instanceKlass javax/annotation/PreDestroy
instanceKlass javax/annotation/PostConstruct
instanceKlass org/eclipse/sisu/bean/LifecycleBuilder
instanceKlass org/eclipse/sisu/bean/BeanScheduler$1
instanceKlass com/google/inject/spi/DefaultBindingScopingVisitor
instanceKlass com/google/inject/spi/BindingScopingVisitor
instanceKlass org/eclipse/sisu/bean/BeanScheduler$CycleActivator
instanceKlass com/google/inject/spi/ModuleAnnotatedMethodScanner
instanceKlass com/google/inject/PrivateBinder
instanceKlass org/aopalliance/intercept/MethodInterceptor
instanceKlass org/aopalliance/intercept/Interceptor
instanceKlass org/aopalliance/aop/Advice
instanceKlass com/google/inject/MembersInjector
instanceKlass com/google/inject/binder/AnnotatedConstantBindingBuilder
instanceKlass com/google/inject/spi/TypeListener
instanceKlass com/google/inject/spi/Message
instanceKlass com/google/inject/spi/Element
instanceKlass com/google/inject/Scope
instanceKlass com/google/inject/spi/Dependency
instanceKlass com/google/inject/Key
instanceKlass com/google/inject/binder/AnnotatedBindingBuilder
instanceKlass com/google/inject/binder/LinkedBindingBuilder
instanceKlass com/google/inject/binder/ScopedBindingBuilder
instanceKlass com/google/inject/TypeLiteral
instanceKlass com/google/inject/spi/ProvisionListener
instanceKlass com/google/inject/Binder
instanceKlass org/eclipse/sisu/bean/BeanScheduler
instanceKlass org/eclipse/sisu/plexus/DefaultPlexusBeanLocator
instanceKlass org/eclipse/sisu/plexus/RealmManager
instanceKlass org/codehaus/plexus/context/ContextMapAdapter
instanceKlass org/codehaus/plexus/context/DefaultContext
instanceKlass org/codehaus/plexus/logging/AbstractLogger
instanceKlass org/codehaus/plexus/logging/AbstractLoggerManager
instanceKlass java/util/Date
instanceKlass java/text/DigitList
instanceKlass java/text/FieldPosition
instanceKlass java/lang/StringUTF16$CharsSpliterator
instanceKlass java/util/stream/Sink$ChainedInt
instanceKlass  @bci java/util/stream/FindOps$FindSink$OfInt <clinit> ()V 43 <appendix> argL0 ; # java/util/stream/FindOps$FindSink$OfInt$$Lambda+0x800000049
instanceKlass  @bci java/util/stream/FindOps$FindSink$OfInt <clinit> ()V 38 <appendix> argL0 ; # java/util/stream/FindOps$FindSink$OfInt$$Lambda+0x80000004b
instanceKlass  @bci java/util/stream/FindOps$FindSink$OfInt <clinit> ()V 16 <appendix> argL0 ; # java/util/stream/FindOps$FindSink$OfInt$$Lambda+0x80000004a
instanceKlass  @bci java/util/stream/FindOps$FindSink$OfInt <clinit> ()V 11 <appendix> argL0 ; # java/util/stream/FindOps$FindSink$OfInt$$Lambda+0x80000004c
instanceKlass java/util/OptionalInt
instanceKlass java/util/stream/Sink$OfInt
instanceKlass java/util/function/IntConsumer
instanceKlass  @bci java/text/DecimalFormatSymbols findNonFormatChar (Ljava/lang/String;C)C 4 <appendix> argL0 ; # java/text/DecimalFormatSymbols$$Lambda+0x80000000d
instanceKlass java/util/function/IntPredicate
instanceKlass java/util/stream/IntStream
instanceKlass java/lang/StringLatin1$CharsSpliterator
instanceKlass  @bci sun/util/locale/provider/JRELocaleProviderAdapter getDecimalFormatSymbolsProvider ()Ljava/text/spi/DecimalFormatSymbolsProvider; 8 <appendix> member <vmtarget> ; # sun/util/locale/provider/JRELocaleProviderAdapter$$Lambda+0x80000006b
instanceKlass java/text/DecimalFormatSymbols
instanceKlass  @bci sun/util/locale/provider/JRELocaleProviderAdapter getNumberFormatProvider ()Ljava/text/spi/NumberFormatProvider; 8 <appendix> member <vmtarget> ; # sun/util/locale/provider/JRELocaleProviderAdapter$$Lambda+0x80000006c
instanceKlass  @bci sun/util/locale/provider/JRELocaleProviderAdapter getDateFormatSymbolsProvider ()Ljava/text/spi/DateFormatSymbolsProvider; 8 <appendix> member <vmtarget> ; # sun/util/locale/provider/JRELocaleProviderAdapter$$Lambda+0x80000006a
instanceKlass java/text/DateFormatSymbols
instanceKlass sun/util/calendar/CalendarUtils
instanceKlass sun/util/calendar/CalendarDate
instanceKlass sun/util/resources/Bundles$CacheKeyReference
instanceKlass  @bci java/util/ResourceBundle$ResourceBundleProviderHelper newResourceBundle (Ljava/lang/Class;)Ljava/util/ResourceBundle; 22 <appendix> member <vmtarget> ; # java/util/ResourceBundle$ResourceBundleProviderHelper$$Lambda+0x800000012
instanceKlass java/util/ResourceBundle$ResourceBundleProviderHelper
instanceKlass  @bci sun/util/cldr/CLDRLocaleProviderAdapter applyAliases (Ljava/util/Locale;)Ljava/util/Locale; 4 <appendix> argL0 ; # sun/util/cldr/CLDRLocaleProviderAdapter$$Lambda+0x800000064
instanceKlass sun/util/resources/Bundles$CacheKey
instanceKlass java/util/ResourceBundle$1
instanceKlass jdk/internal/access/JavaUtilResourceBundleAccess
instanceKlass sun/util/resources/Bundles
instanceKlass sun/util/resources/LocaleData$LocaleDataStrategy
instanceKlass sun/util/resources/Bundles$Strategy
instanceKlass sun/util/resources/LocaleData$1
instanceKlass sun/util/resources/LocaleData
instanceKlass sun/util/locale/provider/LocaleResources
instanceKlass java/util/stream/Node$Builder
instanceKlass java/util/stream/Nodes$ArrayNode
instanceKlass java/util/stream/Node$OfDouble
instanceKlass java/util/stream/Node$OfLong
instanceKlass java/util/stream/Node$OfInt
instanceKlass java/util/stream/Node$OfPrimitive
instanceKlass java/util/stream/Nodes$EmptyNode
instanceKlass java/util/stream/Node
instanceKlass java/util/stream/Nodes
instanceKlass  @bci sun/util/locale/provider/LocaleProviderAdapter toLocaleArray (Ljava/util/Set;)[Ljava/util/Locale; 16 <appendix> argL0 ; # sun/util/locale/provider/LocaleProviderAdapter$$Lambda+0x80000006e
instanceKlass java/util/function/IntFunction
instanceKlass  @bci sun/util/locale/provider/LocaleProviderAdapter toLocaleArray (Ljava/util/Set;)[Ljava/util/Locale; 6 <appendix> argL0 ; # sun/util/locale/provider/LocaleProviderAdapter$$Lambda+0x80000006d
instanceKlass java/util/Spliterators$IteratorSpliterator
instanceKlass java/util/Spliterator$OfDouble
instanceKlass java/util/Spliterator$OfLong
instanceKlass java/util/Spliterator$OfInt
instanceKlass java/util/Spliterator$OfPrimitive
instanceKlass java/util/Spliterators$EmptySpliterator
instanceKlass java/util/Spliterators
instanceKlass  @bci sun/util/cldr/CLDRLocaleProviderAdapter getCalendarDataProvider ()Ljava/util/spi/CalendarDataProvider; 8 <appendix> member <vmtarget> ; # sun/util/cldr/CLDRLocaleProviderAdapter$$Lambda+0x800000067
instanceKlass java/util/ResourceBundle
instanceKlass java/util/ResourceBundle$Control
instanceKlass sun/util/locale/provider/CalendarDataUtility$CalendarWeekParameterGetter
instanceKlass sun/util/locale/provider/LocaleServiceProviderPool$LocalizedObjectGetter
instanceKlass sun/util/locale/provider/LocaleServiceProviderPool
instanceKlass java/util/Locale$Builder
instanceKlass sun/util/locale/provider/CalendarDataUtility
instanceKlass sun/util/calendar/CalendarSystem$GregorianHolder
instanceKlass sun/util/calendar/CalendarSystem
instanceKlass java/util/Calendar$Builder
instanceKlass sun/util/locale/provider/AvailableLanguageTags
instanceKlass  @bci sun/util/locale/provider/JRELocaleProviderAdapter getCalendarProvider ()Lsun/util/spi/CalendarProvider; 8 <appendix> member <vmtarget> ; # sun/util/locale/provider/JRELocaleProviderAdapter$$Lambda+0x800000068
instanceKlass java/util/ServiceLoader$ProviderImpl
instanceKlass java/util/ServiceLoader$Provider
instanceKlass java/util/ServiceLoader$1
instanceKlass sun/util/resources/cldr/provider/CLDRLocaleDataMetaInfo
instanceKlass jdk/internal/module/ModulePatcher$PatchedModuleReader
instanceKlass java/util/ServiceLoader$3
instanceKlass java/util/ServiceLoader$2
instanceKlass java/util/ServiceLoader$LazyClassPathLookupIterator
instanceKlass java/util/concurrent/CopyOnWriteArrayList$COWIterator
instanceKlass java/util/ServiceLoader$ModuleServicesLookupIterator
instanceKlass java/util/ServiceLoader
instanceKlass  @bci sun/util/cldr/CLDRLocaleProviderAdapter <init> ()V 4 <appendix> argL0 ; # sun/util/cldr/CLDRLocaleProviderAdapter$$Lambda+0x800000066
instanceKlass sun/util/locale/InternalLocaleBuilder$CaseInsensitiveChar
instanceKlass sun/util/locale/InternalLocaleBuilder
instanceKlass sun/util/locale/StringTokenIterator
instanceKlass sun/util/locale/ParseStatus
instanceKlass sun/util/locale/LanguageTag
instanceKlass sun/util/cldr/CLDRBaseLocaleDataMetaInfo
instanceKlass sun/util/locale/provider/LocaleDataMetaInfo
instanceKlass sun/util/locale/provider/ResourceBundleBasedAdapter
instanceKlass sun/util/locale/provider/LocaleProviderAdapter
instanceKlass java/util/spi/LocaleServiceProvider
instanceKlass sun/util/calendar/ZoneInfoFile$ZoneOffsetTransitionRule
instanceKlass java/lang/invoke/VarHandle$AccessDescriptor
instanceKlass java/lang/invoke/VarForm
instanceKlass java/lang/invoke/VarHandleGuards
instanceKlass java/lang/ClassValue$Version
instanceKlass java/lang/ClassValue$Identity
instanceKlass java/lang/ClassValue
instanceKlass java/lang/invoke/VarHandles
instanceKlass jdk/internal/util/ByteArray
instanceKlass sun/util/calendar/ZoneInfoFile$1
instanceKlass sun/util/calendar/ZoneInfoFile
instanceKlass java/util/TimeZone
instanceKlass java/util/Calendar
instanceKlass java/text/AttributedCharacterIterator$Attribute
instanceKlass com/google/inject/matcher/AbstractMatcher
instanceKlass com/google/inject/matcher/Matcher
instanceKlass com/google/inject/spi/TypeConverter
instanceKlass org/codehaus/plexus/DefaultPlexusContainer$LoggerProvider
instanceKlass org/codehaus/plexus/DefaultPlexusContainer$DefaultsModule
instanceKlass org/codehaus/plexus/DefaultPlexusContainer$ContainerModule
instanceKlass java/util/concurrent/locks/ReentrantReadWriteLock$WriteLock
instanceKlass java/util/concurrent/locks/ReentrantReadWriteLock$ReadLock
instanceKlass java/util/concurrent/locks/ReentrantReadWriteLock
instanceKlass java/util/concurrent/locks/ReadWriteLock
instanceKlass org/eclipse/sisu/inject/ImplicitBindings
instanceKlass org/eclipse/sisu/inject/MildValues$InverseMapping
instanceKlass org/eclipse/sisu/inject/MildValues
instanceKlass org/eclipse/sisu/inject/Weak
instanceKlass sun/reflect/misc/ReflectUtil
instanceKlass java/util/concurrent/atomic/AtomicReferenceFieldUpdater$AtomicReferenceFieldUpdaterImpl$1
instanceKlass java/util/concurrent/atomic/AtomicReferenceFieldUpdater
instanceKlass org/eclipse/sisu/inject/RankedSequence$Content
instanceKlass org/eclipse/sisu/inject/RankedSequence
instanceKlass org/eclipse/sisu/inject/BindingSubscriber
instanceKlass org/eclipse/sisu/inject/DefaultBeanLocator
instanceKlass org/eclipse/sisu/inject/DeferredClass
instanceKlass org/codehaus/plexus/DefaultPlexusContainer$LoggerManagerProvider
instanceKlass org/eclipse/sisu/inject/DeferredProvider
instanceKlass com/google/inject/Provider
instanceKlass com/google/inject/AbstractModule
instanceKlass org/eclipse/sisu/inject/BindingPublisher
instanceKlass org/eclipse/sisu/inject/RankingFunction
instanceKlass org/codehaus/plexus/context/Context
instanceKlass org/eclipse/sisu/space/ClassSpace
instanceKlass javax/inject/Provider
instanceKlass org/eclipse/sisu/bean/BeanManager
instanceKlass org/eclipse/sisu/plexus/PlexusBeanLocator
instanceKlass org/codehaus/plexus/classworlds/ClassWorldListener
instanceKlass com/google/inject/Module
instanceKlass org/eclipse/sisu/inject/MutableBeanLocator
instanceKlass org/eclipse/sisu/inject/BeanLocator
instanceKlass org/codehaus/plexus/DefaultPlexusContainer
instanceKlass org/codehaus/plexus/MutablePlexusContainer
instanceKlass java/util/stream/ReduceOps$AccumulatingSink
instanceKlass java/util/stream/ReduceOps$Box
instanceKlass java/util/stream/ReduceOps$ReduceOp
instanceKlass java/util/stream/ReduceOps
instanceKlass  @bci java/util/function/Function andThen (Ljava/util/function/Function;)Ljava/util/function/Function; 7 <appendix> member <vmtarget> ; # java/util/function/Function$$Lambda+0x00000203d205ad48
instanceKlass  @cpi java/util/function/Function 58 form vmentry <vmtarget> ; # java/lang/invoke/LambdaForm$DMH+0x00000203d2020000
instanceKlass  @bci org/apache/maven/extension/internal/CoreExports <init> (Lorg/codehaus/plexus/classworlds/realm/ClassRealm;Ljava/util/Set;Ljava/util/Set;)V 38 <appendix> argL0 ; # org/apache/maven/extension/internal/CoreExports$$Lambda+0x00000203d201de80
instanceKlass  @bci java/util/stream/Collectors castingIdentity ()Ljava/util/function/Function; 0 <appendix> argL0 ; # java/util/stream/Collectors$$Lambda+0x800000043
instanceKlass  @bci java/util/stream/Collectors uniqKeysMapMerger ()Ljava/util/function/BinaryOperator; 0 <appendix> argL0 ; # java/util/stream/Collectors$$Lambda+0x00000203d205ab10
instanceKlass java/util/function/BinaryOperator
instanceKlass  @bci java/util/stream/Collectors uniqKeysMapAccumulator (Ljava/util/function/Function;Ljava/util/function/Function;)Ljava/util/function/BiConsumer; 2 <appendix> member <vmtarget> ; # java/util/stream/Collectors$$Lambda+0x00000203d205a8e8
instanceKlass  @bci java/util/stream/Collectors toMap (Ljava/util/function/Function;Ljava/util/function/Function;)Ljava/util/stream/Collector; 4 <appendix> argL0 ; # java/util/stream/Collectors$$Lambda+0x00000203d205a6d8
instanceKlass java/util/stream/Collector
instanceKlass java/util/stream/Collectors
instanceKlass  @bci org/apache/maven/extension/internal/CoreExports <init> (Lorg/codehaus/plexus/classworlds/realm/ClassRealm;Ljava/util/Set;Ljava/util/Set;)V 30 <appendix> member <vmtarget> ; # org/apache/maven/extension/internal/CoreExports$$Lambda+0x00000203d201dc48
instanceKlass  @bci java/util/function/Function identity ()Ljava/util/function/Function; 0 <appendix> argL0 ; # java/util/function/Function$$Lambda+0x00000203d205a2c0
instanceKlass java/util/HashMap$HashMapSpliterator
instanceKlass org/apache/maven/extension/internal/CoreExports
instanceKlass java/util/Collections$UnmodifiableCollection$1
instanceKlass org/codehaus/plexus/DefaultContainerConfiguration
instanceKlass org/codehaus/plexus/ContainerConfiguration
instanceKlass org/codehaus/plexus/util/BaseIOUtil
instanceKlass org/codehaus/plexus/util/xml/XMLWriter
instanceKlass org/codehaus/plexus/util/xml/Xpp3Dom
instanceKlass org/codehaus/plexus/util/xml/pull/MXParser
instanceKlass org/codehaus/plexus/util/xml/pull/XmlPullParser
instanceKlass org/codehaus/plexus/util/xml/Xpp3DomBuilder
instanceKlass java/util/regex/ASCII
instanceKlass  @bci java/util/regex/CharPredicates ASCII_SPACE ()Ljava/util/regex/Pattern$BmpCharPredicate; 0 <appendix> argL0 ; # java/util/regex/CharPredicates$$Lambda+0x800000027
instanceKlass  @bci java/util/regex/Pattern DOT ()Ljava/util/regex/Pattern$CharPredicate; 0 <appendix> argL0 ; # java/util/regex/Pattern$$Lambda+0x00000203d2058a70
instanceKlass  @bci java/util/regex/Pattern union (Ljava/util/regex/Pattern$CharPredicate;Ljava/util/regex/Pattern$CharPredicate;Z)Ljava/util/regex/Pattern$CharPredicate; 14 <appendix> member <vmtarget> ; # java/util/regex/Pattern$$Lambda+0x00000203d20583d8
instanceKlass org/codehaus/plexus/util/ReaderFactory
instanceKlass org/apache/maven/project/ExtensionDescriptor
instanceKlass org/apache/maven/project/ExtensionDescriptorBuilder
instanceKlass org/apache/maven/extension/internal/CoreExtensionEntry
instanceKlass org/codehaus/plexus/logging/Logger
instanceKlass org/apache/maven/cli/logging/Slf4jLoggerManager
instanceKlass org/slf4j/impl/MavenSlf4jSimpleFriend
instanceKlass org/slf4j/MavenSlf4jFriend
instanceKlass  @bci org/apache/commons/cli/CommandLine getOptionValue (Ljava/lang/String;Ljava/lang/String;)Ljava/lang/String; 7 <appendix> member <vmtarget> ; # org/apache/commons/cli/CommandLine$$Lambda+0x00000203d201a320
instanceKlass org/apache/maven/cli/logging/impl/Slf4jSimpleConfiguration$1
instanceKlass org/apache/maven/cli/logging/BaseSlf4jConfiguration
instanceKlass org/codehaus/plexus/util/PropertyUtils
instanceKlass org/apache/maven/cli/logging/Slf4jConfiguration
instanceKlass org/apache/maven/cli/logging/Slf4jConfigurationFactory
instanceKlass org/slf4j/impl/OutputChoice
instanceKlass org/slf4j/impl/SimpleLoggerConfiguration$1
instanceKlass java/text/Format
instanceKlass org/slf4j/impl/SimpleLoggerConfiguration
instanceKlass org/slf4j/helpers/NamedLoggerBase
instanceKlass org/slf4j/impl/SimpleLoggerFactory
instanceKlass org/slf4j/impl/StaticLoggerBinder
instanceKlass org/slf4j/spi/LoggerFactoryBinder
instanceKlass java/util/Collections$3
instanceKlass java/net/URLClassLoader$3$1
instanceKlass java/net/URLClassLoader$3
instanceKlass jdk/internal/loader/URLClassPath$1
instanceKlass java/lang/CompoundEnumeration
instanceKlass jdk/internal/loader/BuiltinClassLoader$1
instanceKlass java/util/Collections$EmptyEnumeration
instanceKlass org/slf4j/helpers/Util
instanceKlass org/slf4j/helpers/NOPLoggerFactory
instanceKlass java/util/concurrent/LinkedBlockingQueue$Node
instanceKlass java/util/concurrent/BlockingQueue
instanceKlass org/slf4j/helpers/SubstituteLoggerFactory
instanceKlass org/slf4j/ILoggerFactory
instanceKlass org/slf4j/event/LoggingEvent
instanceKlass org/slf4j/LoggerFactory
instanceKlass java/util/LinkedList$ListItr
instanceKlass org/codehaus/plexus/util/StringUtils
instanceKlass org/apache/maven/cli/CLIReportingUtils
instanceKlass  @bci org/apache/maven/cli/MavenCli populateProperties (Lorg/apache/maven/cli/CliRequest;Ljava/util/Properties;Ljava/util/Properties;)V 236 <appendix> argL0 ; # org/apache/maven/cli/MavenCli$$Lambda+0x00000203d2013db8
instanceKlass  @cpi com/sun/tools/javac/file/Locations 619 form vmentry <vmtarget> ; # java/lang/invoke/LambdaForm$DMH+0x00000203d2015400
instanceKlass java/util/function/BiConsumer
instanceKlass org/codehaus/plexus/interpolation/SimpleRecursionInterceptor
instanceKlass org/codehaus/plexus/interpolation/AbstractValueSource
instanceKlass org/codehaus/plexus/interpolation/RecursionInterceptor
instanceKlass org/codehaus/plexus/interpolation/StringSearchInterpolator
instanceKlass org/codehaus/plexus/interpolation/Interpolator
instanceKlass org/codehaus/plexus/interpolation/BasicInterpolator
instanceKlass org/apache/maven/properties/internal/SystemProperties
instanceKlass java/util/Collections$SynchronizedCollection
instanceKlass java/util/Properties$EntrySet
instanceKlass java/util/Collections$UnmodifiableMap$UnmodifiableEntrySet$UnmodifiableEntry
instanceKlass java/util/Collections$UnmodifiableMap$UnmodifiableEntrySet$1
instanceKlass org/codehaus/plexus/util/Os
instanceKlass org/apache/maven/properties/internal/EnvironmentUtils
instanceKlass  @bci org/apache/commons/cli/CommandLine getOptionValues (Lorg/apache/commons/cli/Option;)[Ljava/lang/String; 21 <appendix> member <vmtarget> ; # org/apache/commons/cli/CommandLine$$Lambda+0x00000203d20120c8
instanceKlass  @cpi com/sun/tools/javac/comp/Annotate 1386 form vmentry <vmtarget> ; # java/lang/invoke/LambdaForm$DMH+0x00000203d2015000
instanceKlass java/util/stream/Sink$ChainedReference
instanceKlass  @bci java/util/stream/FindOps$FindSink$OfRef <clinit> ()V 43 <appendix> argL0 ; # java/util/stream/FindOps$FindSink$OfRef$$Lambda+0x80000004d
instanceKlass  @bci java/util/stream/FindOps$FindSink$OfRef <clinit> ()V 38 <appendix> argL0 ; # java/util/stream/FindOps$FindSink$OfRef$$Lambda+0x80000004f
instanceKlass  @bci java/util/stream/FindOps$FindSink$OfRef <clinit> ()V 16 <appendix> argL0 ; # java/util/stream/FindOps$FindSink$OfRef$$Lambda+0x80000004e
instanceKlass  @bci java/util/stream/FindOps$FindSink$OfRef <clinit> ()V 11 <appendix> argL0 ; # java/util/stream/FindOps$FindSink$OfRef$$Lambda+0x800000050
instanceKlass java/util/stream/FindOps$FindOp
instanceKlass java/util/stream/TerminalOp
instanceKlass java/util/stream/FindOps$FindSink
instanceKlass java/util/stream/TerminalSink
instanceKlass java/util/stream/Sink
instanceKlass java/util/stream/FindOps
instanceKlass  @bci org/apache/commons/cli/CommandLine resolveOption (Ljava/lang/String;)Lorg/apache/commons/cli/Option; 19 <appendix> member <vmtarget> ; # org/apache/commons/cli/CommandLine$$Lambda+0x00000203d2011e80
instanceKlass java/util/function/Predicate
# instanceKlass java/lang/invoke/LambdaForm$MH+0x00000203d2014c00
instanceKlass sun/reflect/annotation/AnnotationParser
instanceKlass java/lang/Class$3
instanceKlass java/util/EnumMap$1
instanceKlass java/util/stream/StreamOpFlag$MaskBuilder
instanceKlass java/util/stream/Stream
instanceKlass java/util/stream/BaseStream
instanceKlass java/util/stream/PipelineHelper
instanceKlass java/util/stream/StreamSupport
instanceKlass java/util/ArrayList$ArrayListSpliterator
instanceKlass java/util/Spliterator
instanceKlass java/util/LinkedList$Node
instanceKlass java/util/AbstractList$Itr
instanceKlass org/apache/commons/cli/DefaultParser
instanceKlass org/apache/commons/cli/Util
instanceKlass  @bci org/apache/commons/cli/CommandLine$Builder <clinit> ()V 0 <appendix> argL0 ; # org/apache/commons/cli/CommandLine$Builder$$Lambda+0x00000203d20115a0
instanceKlass  @cpi org/apache/commons/io/function/IOConsumer 141 form vmentry <vmtarget> ; # java/lang/invoke/LambdaForm$DMH+0x00000203d2014800
instanceKlass  @cpi com/sun/tools/javac/code/DeferredCompletionFailureHandler$2 97 form vmentry <vmtarget> ; # java/lang/invoke/LambdaForm$DMH+0x00000203d2014400
instanceKlass org/apache/commons/cli/CommandLine$Builder
instanceKlass org/apache/commons/cli/CommandLine
instanceKlass java/util/Collections$UnmodifiableCollection
instanceKlass java/util/LinkedHashMap$LinkedHashIterator
instanceKlass  @bci org/apache/commons/cli/Parser parse (Lorg/apache/commons/cli/Options;[Ljava/lang/String;Ljava/util/Properties;Z)Lorg/apache/commons/cli/CommandLine; 4 <appendix> argL0 ; # org/apache/commons/cli/Parser$$Lambda+0x00000203d2010da0
instanceKlass  @cpi com/sun/tools/javac/comp/Attr 5292 form vmentry <vmtarget> ; # java/lang/invoke/LambdaForm$DMH+0x00000203d2014000
instanceKlass java/util/function/Consumer
instanceKlass org/apache/commons/cli/Parser
instanceKlass org/apache/maven/cli/CleanArgument
instanceKlass org/apache/commons/cli/OptionValidator
instanceKlass org/apache/commons/cli/Option$Builder
instanceKlass org/apache/commons/cli/Option
instanceKlass org/apache/commons/cli/Options
instanceKlass org/apache/commons/cli/CommandLineParser
instanceKlass org/apache/maven/cli/CLIManager
instanceKlass org/apache/maven/cli/logging/Slf4jStdoutLogger
instanceKlass java/util/IdentityHashMap$IdentityHashMapIterator
instanceKlass sun/nio/fs/WindowsPath$1
instanceKlass sun/nio/fs/WindowsLinkSupport
instanceKlass org/eclipse/aether/DefaultRepositoryCache
instanceKlass org/apache/maven/project/ProjectBuildingRequest
instanceKlass java/util/regex/IntHashSet
instanceKlass java/util/regex/Matcher
instanceKlass java/util/regex/MatchResult
instanceKlass org/apache/maven/execution/DefaultMavenExecutionRequest
instanceKlass sun/net/www/protocol/jar/JarFileFactory
instanceKlass sun/net/www/protocol/jar/URLJarFile$URLJarFileCloseController
instanceKlass org/apache/maven/execution/MavenExecutionRequest
instanceKlass java/lang/Shutdown$Lock
instanceKlass java/lang/Shutdown
instanceKlass java/lang/ApplicationShutdownHooks$1
instanceKlass java/lang/ApplicationShutdownHooks
instanceKlass java/lang/Thread$ThreadNumbering
instanceKlass java/net/URLClassLoader$2
instanceKlass jdk/internal/jimage/ImageLocation
instanceKlass jdk/internal/jimage/decompressor/Decompressor
instanceKlass jdk/internal/jimage/ImageStringsReader
instanceKlass jdk/internal/jimage/ImageStrings
instanceKlass jdk/internal/jimage/ImageHeader
instanceKlass org/fusesource/jansi/io/AnsiOutputStream$ZeroWidthSupplier
instanceKlass jdk/internal/jimage/NativeImageBuffer$1
instanceKlass jdk/internal/jimage/NativeImageBuffer
instanceKlass jdk/internal/jimage/BasicImageReader$1
instanceKlass jdk/internal/jimage/BasicImageReader
instanceKlass jdk/internal/jimage/ImageReader
instanceKlass jdk/internal/jimage/ImageReaderFactory$1
instanceKlass jdk/internal/loader/NativeLibraries$Unloader
instanceKlass jdk/internal/jimage/ImageReaderFactory
instanceKlass jdk/internal/module/SystemModuleFinders$SystemImage
instanceKlass jdk/internal/module/SystemModuleFinders$SystemModuleReader
instanceKlass java/lang/module/ModuleReader
instanceKlass jdk/internal/loader/BuiltinClassLoader$5
instanceKlass jdk/internal/loader/BuiltinClassLoader$2
instanceKlass jdk/internal/module/Resources
instanceKlass org/fusesource/jansi/internal/JansiLoader$1
instanceKlass org/fusesource/jansi/internal/OSInfo
instanceKlass  @bci org/fusesource/jansi/internal/JansiLoader initialize ()Z 10 <appendix> argL0 ; # org/fusesource/jansi/internal/JansiLoader$$Lambda+0x00000203d200c3f0
instanceKlass org/fusesource/jansi/internal/JansiLoader
instanceKlass org/fusesource/jansi/internal/CLibrary
instanceKlass java/lang/ProcessEnvironment$CheckedEntry
instanceKlass java/lang/ProcessEnvironment$CheckedEntrySet$1
instanceKlass java/lang/ProcessEnvironment$EntryComparator
instanceKlass java/lang/ProcessEnvironment$NameComparator
instanceKlass org/fusesource/jansi/io/AnsiProcessor
instanceKlass org/fusesource/jansi/io/AnsiOutputStream$WidthSupplier
instanceKlass org/fusesource/jansi/AnsiConsole
instanceKlass  @bci org/fusesource/jansi/Ansi <clinit> ()V 27 <appendix> argL0 ; # org/fusesource/jansi/Ansi$$Lambda+0x00000203d200ac58
instanceKlass java/util/concurrent/Callable
instanceKlass org/fusesource/jansi/Ansi
instanceKlass org/apache/maven/shared/utils/logging/LoggerLevelRenderer
instanceKlass org/apache/maven/shared/utils/logging/MessageBuilder
instanceKlass org/apache/maven/shared/utils/logging/MessageUtils
instanceKlass  @bci jdk/internal/reflect/DirectMethodHandleAccessor invokeImpl (Ljava/lang/Object;[Ljava/lang/Object;)Ljava/lang/Object; 72 <adapter> ; # java/lang/invoke/LambdaForm$MH+0x00000203d2009800
# instanceKlass java/lang/invoke/LambdaForm$MH+0x00000203d2009400
# instanceKlass java/lang/invoke/LambdaForm$MH+0x00000203d2009000
# instanceKlass java/lang/invoke/LambdaForm$MH+0x00000203d2008c00
instanceKlass  @bci sun/security/ec/ParametersMap get (Ljava/util/function/Function;Ljava/security/spec/AlgorithmParameterSpec;)Ljava/lang/Object; 29 <appendix> form vmentry <vmtarget> ; # java/lang/invoke/LambdaForm$MH+0x00000203d2008800
instanceKlass sun/invoke/util/ValueConversions$WrapperCache
# instanceKlass java/lang/invoke/LambdaForm$MH+0x00000203d2008400
instanceKlass  @cpi com/sun/tools/javac/code/Types$DescriptorCache 349 form vmentry <vmtarget> ; # java/lang/invoke/LambdaForm$DMH+0x00000203d2008000
instanceKlass sun/invoke/util/VerifyAccess$1
instanceKlass jdk/internal/reflect/MethodHandleAccessorFactory$LazyStaticHolder
instanceKlass  @bci java/util/regex/Pattern negate (Ljava/util/regex/Pattern$CharPredicate;)Ljava/util/regex/Pattern$CharPredicate; 1 <appendix> member <vmtarget> ; # java/util/regex/Pattern$$Lambda+0x800000032
instanceKlass  @bci java/util/regex/Pattern Range (II)Ljava/util/regex/Pattern$CharPredicate; 23 <appendix> member <vmtarget> ; # java/util/regex/Pattern$$Lambda+0x80000002b
instanceKlass  @bci java/util/regex/Pattern union (Ljava/util/regex/Pattern$CharPredicate;Ljava/util/regex/Pattern$CharPredicate;Z)Ljava/util/regex/Pattern$CharPredicate; 6 <appendix> member <vmtarget> ; # java/util/regex/Pattern$$Lambda+0x800000033
instanceKlass  @bci java/util/regex/CharPredicates ASCII_DIGIT ()Ljava/util/regex/Pattern$BmpCharPredicate; 0 <appendix> argL0 ; # java/util/regex/CharPredicates$$Lambda+0x800000026
instanceKlass java/util/regex/CharPredicates
instanceKlass java/util/regex/Pattern$BitClass
instanceKlass java/util/regex/Pattern$TreeInfo
instanceKlass  @bci java/util/regex/Pattern Single (I)Ljava/util/regex/Pattern$BmpCharPredicate; 1 <appendix> member <vmtarget> ; # java/util/regex/Pattern$$Lambda+0x80000002a
instanceKlass java/util/regex/Pattern$BmpCharPredicate
instanceKlass java/util/regex/Pattern$CharPredicate
instanceKlass java/util/regex/Pattern$Node
instanceKlass java/util/regex/Pattern
instanceKlass org/apache/maven/cli/CliRequest
instanceKlass org/slf4j/Logger
instanceKlass org/codehaus/plexus/logging/LoggerManager
instanceKlass org/apache/maven/toolchain/building/ToolchainsBuildingRequest
instanceKlass org/apache/maven/building/Source
instanceKlass org/codehaus/plexus/interpolation/ValueSource
instanceKlass org/apache/maven/execution/ExecutionListener
instanceKlass org/eclipse/aether/transfer/TransferListener
instanceKlass org/apache/maven/eventspy/EventSpy$Context
instanceKlass org/codehaus/plexus/PlexusContainer
instanceKlass org/apache/maven/exception/ExceptionHandler
instanceKlass org/eclipse/aether/RepositoryCache
instanceKlass org/apache/maven/cli/MavenCli
instanceKlass  @bci java/io/FilePermissionCollection add (Ljava/security/Permission;)V 68 <appendix> argL0 ; # java/io/FilePermissionCollection$$Lambda+0x00000203d204ba28
instanceKlass java/security/Security$1
instanceKlass jdk/internal/access/JavaSecurityPropertiesAccess
instanceKlass java/util/concurrent/ConcurrentHashMap$MapEntry
instanceKlass java/io/FileInputStream$1
instanceKlass java/util/Properties$LineReader
instanceKlass  @bci java/security/Security <clinit> ()V 9 <appendix> argL0 ; # java/security/Security$$Lambda+0x80000000b
instanceKlass java/security/Security
instanceKlass sun/security/util/SecurityProperties
instanceKlass sun/security/util/FilePermCompat
instanceKlass java/io/FilePermission$1
instanceKlass jdk/internal/access/JavaIOFilePermissionAccess
instanceKlass sun/net/www/MessageHeader
instanceKlass java/net/URLConnection
instanceKlass java/util/TreeMap$Entry
instanceKlass java/io/RandomAccessFile$1
instanceKlass java/net/URLClassLoader$1
instanceKlass java/util/TreeMap$PrivateEntryIterator
instanceKlass java/util/TimSort
instanceKlass java/util/Arrays$LegacyMergeSort
instanceKlass  @bci org/apache/commons/compress/archivers/zip/ExtraFieldUtils <clinit> ()V 16 <appendix> form vmentry <vmtarget> ; # java/lang/invoke/LambdaForm$MH+0x00000203d2004800
instanceKlass java/lang/invoke/LambdaFormBuffer
instanceKlass java/lang/invoke/LambdaFormEditor$TransformKey
instanceKlass java/lang/invoke/LambdaFormEditor
instanceKlass java/lang/invoke/DelegatingMethodHandle$Holder
instanceKlass java/lang/invoke/DirectMethodHandle$2
instanceKlass java/lang/invoke/ClassSpecializer$Factory
instanceKlass java/lang/invoke/ClassSpecializer$SpeciesData
instanceKlass java/lang/invoke/ClassSpecializer$1
instanceKlass java/lang/invoke/ClassSpecializer
instanceKlass  @bci org/codehaus/plexus/classworlds/launcher/Configurator associateRealms ()V 18 <appendix> argL0 ; # org/codehaus/plexus/classworlds/launcher/Configurator$$Lambda+0x00000203d2002ef0
instanceKlass  @cpi com/sun/tools/javac/code/Symtab 1376 form vmentry <vmtarget> ; # java/lang/invoke/LambdaForm$DMH+0x00000203d2004400
instanceKlass  @bci org/codehaus/plexus/classworlds/launcher/ConfigurationParser loadGlob (Ljava/lang/String;Z)V 83 <appendix> member <vmtarget> ; # org/codehaus/plexus/classworlds/launcher/ConfigurationParser$$Lambda+0x00000203d2002cd8
instanceKlass java/lang/invoke/LambdaProxyClassArchive
instanceKlass java/lang/invoke/InfoFromMemberName
instanceKlass java/lang/invoke/MethodHandleInfo
instanceKlass jdk/internal/org/objectweb/asm/ConstantDynamic
instanceKlass jdk/internal/org/objectweb/asm/Handle
instanceKlass sun/security/action/GetBooleanAction
instanceKlass java/lang/invoke/AbstractValidatingLambdaMetafactory
instanceKlass java/lang/invoke/MethodHandleImpl$1
instanceKlass jdk/internal/access/JavaLangInvokeAccess
instanceKlass java/lang/invoke/Invokers$Holder
instanceKlass java/lang/invoke/BootstrapMethodInvoker
instanceKlass  @cpi org/codehaus/plexus/classworlds/launcher/ConfigurationParser 340 form vmentry <vmtarget> ; # java/lang/invoke/LambdaForm$DMH+0x00000203d2004000
instanceKlass java/lang/invoke/MethodHandles$Lookup$ClassDefiner
instanceKlass java/lang/invoke/MethodHandles$Lookup$ClassFile
instanceKlass jdk/internal/org/objectweb/asm/Handler
instanceKlass jdk/internal/org/objectweb/asm/Attribute
instanceKlass jdk/internal/org/objectweb/asm/FieldVisitor
instanceKlass sun/invoke/empty/Empty
instanceKlass sun/invoke/util/VerifyType
instanceKlass java/lang/invoke/InvokerBytecodeGenerator$ClassData
instanceKlass jdk/internal/org/objectweb/asm/AnnotationVisitor
instanceKlass jdk/internal/org/objectweb/asm/Frame
instanceKlass jdk/internal/org/objectweb/asm/Label
instanceKlass jdk/internal/org/objectweb/asm/Type
instanceKlass jdk/internal/org/objectweb/asm/MethodVisitor
instanceKlass sun/invoke/util/BytecodeDescriptor
instanceKlass jdk/internal/org/objectweb/asm/ByteVector
instanceKlass jdk/internal/org/objectweb/asm/Symbol
instanceKlass jdk/internal/org/objectweb/asm/SymbolTable
instanceKlass jdk/internal/org/objectweb/asm/ClassVisitor
instanceKlass java/io/FilenameFilter
instanceKlass java/lang/invoke/InvokerBytecodeGenerator$1
instanceKlass java/lang/invoke/InvokerBytecodeGenerator
instanceKlass java/lang/invoke/LambdaForm$Holder
instanceKlass java/lang/invoke/LambdaForm$Name
instanceKlass java/lang/invoke/Invokers
instanceKlass java/lang/invoke/MethodHandleImpl
instanceKlass sun/invoke/util/ValueConversions
instanceKlass java/lang/invoke/DirectMethodHandle$Holder
instanceKlass java/lang/invoke/LambdaForm$NamedFunction
instanceKlass sun/invoke/util/Wrapper$Format
instanceKlass java/lang/invoke/MethodTypeForm
instanceKlass java/lang/invoke/MethodType$ConcurrentWeakInternSet
instanceKlass java/lang/invoke/LambdaMetafactory
instanceKlass java/util/ArrayList$Itr
instanceKlass org/codehaus/plexus/classworlds/strategy/AbstractStrategy
instanceKlass org/codehaus/plexus/classworlds/strategy/Strategy
instanceKlass org/codehaus/plexus/classworlds/strategy/StrategyFactory
instanceKlass java/util/NavigableMap
instanceKlass java/util/SortedMap
instanceKlass java/util/NavigableSet
instanceKlass java/util/SortedSet
instanceKlass java/util/SequencedSet
instanceKlass sun/nio/ch/IOStatus
instanceKlass sun/nio/ch/Util$BufferCache
instanceKlass sun/nio/ch/Util
instanceKlass sun/nio/ch/NativeThread
instanceKlass java/nio/charset/CoderResult
instanceKlass java/io/Reader
instanceKlass java/lang/Readable
instanceKlass org/codehaus/plexus/classworlds/launcher/ConfigurationParser
instanceKlass org/codehaus/plexus/classworlds/launcher/Configurator
instanceKlass org/codehaus/plexus/classworlds/launcher/ConfigurationHandler
instanceKlass java/nio/channels/NetworkChannel
instanceKlass sun/nio/ch/SelChImpl
instanceKlass sun/nio/ch/Streams
instanceKlass java/nio/channels/Channels
instanceKlass sun/nio/ch/FileChannelImpl$Closer
instanceKlass sun/nio/ch/NativeThreadSet
instanceKlass sun/nio/ch/IOUtil
instanceKlass sun/nio/ch/NativeDispatcher
instanceKlass java/nio/channels/spi/AbstractInterruptibleChannel
instanceKlass java/nio/channels/InterruptibleChannel
instanceKlass java/nio/channels/ScatteringByteChannel
instanceKlass java/nio/channels/GatheringByteChannel
instanceKlass java/nio/channels/SeekableByteChannel
instanceKlass java/nio/channels/ByteChannel
instanceKlass java/nio/channels/WritableByteChannel
instanceKlass java/nio/channels/ReadableByteChannel
instanceKlass java/nio/channels/Channel
instanceKlass java/util/Collections$EmptyIterator
instanceKlass sun/nio/fs/WindowsChannelFactory$Flags
instanceKlass sun/nio/fs/WindowsChannelFactory$1
instanceKlass sun/nio/fs/WindowsChannelFactory
instanceKlass sun/nio/fs/WindowsSecurityDescriptor
instanceKlass java/nio/file/attribute/FileAttribute
instanceKlass java/net/URI$Parser
instanceKlass java/nio/file/FileSystems$DefaultFileSystemHolder$1
instanceKlass java/nio/file/FileSystems$DefaultFileSystemHolder
instanceKlass java/nio/file/FileSystems
instanceKlass java/nio/file/Paths
instanceKlass java/lang/Void
instanceKlass java/lang/PublicMethods$Key
instanceKlass java/lang/PublicMethods$MethodList
instanceKlass org/codehaus/plexus/classworlds/ClassWorld
instanceKlass jdk/internal/misc/PreviewFeatures
instanceKlass jdk/internal/misc/MainMethodFinder
instanceKlass org/codehaus/plexus/classworlds/launcher/Launcher
instanceKlass java/security/SecureClassLoader$DebugHolder
instanceKlass java/security/Permission
instanceKlass java/security/Guard
instanceKlass java/security/PermissionCollection
instanceKlass java/security/SecureClassLoader$1
instanceKlass java/util/zip/Checksum$1
instanceKlass java/util/zip/CRC32
instanceKlass java/util/zip/Checksum
instanceKlass sun/nio/ByteBuffered
instanceKlass java/lang/Package$VersionInfo
instanceKlass java/lang/NamedPackage
instanceKlass java/lang/reflect/Array
instanceKlass java/util/jar/Attributes$Name
instanceKlass java/util/SequencedMap
instanceKlass java/util/jar/Attributes
instanceKlass jdk/internal/loader/Resource
instanceKlass sun/security/action/GetIntegerAction
instanceKlass sun/security/util/Debug
instanceKlass sun/security/util/SignatureFileVerifier
instanceKlass java/util/zip/ZipFile$InflaterCleanupAction
instanceKlass java/util/zip/Inflater$InflaterZStreamRef
instanceKlass java/util/zip/Inflater
instanceKlass java/util/zip/ZipEntry
instanceKlass java/util/zip/ZipFile$2
instanceKlass java/nio/Bits$1
instanceKlass jdk/internal/misc/VM$BufferPool
instanceKlass java/nio/Bits
instanceKlass sun/nio/ch/DirectBuffer
instanceKlass jdk/internal/perf/PerfCounter$CoreCounters
instanceKlass jdk/internal/perf/Perf
instanceKlass jdk/internal/perf/Perf$GetPerfAction
instanceKlass jdk/internal/perf/PerfCounter
instanceKlass sun/util/locale/LocaleObjectCache
instanceKlass sun/util/locale/BaseLocale$Key
instanceKlass sun/util/locale/LocaleUtils
instanceKlass sun/util/locale/BaseLocale
instanceKlass java/util/Locale
instanceKlass java/nio/file/attribute/FileTime
instanceKlass java/util/zip/ZipUtils
instanceKlass java/util/zip/ZipFile$Source$End
instanceKlass java/io/RandomAccessFile$2
instanceKlass jdk/internal/access/JavaIORandomAccessFileAccess
instanceKlass java/io/RandomAccessFile
instanceKlass java/io/DataInput
instanceKlass java/io/DataOutput
instanceKlass sun/nio/fs/WindowsNativeDispatcher$CompletionStatus
instanceKlass sun/nio/fs/WindowsNativeDispatcher$AclInformation
instanceKlass sun/nio/fs/WindowsNativeDispatcher$Account
instanceKlass sun/nio/fs/WindowsNativeDispatcher$DiskFreeSpace
instanceKlass sun/nio/fs/WindowsNativeDispatcher$VolumeInformation
instanceKlass sun/nio/fs/WindowsNativeDispatcher$FirstStream
instanceKlass sun/nio/fs/WindowsNativeDispatcher$FirstFile
instanceKlass java/util/Enumeration
instanceKlass java/util/concurrent/ConcurrentHashMap$Traverser
instanceKlass jdk/internal/loader/NativeLibraries$3
instanceKlass jdk/internal/loader/NativeLibrary
instanceKlass java/util/ArrayDeque$DeqIterator
instanceKlass jdk/internal/loader/NativeLibraries$NativeLibraryContext$1
instanceKlass jdk/internal/loader/NativeLibraries$NativeLibraryContext
instanceKlass jdk/internal/loader/NativeLibraries$2
instanceKlass jdk/internal/loader/NativeLibraries$1
instanceKlass jdk/internal/loader/NativeLibraries$LibraryPaths
instanceKlass sun/nio/fs/WindowsNativeDispatcher
instanceKlass sun/nio/fs/NativeBuffer$Deallocator
instanceKlass sun/nio/fs/NativeBuffer
instanceKlass java/lang/ThreadLocal$ThreadLocalMap
instanceKlass java/lang/ThreadLocal
instanceKlass sun/nio/fs/NativeBuffers
instanceKlass sun/nio/fs/WindowsFileAttributes
instanceKlass java/nio/file/attribute/DosFileAttributes
instanceKlass sun/nio/fs/AbstractBasicFileAttributeView
instanceKlass sun/nio/fs/DynamicFileAttributeView
instanceKlass sun/nio/fs/WindowsFileAttributeViews
instanceKlass sun/nio/fs/Util
instanceKlass java/nio/file/attribute/BasicFileAttributeView
instanceKlass java/nio/file/attribute/FileAttributeView
instanceKlass java/nio/file/attribute/AttributeView
instanceKlass java/nio/file/Files
instanceKlass java/nio/file/CopyOption
instanceKlass java/nio/file/attribute/BasicFileAttributes
instanceKlass sun/nio/fs/WindowsPath
instanceKlass java/nio/file/Path
instanceKlass java/nio/file/Watchable
instanceKlass java/util/zip/ZipFile$Source$Key
instanceKlass java/util/concurrent/ForkJoinPool$ManagedBlocker
instanceKlass sun/nio/fs/WindowsPathParser$Result
instanceKlass java/util/concurrent/locks/AbstractQueuedSynchronizer$Node
instanceKlass sun/nio/fs/WindowsPathParser
instanceKlass java/nio/file/FileSystem
instanceKlass java/nio/file/OpenOption
instanceKlass java/nio/file/spi/FileSystemProvider
instanceKlass sun/nio/fs/DefaultFileSystemProvider
instanceKlass java/util/zip/ZipFile$Source
instanceKlass java/lang/ref/Cleaner$Cleanable
instanceKlass jdk/internal/ref/CleanerImpl
instanceKlass java/lang/ref/Cleaner$1
instanceKlass java/lang/ref/Cleaner
instanceKlass jdk/internal/ref/CleanerFactory$1
instanceKlass java/util/concurrent/ThreadFactory
instanceKlass jdk/internal/ref/CleanerFactory
instanceKlass java/util/zip/ZipCoder
instanceKlass java/util/zip/ZipFile$CleanableResource
instanceKlass java/lang/Runtime$Version
instanceKlass java/util/jar/JavaUtilJarAccessImpl
instanceKlass jdk/internal/access/JavaUtilJarAccess
instanceKlass jdk/internal/loader/FileURLMapper
instanceKlass jdk/internal/loader/URLClassPath$JarLoader$1
instanceKlass java/util/zip/ZipFile$1
instanceKlass jdk/internal/access/JavaUtilZipFileAccess
instanceKlass java/util/zip/ZipFile
instanceKlass java/util/zip/ZipConstants
instanceKlass jdk/internal/loader/URLClassPath$Loader
instanceKlass jdk/internal/loader/URLClassPath$3
instanceKlass java/security/PrivilegedExceptionAction
instanceKlass sun/net/util/URLUtil
instanceKlass java/lang/StringCoding
instanceKlass sun/nio/cs/ArrayDecoder
instanceKlass java/nio/charset/CharsetDecoder
instanceKlass sun/launcher/LauncherHelper
instanceKlass jdk/internal/vm/PostVMInitHook$1
instanceKlass jdk/internal/util/EnvUtils
instanceKlass jdk/internal/vm/PostVMInitHook$2
instanceKlass jdk/internal/vm/PostVMInitHook
instanceKlass java/lang/invoke/StringConcatFactory
instanceKlass java/lang/ModuleLayer$Controller
instanceKlass java/util/concurrent/CopyOnWriteArrayList
instanceKlass jdk/internal/module/ServicesCatalog$ServiceProvider
instanceKlass jdk/internal/loader/AbstractClassLoaderValue$Memoizer
instanceKlass java/util/ImmutableCollections$ListItr
instanceKlass java/util/ListIterator
instanceKlass java/lang/ModuleLayer
instanceKlass jdk/internal/module/ModuleLoaderMap$Modules
instanceKlass jdk/internal/module/ModuleLoaderMap$Mapper
instanceKlass jdk/internal/module/ModuleLoaderMap
instanceKlass java/util/AbstractMap$1$1
instanceKlass java/lang/module/ResolvedModule
instanceKlass java/lang/module/Configuration
instanceKlass jdk/internal/loader/BuiltinClassLoader$LoadedModule
instanceKlass jdk/internal/loader/AbstractClassLoaderValue
instanceKlass jdk/internal/module/ServicesCatalog
instanceKlass java/util/Deque
instanceKlass java/util/Queue
instanceKlass sun/net/util/IPAddressUtil$MASKS
instanceKlass sun/net/util/IPAddressUtil
instanceKlass java/net/URLStreamHandler
instanceKlass sun/net/www/ParseUtil
instanceKlass java/net/URL$3
instanceKlass jdk/internal/access/JavaNetURLAccess
instanceKlass java/net/URL$DefaultFactory
instanceKlass java/net/URLStreamHandlerFactory
instanceKlass jdk/internal/loader/URLClassPath
instanceKlass java/security/Principal
instanceKlass java/security/ProtectionDomain$Key
instanceKlass java/security/ProtectionDomain$JavaSecurityAccessImpl
instanceKlass jdk/internal/access/JavaSecurityAccess
instanceKlass java/lang/ClassLoader$ParallelLoaders
instanceKlass java/security/cert/Certificate
instanceKlass jdk/internal/loader/ArchivedClassLoaders
instanceKlass java/util/concurrent/ConcurrentHashMap$CollectionView
instanceKlass jdk/internal/loader/ClassLoaderHelper
instanceKlass jdk/internal/loader/NativeLibraries
instanceKlass java/lang/Module$EnableNativeAccess
instanceKlass jdk/internal/loader/BootLoader
instanceKlass java/util/Optional
instanceKlass jdk/internal/module/SystemModuleFinders$SystemModuleFinder
instanceKlass java/lang/module/ModuleFinder
instanceKlass jdk/internal/module/SystemModuleFinders$3
instanceKlass jdk/internal/module/ModuleHashes$HashSupplier
instanceKlass jdk/internal/module/SystemModuleFinders$2
instanceKlass java/util/function/Supplier
instanceKlass java/lang/module/ModuleReference
instanceKlass jdk/internal/module/ModuleResolution
instanceKlass java/util/Collections$UnmodifiableMap
instanceKlass jdk/internal/module/ModuleHashes$Builder
instanceKlass jdk/internal/module/ModuleHashes
instanceKlass jdk/internal/module/ModuleTarget
instanceKlass java/util/ImmutableCollections$Set12$1
instanceKlass java/lang/reflect/AccessFlag$18
instanceKlass java/lang/reflect/AccessFlag$17
instanceKlass java/lang/reflect/AccessFlag$16
instanceKlass java/lang/reflect/AccessFlag$15
instanceKlass java/lang/reflect/AccessFlag$14
instanceKlass java/lang/reflect/AccessFlag$13
instanceKlass java/lang/reflect/AccessFlag$12
instanceKlass java/lang/reflect/AccessFlag$11
instanceKlass java/lang/reflect/AccessFlag$10
instanceKlass java/lang/reflect/AccessFlag$9
instanceKlass java/lang/reflect/AccessFlag$8
instanceKlass java/lang/reflect/AccessFlag$7
instanceKlass java/lang/reflect/AccessFlag$6
instanceKlass java/lang/reflect/AccessFlag$5
instanceKlass java/lang/reflect/AccessFlag$4
instanceKlass java/lang/reflect/AccessFlag$3
instanceKlass java/lang/reflect/AccessFlag$2
instanceKlass java/lang/reflect/AccessFlag$1
instanceKlass java/lang/module/ModuleDescriptor$Version
instanceKlass java/lang/module/ModuleDescriptor$Provides
instanceKlass java/lang/module/ModuleDescriptor$Opens
instanceKlass java/util/ImmutableCollections$SetN$SetNIterator
instanceKlass java/lang/module/ModuleDescriptor$Exports
instanceKlass java/lang/module/ModuleDescriptor$Requires
instanceKlass jdk/internal/module/Builder
instanceKlass jdk/internal/module/SystemModules$default
instanceKlass jdk/internal/module/SystemModules
instanceKlass jdk/internal/module/SystemModulesMap
instanceKlass java/net/URI$1
instanceKlass jdk/internal/access/JavaNetUriAccess
instanceKlass java/net/URI
instanceKlass jdk/internal/module/SystemModuleFinders
instanceKlass jdk/internal/module/ArchivedModuleGraph
instanceKlass jdk/internal/module/ArchivedBootLayer
instanceKlass jdk/internal/module/ModuleBootstrap$Counters
instanceKlass jdk/internal/module/ModulePatcher
instanceKlass java/io/FileSystem
instanceKlass java/io/DefaultFileSystem
instanceKlass java/io/File
instanceKlass java/lang/module/ModuleDescriptor$1
instanceKlass jdk/internal/access/JavaLangModuleAccess
instanceKlass sun/invoke/util/VerifyAccess
instanceKlass java/util/KeyValueHolder
instanceKlass java/util/ImmutableCollections$MapN$MapNIterator
instanceKlass java/lang/StrictMath
instanceKlass java/lang/invoke/MethodHandles$Lookup
instanceKlass java/lang/invoke/MemberName$Factory
instanceKlass java/lang/invoke/MethodHandles
instanceKlass java/lang/module/ModuleDescriptor
instanceKlass jdk/internal/module/ModuleBootstrap
instanceKlass java/lang/Character$CharacterCache
instanceKlass java/util/HexFormat
instanceKlass jdk/internal/util/ClassFileDumper
instanceKlass sun/security/action/GetPropertyAction
instanceKlass java/lang/invoke/MethodHandleStatics
instanceKlass jdk/internal/misc/Blocker
instanceKlass java/util/concurrent/locks/AbstractQueuedSynchronizer$ConditionObject
instanceKlass java/util/concurrent/locks/Condition
instanceKlass java/util/Collections
instanceKlass java/lang/Thread$ThreadIdentifiers
instanceKlass sun/io/Win32ErrorMode
instanceKlass jdk/internal/misc/OSEnvironment
instanceKlass java/lang/Integer$IntegerCache
instanceKlass jdk/internal/misc/Signal$NativeHandler
instanceKlass java/util/Hashtable$Entry
instanceKlass jdk/internal/misc/Signal
instanceKlass java/lang/Terminator$1
instanceKlass jdk/internal/misc/Signal$Handler
instanceKlass java/lang/Terminator
instanceKlass java/nio/ByteOrder
instanceKlass java/nio/Buffer$2
instanceKlass jdk/internal/access/JavaNioAccess
instanceKlass java/nio/Buffer$1
instanceKlass jdk/internal/misc/ScopedMemoryAccess
instanceKlass java/nio/charset/CodingErrorAction
instanceKlass sun/nio/cs/SingleByte
instanceKlass java/lang/StringUTF16
instanceKlass sun/nio/cs/MS1252$Holder
instanceKlass sun/nio/cs/ArrayEncoder
instanceKlass java/nio/charset/CharsetEncoder
instanceKlass java/io/Writer
instanceKlass java/io/PrintStream$1
instanceKlass jdk/internal/access/JavaIOPrintStreamAccess
instanceKlass jdk/internal/misc/InternalLock
instanceKlass java/io/OutputStream
instanceKlass java/io/Flushable
instanceKlass java/io/FileDescriptor$1
instanceKlass jdk/internal/access/JavaIOFileDescriptorAccess
instanceKlass java/io/FileDescriptor
instanceKlass jdk/internal/util/StaticProperty
instanceKlass jdk/internal/reflect/MethodHandleAccessorFactory
instanceKlass java/lang/reflect/Modifier
instanceKlass java/lang/Class$1
instanceKlass java/lang/Class$Atomic
instanceKlass java/lang/Class$ReflectionData
instanceKlass java/nio/charset/StandardCharsets
instanceKlass sun/nio/cs/HistoricallyNamedCharset
instanceKlass java/nio/charset/spi/CharsetProvider
instanceKlass java/nio/charset/Charset
instanceKlass java/util/HashMap$HashIterator
instanceKlass java/util/concurrent/locks/LockSupport
instanceKlass java/util/concurrent/ConcurrentHashMap$Node
instanceKlass java/util/concurrent/ConcurrentHashMap$CounterCell
instanceKlass java/util/concurrent/locks/ReentrantLock
instanceKlass java/util/concurrent/locks/Lock
instanceKlass java/lang/CharacterData
instanceKlass java/util/Arrays
instanceKlass jdk/internal/util/Preconditions$3
instanceKlass jdk/internal/util/Preconditions$2
instanceKlass jdk/internal/util/Preconditions$4
instanceKlass java/util/function/BiFunction
instanceKlass jdk/internal/util/Preconditions$1
instanceKlass java/util/function/Function
instanceKlass jdk/internal/util/Preconditions
instanceKlass java/lang/Runtime
instanceKlass java/lang/VersionProps
instanceKlass java/lang/StringConcatHelper
instanceKlass java/util/HashMap$Node
instanceKlass java/util/Map$Entry
instanceKlass jdk/internal/util/ArraysSupport
instanceKlass jdk/internal/util/SystemProps$Raw
instanceKlass jdk/internal/util/SystemProps
instanceKlass java/lang/System$2
instanceKlass jdk/internal/access/JavaLangAccess
instanceKlass java/lang/ref/NativeReferenceQueue$Lock
instanceKlass java/lang/ref/ReferenceQueue
instanceKlass java/lang/ref/Reference$1
instanceKlass jdk/internal/access/JavaLangRefAccess
instanceKlass jdk/internal/reflect/ReflectionFactory
instanceKlass java/lang/Math
instanceKlass java/lang/StringLatin1
instanceKlass jdk/internal/reflect/Reflection
instanceKlass jdk/internal/reflect/ReflectionFactory$GetReflectionFactoryAction
instanceKlass java/security/PrivilegedAction
instanceKlass jdk/internal/access/SharedSecrets
instanceKlass java/lang/reflect/ReflectAccess
instanceKlass jdk/internal/access/JavaLangReflectAccess
instanceKlass java/util/ImmutableCollections
instanceKlass java/util/Objects
instanceKlass java/util/Set
instanceKlass jdk/internal/misc/CDS
instanceKlass java/lang/Module$ArchivedData
instanceKlass jdk/internal/misc/VM
instanceKlass java/lang/String$CaseInsensitiveComparator
instanceKlass java/util/Comparator
instanceKlass java/io/ObjectStreamField
instanceKlass jdk/internal/vm/FillerObject
instanceKlass jdk/internal/vm/vector/VectorSupport$VectorPayload
instanceKlass jdk/internal/vm/vector/VectorSupport
instanceKlass java/lang/reflect/RecordComponent
instanceKlass java/util/Iterator
instanceKlass java/lang/Number
instanceKlass java/lang/Character
instanceKlass java/lang/Boolean
instanceKlass java/util/concurrent/locks/AbstractOwnableSynchronizer
instanceKlass java/lang/LiveStackFrame
instanceKlass java/lang/StackFrameInfo
instanceKlass java/lang/StackWalker$StackFrame
instanceKlass java/lang/StackStreamFactory$AbstractStackWalker
instanceKlass java/lang/StackWalker
instanceKlass java/nio/Buffer
instanceKlass java/lang/StackTraceElement
instanceKlass java/util/RandomAccess
instanceKlass java/util/List
instanceKlass java/util/SequencedCollection
instanceKlass java/util/AbstractCollection
instanceKlass java/util/Collection
instanceKlass java/lang/Iterable
instanceKlass java/util/concurrent/ConcurrentMap
instanceKlass java/util/AbstractMap
instanceKlass java/security/CodeSource
instanceKlass jdk/internal/loader/ClassLoaders
instanceKlass java/util/jar/Manifest
instanceKlass java/lang/Enum
instanceKlass java/net/URL
instanceKlass java/io/InputStream
instanceKlass java/io/Closeable
instanceKlass java/lang/AutoCloseable
instanceKlass jdk/internal/module/Modules
instanceKlass jdk/internal/misc/Unsafe
instanceKlass jdk/internal/misc/UnsafeConstants
instanceKlass java/lang/AbstractStringBuilder
instanceKlass java/lang/Appendable
instanceKlass java/lang/AssertionStatusDirectives
instanceKlass java/lang/invoke/MethodHandleNatives$CallSiteContext
instanceKlass jdk/internal/foreign/abi/ABIDescriptor
instanceKlass jdk/internal/foreign/abi/NativeEntryPoint
instanceKlass java/lang/invoke/CallSite
instanceKlass java/lang/invoke/MethodType
instanceKlass java/lang/invoke/TypeDescriptor$OfMethod
instanceKlass java/lang/invoke/LambdaForm
instanceKlass java/lang/invoke/MethodHandleNatives
instanceKlass java/lang/invoke/ResolvedMethodName
instanceKlass java/lang/invoke/MemberName
instanceKlass java/lang/invoke/VarHandle
instanceKlass java/lang/invoke/MethodHandle
instanceKlass jdk/internal/reflect/CallerSensitive
instanceKlass java/lang/annotation/Annotation
instanceKlass jdk/internal/reflect/FieldAccessor
instanceKlass jdk/internal/reflect/ConstantPool
instanceKlass jdk/internal/reflect/ConstructorAccessor
instanceKlass jdk/internal/reflect/MethodAccessor
instanceKlass jdk/internal/reflect/MagicAccessorImpl
instanceKlass jdk/internal/vm/StackChunk
instanceKlass jdk/internal/vm/Continuation
instanceKlass jdk/internal/vm/ContinuationScope
instanceKlass java/lang/reflect/Parameter
instanceKlass java/lang/reflect/Member
instanceKlass java/lang/reflect/AccessibleObject
instanceKlass java/lang/Module
instanceKlass java/util/Map
instanceKlass java/util/Dictionary
instanceKlass java/lang/ThreadGroup
instanceKlass java/lang/Thread$UncaughtExceptionHandler
instanceKlass java/lang/Thread$Constants
instanceKlass java/lang/Thread$FieldHolder
instanceKlass java/lang/Thread
instanceKlass java/lang/Runnable
instanceKlass java/lang/ref/Reference
instanceKlass java/lang/Record
instanceKlass java/security/AccessController
instanceKlass java/security/AccessControlContext
instanceKlass java/security/ProtectionDomain
instanceKlass java/lang/SecurityManager
instanceKlass java/lang/Throwable
instanceKlass java/lang/System
instanceKlass java/lang/ClassLoader
instanceKlass java/lang/Cloneable
instanceKlass java/lang/Class
instanceKlass java/lang/invoke/TypeDescriptor$OfField
instanceKlass java/lang/invoke/TypeDescriptor
instanceKlass java/lang/reflect/Type
instanceKlass java/lang/reflect/GenericDeclaration
instanceKlass java/lang/reflect/AnnotatedElement
instanceKlass java/lang/String
instanceKlass java/lang/constant/ConstantDesc
instanceKlass java/lang/constant/Constable
instanceKlass java/lang/CharSequence
instanceKlass java/lang/Comparable
instanceKlass java/io/Serializable
ciInstanceKlass java/lang/Object 1 1 124 7 1 10 12 1 1 10 7 12 1 1 1 10 7 12 1 1 1 10 12 1 1 8 1 10 12 1 1 10 7 12 1 1 1 10 12 1 10 12 1 1 10 7 12 1 1 1 10 12 1 10 12 1 7 1 10 7 12 1 1 1 10 12 1 1 10 12 1 100 1 8 1 10 12 1 3 8 1 7 1 5 0 1 1 1 1 1 1 1 1 1 1 1 1 1 1 1 1 7 1 1 1 1 1 1 1 1 1 1 7 1 1 1 1 1 1 1 1 1 1 3 1 1
ciMethod java/lang/Object clone ()Ljava/lang/Object; 256 0 128 0 -1
ciInstanceKlass java/io/Serializable 1 0 7 100 1 100 1 1 1
ciInstanceKlass java/lang/System 1 1 834 10 7 12 1 1 1 9 7 12 1 1 1 10 12 1 10 12 1 1 10 12 1 1 10 12 1 9 12 1 1 10 7 12 1 1 1 11 100 12 1 1 1 10 100 12 1 1 1 10 12 1 1 10 12 1 1 100 1 8 1 10 12 1 10 7 12 1 1 1 10 7 12 1 1 1 18 12 1 1 10 7 12 1 1 1 7 1 10 12 1 1 10 7 12 1 1 1 10 12 1 10 7 12 1 1 1 9 100 12 1 1 1 10 7 12 1 1 1 11 7 12 1 1 1 10 12 1 1 10 7 12 1 1 1 7 1 10 10 12 1 1 8 1 10 12 1 8 1 10 12 1 9 12 1 1 8 1 10 7 12 1 1 1 10 12 1 1 100 1 8 1 10 9 12 1 1 8 1 10 12 1 1 10 100 12 1 1 1 8 1 10 12 1 7 1 10 12 1 8 1 10 12 1 10 12 1 1 100 1 10 12 10 12 1 9 12 1 1 9 12 1 1 10 7 12 1 1 1 10 7 12 1 1 1 10 12 1 1 10 12 1 10 12 1 10 7 12 1 1 1 10 12 1 100 1 100 1 8 1 10 12 1 10 12 1 1 7 1 10 12 1 100 1 8 1 10 10 12 1 100 1 8 1 10 8 1 10 7 12 1 1 8 1 10 12 100 1 8 1 10 10 12 1 1 10 7 12 1 1 1 100 1 18 12 1 100 1 9 100 12 1 1 1 10 12 1 100 1 10 12 1 1 10 12 1 1 10 7 12 1 1 1 10 12 1 1 10 12 1 10 12 1 10 12 1 1 10 12 1 7 1 10 12 1 9 7 12 1 1 1 10 7 12 1 1 1 10 12 1 10 12 1 10 7 12 1 1 1 7 1 8 1 10 9 12 1 9 12 1 10 12 1 10 7 12 1 1 10 12 1 10 12 1 1 8 1 10 12 1 1 8 1 11 12 1 10 12 11 12 1 1 11 7 12 1 1 1 11 7 12 1 1 11 12 1 1 7 1 11 12 1 10 12 1 8 1 10 12 1 1 8 1 8 1 8 1 8 1 11 12 1 10 12 1 10 12 1 10 12 1 8 1 10 12 1 1 8 1 9 12 1 8 1 10 7 12 1 1 8 1 7 1 9 7 12 1 1 1 10 12 1 7 1 9 12 10 9 12 7 1 10 12 9 12 1 1 8 1 10 12 1 1 8 1 10 7 12 1 1 10 12 1 10 12 1 1 11 7 12 1 1 10 12 10 7 12 1 1 1 9 12 1 1 7 1 8 1 10 12 1 1 10 7 12 1 1 1 7 1 10 12 1 1 10 12 1 8 1 8 1 10 8 1 8 1 8 1 8 1 10 10 7 12 1 1 10 12 1 10 12 1 1 10 12 1 1 10 12 1 10 100 12 1 1 1 10 7 1 8 1 10 10 10 12 1 1 10 12 1 1 8 1 10 12 1 8 1 8 1 10 12 1 10 7 12 1 1 1 10 12 1 1 7 1 10 10 12 1 10 12 1 9 12 1 1 3 1 3 1 1 1 1 1 1 1 1 1 1 1 1 100 1 1 100 1 1 1 1 1 1 1 1 1 1 1 100 1 7 1 1 1 1 1 1 1 1 1 1 1 1 1 1 1 1 1 1 1 1 1 1 1 1 1 1 1 1 1 1 1 1 1 1 1 1 1 1 1 1 1 1 1 1 1 1 1 1 1 1 1 1 1 1 1 1 1 1 100 1 1 1 1 1 1 1 1 1 1 1 1 1 1 1 1 1 1 1 1 1 1 1 1 1 1 1 1 1 1 1 1 1 100 1 1 16 15 10 12 1 1 16 15 10 12 16 1 15 10 100 12 1 1 1 1 1 1 1 1 1 100 1 100 1 1
staticfield java/lang/System in Ljava/io/InputStream; java/io/BufferedInputStream
staticfield java/lang/System out Ljava/io/PrintStream; org/fusesource/jansi/AnsiPrintStream
staticfield java/lang/System err Ljava/io/PrintStream; org/fusesource/jansi/AnsiPrintStream
ciInstanceKlass java/lang/SecurityManager 0 0 576 10 7 12 1 1 1 9 7 12 1 1 1 10 7 12 1 1 1 100 1 8 1 10 12 1 10 12 1 1 10 7 12 1 1 1 10 7 1 10 100 1 10 9 100 12 1 1 1 10 7 12 1 1 1 10 12 1 1 10 7 12 1 1 100 1 8 1 10 9 12 1 1 9 12 1 8 1 9 12 1 7 1 10 8 1 10 12 1 1 10 12 1 10 12 1 1 100 1 10 10 12 1 1 100 1 8 1 10 12 1 8 1 8 1 8 1 8 1 8 1 8 1 10 12 1 8 1 8 1 8 1 8 1 8 1 10 7 12 1 1 1 10 12 1 1 8 1 100 1 8 1 10 8 1 8 1 8 1 8 1 8 1 10 100 12 1 1 8 1 100 1 8 1 8 1 10 8 1 10 12 1 100 1 8 1 10 10 12 1 1 10 12 1 10 12 1 10 12 1 10 100 12 1 1 1 10 12 1 10 100 12 1 1 11 100 12 1 1 1 18 12 1 1 11 100 12 1 1 1 18 12 1 1 11 12 1 1 18 18 11 12 1 18 12 1 11 12 1 1 9 12 1 1 9 12 1 9 12 1 9 12 1 100 1 10 100 12 1 1 10 12 1 10 12 1 18 12 1 18 10 100 12 1 1 1 18 12 1 10 12 1 18 18 8 1 10 12 1 9 12 1 1 11 7 12 1 1 1 8 1 100 1 10 12 1 10 12 1 1 10 12 1 1 9 12 1 1 10 12 1 10 12 1 1 8 1 100 1 10 9 12 1 8 1 10 12 1 8 1 100 1 10 10 100 12 1 1 10 100 1 9 7 12 1 1 1 11 12 1 1 10 12 1 11 12 1 10 12 1 7 1 10 10 12 1 1 10 12 1 1 1 1 1 1 1 1 1 1 1 7 1 1 1 1 1 1 1 1 1 1 1 1 1 1 1 1 1 1 1 1 1 1 1 1 1 1 1 1 1 1 1 1 1 1 1 1 1 1 1 1 1 1 1 1 1 1 1 1 1 1 1 1 1 1 1 1 3 1 1 1 1 1 1 1 1 1 1 100 1 1 1 1 1 1 1 1 1 1 1 1 1 1 1 1 1 1 1 1 1 1 1 1 1 1 1 1 1 1 1 1 1 1 1 1 1 1 16 15 10 7 12 1 1 1 16 1 16 15 10 12 16 1 15 10 12 16 15 11 7 1 16 1 16 1 15 10 12 16 15 10 12 16 15 10 12 1 16 1 15 11 12 1 15 10 12 16 15 10 16 1 15 10 100 12 1 1 1 1 1 1 100 1 100 1 1
ciInstanceKlass java/security/AccessController 1 1 295 10 7 12 1 1 1 10 7 12 1 1 1 10 7 12 1 1 1 10 12 1 1 10 12 1 1 10 7 12 1 1 1 10 12 1 1 10 12 1 10 12 1 1 10 12 1 100 1 8 1 10 12 1 10 12 1 10 12 1 1 10 12 1 7 1 7 1 10 12 1 1 10 12 1 10 12 1 10 12 1 1 10 7 12 1 1 1 10 12 1 1 9 100 12 1 1 1 10 7 12 1 1 1 10 12 1 10 12 1 9 100 12 1 1 1 10 12 1 10 12 1 1 9 12 1 1 10 100 1 10 11 7 12 1 1 1 10 7 12 1 1 11 7 1 7 1 10 12 1 10 12 1 10 12 1 8 1 10 12 1 1 8 1 10 100 12 1 1 1 8 1 7 1 10 10 12 1 1 10 12 1 10 7 12 1 1 1 10 12 1 8 1 10 7 12 1 1 8 1 8 1 10 12 1 8 1 10 12 1 10 12 1 1 10 12 1 1 1 1 1 1 1 1 1 1 1 1 1 1 1 1 1 1 1 1 1 1 1 1 1 1 1 1 100 1 1 1 1 1 1 1 1 1 1 1 1 1 1 1 1 1 1 1 1 1 1 1 1 1 1 1 1 1 1 1 1 1 1 100 1 100 1 1 1 1 1 1 1 1 1 3 1 1 1
staticfield java/security/AccessController $assertionsDisabled Z 1
ciInstanceKlass java/security/ProtectionDomain 1 1 348 10 7 12 1 1 1 9 7 12 1 1 1 7 1 10 9 12 1 1 9 12 1 1 9 12 1 1 10 7 12 1 1 7 1 9 12 1 9 12 1 1 7 1 9 12 1 1 9 12 1 10 100 12 1 1 10 100 12 1 1 1 10 12 1 1 10 12 1 9 12 1 9 100 12 1 1 10 12 1 1 10 100 1 10 12 1 1 8 1 7 1 8 1 10 12 1 10 11 10 7 12 1 1 1 10 12 1 1 8 1 11 8 1 10 12 1 8 1 8 1 10 12 1 1 10 12 1 10 12 1 1 10 12 1 8 1 10 12 1 8 1 8 1 10 7 12 1 1 1 9 100 12 1 1 1 10 12 1 1 9 100 12 1 1 1 10 7 12 1 1 1 100 1 18 12 1 1 10 7 12 1 1 1 10 7 1 10 12 1 10 12 1 1 11 100 12 1 1 11 12 1 100 1 11 7 12 1 1 1 10 12 1 10 11 12 1 1 11 12 1 1 10 12 1 10 7 12 1 1 10 100 12 1 1 11 12 1 10 12 10 12 1 8 1 8 1 10 7 12 1 1 1 7 1 10 10 7 12 1 1 1 1 1 1 1 1 1 1 7 1 1 7 1 1 1 1 1 1 1 1 1 1 1 1 1 1 1 1 1 1 1 1 1 1 1 1 1 1 1 1 1 1 1 1 1 1 1 1 1 1 1 1 1 1 1 1 7 1 1 1 1 1 1 100 1 1 16 15 10 12 16 15 10 100 12 1 1 1 1 1 1 1 100 1 100 1 1
staticfield java/security/ProtectionDomain filePermCompatInPD Z 0
ciInstanceKlass java/security/CodeSource 1 1 398 10 7 12 1 1 1 9 7 12 1 1 1 9 12 1 1 9 12 1 1 9 12 1 1 10 7 12 1 1 1 9 12 1 1 10 100 12 1 1 10 100 10 7 12 1 1 1 10 100 12 1 1 1 10 12 1 1 7 1 10 10 100 12 1 1 1 10 100 12 1 1 1 10 12 1 1 100 1 10 12 1 1 10 12 1 1 10 12 1 1 10 12 1 10 10 10 12 1 1 10 7 12 1 1 1 10 12 1 10 12 1 10 12 1 8 1 10 12 1 10 12 1 10 12 1 1 10 12 1 8 1 10 12 1 1 10 7 1 10 10 12 1 1 8 1 10 12 1 10 12 1 10 12 1 8 1 8 1 9 12 1 1 100 1 8 1 10 12 1 10 12 1 1 8 1 10 12 1 8 1 8 1 8 1 10 100 12 1 1 10 12 1 1 10 12 1 10 12 1 1 10 12 1 1 10 12 1 1 100 1 100 1 10 12 1 10 12 10 12 1 1 10 100 12 1 1 10 12 1 7 1 10 12 10 100 12 1 1 1 10 8 1 10 12 1 10 12 1 10 12 1 1 100 1 10 12 1 1 100 1 7 1 8 1 8 1 10 10 12 1 1 10 100 12 1 1 1 7 1 10 12 10 12 1 1 11 7 12 1 1 10 10 12 1 11 10 12 1 8 1 100 1 10 12 1 10 12 1 1 10 12 1 11 12 1 1 7 1 1 1 1 5 0 1 1 1 1 1 1 1 1 1 1 1 1 1 1 1 1 1 1 1 1 1 1 1 1 1 1 1 1 1 1 1 1 1 1 1 1 1 1 1 1 1 1 1 1 1 1 1 1 1 1 1 1 1 1 1 1 1 1 1 1 1 1 1 1 1 1 100 1 1 1 1 1 1 1
ciInstanceKlass java/lang/Boolean 1 1 152 10 7 12 1 1 1 9 7 12 1 1 1 10 12 1 1 10 12 1 8 1 10 7 12 1 1 9 12 1 1 9 12 1 10 12 1 1 10 12 1 1 10 12 1 1 10 7 12 1 1 1 100 1 100 1 10 12 1 1 9 100 12 1 1 9 12 10 100 12 1 1 1 10 12 1 1 8 1 10 7 12 1 1 1 9 12 1 1 7 1 7 1 7 1 1 1 1 1 1 5 0 1 1 1 1 1 1 1 1 1 1 3 1 1 1 1 1 1 1 1 1 1 1 1 1 1 1 1 1 1 7 1 1 1 1 1 1 1 1 1 1 100 1 1 1 1 1 1 1 1 1
staticfield java/lang/Boolean TRUE Ljava/lang/Boolean; java/lang/Boolean
staticfield java/lang/Boolean FALSE Ljava/lang/Boolean; java/lang/Boolean
staticfield java/lang/Boolean TYPE Ljava/lang/Class; java/lang/Class
ciInstanceKlass java/lang/Comparable 1 0 12 100 1 100 1 1 1 1 1 1 1 1
ciInstanceKlass java/lang/constant/Constable 1 0 11 100 1 100 1 1 1 1 1 1 1
ciInstanceKlass java/util/Map 1 1 263 11 7 12 1 1 1 11 12 1 1 10 7 12 1 1 11 12 1 1 11 7 12 1 1 1 11 100 12 1 1 1 11 12 1 1 7 1 11 12 1 11 12 1 100 1 100 1 10 12 1 1 11 100 12 1 1 1 11 100 12 1 1 1 11 12 1 11 12 1 10 12 1 1 11 12 1 11 7 12 1 9 7 12 1 1 1 7 1 10 12 7 1 7 1 10 12 1 7 1 10 7 1 11 12 1 11 12 1 1 11 12 1 1 7 1 11 12 1 1 1 1 1 1 1 1 1 1 1 1 1 1 1 1 1 1 1 1 1 1 1 1 1 1 1 1 1 1 1 1 1 1 1 1 1 1 1 1 1 1 1 1 1 1 1 1 1 1 1 1 1 1 1 1 1 1 1 1 1 1 1 1 1 1 1 1 1 1 1 1 1 1 1 1 1 1 1 1 1 1 1 1 1 1 1 1 1 1 1 1 1 1 1 1 1 1 1 1 1 1 1 1 1 1 1 1 1 1 1 1 1 1 1 1 1 1 1 1 1 1 1 1 1 1 100 1 1 1 1 1 1 1 1 1 1 1 1 1 1 1 1 1 1
ciInstanceKlass java/lang/Class 1 1 1698 10 7 12 1 1 1 9 7 12 1 1 1 9 12 1 1 10 12 1 1 8 1 10 12 1 8 1 8 1 10 12 1 1 10 7 12 1 1 1 10 12 1 7 1 10 10 12 1 10 12 1 1 10 12 1 1 10 12 1 1 10 7 12 1 1 10 12 1 10 12 1 10 12 1 8 1 10 12 1 8 1 10 12 1 8 1 8 1 10 12 1 1 10 100 12 1 1 1 18 12 1 1 11 100 12 1 1 1 8 1 8 1 8 1 10 100 12 1 1 1 11 12 1 1 8 1 10 12 1 10 11 100 12 1 1 1 11 7 12 1 1 1 11 8 1 18 8 1 10 12 1 10 7 12 1 1 10 12 1 1 10 7 12 1 1 1 10 12 1 1 10 12 1 1 10 7 12 1 1 1 10 12 9 7 12 1 1 1 10 7 12 1 1 1 10 12 1 10 7 12 1 1 1 10 12 1 1 18 12 1 1 10 7 12 1 1 1 10 7 12 1 10 12 1 1 10 7 1 7 1 10 12 1 1 9 12 1 1 100 1 8 1 10 12 1 10 12 1 1 10 12 1 1 10 7 12 1 1 1 7 1 10 12 1 7 1 100 1 10 10 12 1 1 10 12 1 1 100 1 10 7 12 1 1 1 10 12 1 1 10 12 1 1 9 12 1 1 10 12 1 10 12 1 1 9 12 1 1 9 12 1 1 10 12 1 1 10 7 1 10 12 1 10 12 1 10 12 1 1 10 9 12 1 10 12 1 8 1 10 12 1 1 10 12 1 1 10 12 1 10 12 1 1 10 12 1 1 10 12 1 1 9 7 12 1 1 1 10 7 12 1 1 10 12 10 12 1 10 12 1 10 12 1 10 12 1 9 100 12 1 1 1 9 12 1 10 12 1 10 100 12 1 1 1 10 12 1 1 10 100 12 1 1 10 12 1 10 12 1 1 10 100 12 1 1 1 10 12 1 10 12 1 1 10 12 1 10 12 1 10 12 1 1 10 7 1 10 10 10 12 1 1 10 12 1 1 10 12 10 10 12 1 1 7 1 8 1 10 10 12 1 1 10 12 1 100 1 11 12 1 10 100 12 1 1 10 12 1 10 12 1 10 100 12 1 1 10 10 12 1 1 8 1 10 12 1 10 12 1 1 8 1 10 12 1 9 12 1 10 12 1 10 12 1 10 12 1 10 12 7 1 9 12 1 10 12 1 9 12 1 10 12 1 10 12 1 10 12 1 10 10 12 1 10 12 1 10 7 12 1 1 10 12 1 10 12 1 10 12 1 1 10 12 1 10 12 1 10 12 1 100 1 10 12 1 10 12 1 1 10 12 1 1 10 12 1 1 10 12 1 1 10 12 1 1 10 12 1 1 100 1 10 10 12 1 1 10 12 1 1 10 12 1 1 10 10 12 1 10 12 1 1 10 12 1 1 10 12 1 1 10 12 1 1 7 1 10 10 12 11 7 12 1 1 10 12 1 10 12 1 10 7 12 1 1 1 10 12 1 1 10 10 12 1 1 7 1 10 10 12 1 1 10 7 12 1 1 1 100 1 100 1 10 12 1 1 10 12 1 10 10 12 1 1 10 12 1 10 12 1 10 12 1 10 100 12 1 1 1 11 7 12 1 1 10 12 1 10 12 1 9 12 1 10 12 1 1 10 12 1 9 12 1 1 7 1 10 9 12 1 1 10 12 7 1 10 12 1 9 12 1 10 100 12 1 1 1 10 12 1 10 12 1 10 100 12 1 1 1 10 12 1 10 12 10 12 1 1 100 1 10 8 1 10 12 1 11 11 12 1 1 11 7 12 1 1 11 12 1 8 1 10 12 1 10 12 1 1 9 12 1 9 12 1 1 10 7 12 1 1 9 12 1 10 12 1 1 10 10 12 1 10 7 12 1 1 1 10 7 12 1 1 10 7 12 1 1 9 12 1 1 10 12 1 9 12 1 10 12 1 10 12 1 1 9 12 1 1 9 12 1 10 12 1 10 12 1 1 9 12 1 100 1 10 10 12 1 1 7 1 10 12 1 1 100 11 7 1 9 12 1 1 9 12 1 7 1 10 12 1 9 12 1 1 9 12 1 10 12 1 10 12 1 1 9 12 1 7 1 10 10 12 1 1 10 10 12 1 10 12 10 10 12 1 9 12 1 10 12 1 1 10 7 12 1 1 1 10 12 1 1 10 12 1 8 10 7 8 1 18 8 1 8 1 10 12 1 9 12 1 9 12 1 1 10 12 1 7 1 7 1 10 12 1 9 12 1 1 7 1 10 10 12 1 10 7 1 9 12 1 8 1 10 12 1 7 1 10 12 1 10 12 1 1 100 1 7 1 9 12 1 100 1 8 1 10 10 7 12 1 1 1 10 12 11 7 12 1 1 1 10 12 1 10 12 1 1 10 8 1 8 1 10 12 1 1 9 7 12 1 1 11 12 7 1 11 7 12 1 1 9 12 1 10 100 12 1 1 1 10 7 12 1 1 10 12 1 1 9 12 1 9 10 12 1 1 10 12 1 1 10 12 1 1 10 12 1 1 10 12 1 1 11 12 1 7 1 11 12 1 10 7 12 1 1 1 10 12 1 11 12 1 10 7 12 1 1 1 10 12 1 10 7 12 1 1 1 11 12 1 11 12 1 1 10 12 1 10 12 1 1 9 12 1 1 9 7 12 1 1 10 12 1 10 7 12 1 1 1 10 12 1 1 10 12 1 10 12 1 10 12 1 10 7 12 1 1 1 10 12 1 8 1 10 12 1 10 12 1 10 12 1 100 1 10 12 10 100 12 1 1 1 11 100 12 1 1 1 10 12 1 1 10 12 1 18 12 1 1 11 12 1 1 18 11 12 1 18 12 1 11 12 1 10 12 1 1 10 12 1 10 12 1 10 12 1 10 12 1 10 12 10 12 1 8 1 10 12 1 7 1 9 12 1 1 7 1 7 1 7 1 7 1 1 1 3 1 3 1 3 1 1 1 1 1 1 1 5 0 1 1 1 1 1 1 1 1 1 1 1 1 1 1 1 1 1 1 1 1 1 1 1 1 100 1 1 1 1 1 1 1 100 1 1 1 1 1 7 1 1 1 1 1 1 1 1 1 1 1 1 1 1 1 1 1 1 1 1 1 1 1 1 1 1 1 1 1 1 1 1 1 1 1 1 1 1 1 1 1 1 100 1 1 1 1 1 1 1 1 1 1 1 1 1 1 1 1 1 1 1 1 1 1 1 1 1 1 1 1 1 1 1 100 1 1 1 1 1 1 1 1 1 1 1 1 1 1 1 1 1 1 1 1 3 1 1 1 1 1 1 1 1 1 1 1 1 1 1 1 1 1 1 1 1 1 1 1 1 1 1 1 1 1 1 1 1 1 1 1 7 1 7 1 1 1 1 1 1 1 1 1 1 1 1 1 1 1 1 1 1 1 1 1 1 1 1 1 1 1 1 1 1 1 1 1 1 1 1 1 1 1 1 1 1 1 1 1 1 1 1 1 1 1 1 1 1 1 1 1 1 1 1 1 1 1 1 1 1 1 1 1 1 1 1 1 1 1 1 1 1 1 1 1 1 1 1 1 1 1 1 1 1 1 1 1 1 1 1 1 1 1 1 1 1 1 1 1 1 1 1 1 1 1 1 1 1 1 1 1 1 1 1 1 1 1 1 1 1 1 1 1 1 1 1 16 15 10 12 16 15 11 12 16 1 16 15 16 15 10 12 16 16 15 10 12 16 15 16 1 15 10 12 16 15 10 100 12 1 1 1 1 1 1 1 1 1 1 1 1 7 1 1 100 1 100 1 1 100 1 100 1 1 100 1 100 1 1
staticfield java/lang/Class EMPTY_CLASS_ARRAY [Ljava/lang/Class; 0 [Ljava/lang/Class;
staticfield java/lang/Class serialPersistentFields [Ljava/io/ObjectStreamField; 0 [Ljava/io/ObjectStreamField;
ciInstanceKlass java/lang/reflect/AnnotatedElement 1 1 164 11 7 12 1 1 1 11 12 1 1 7 1 10 100 12 1 1 1 10 12 1 1 10 12 1 1 10 12 1 10 100 12 1 1 1 11 12 1 1 11 7 12 1 1 10 7 12 1 1 1 10 12 1 10 100 12 1 1 1 18 12 1 1 11 100 12 1 1 18 12 1 18 12 1 1 10 100 12 1 1 1 11 100 12 1 1 1 7 1 10 100 12 1 1 1 1 1 1 1 1 1 1 1 1 1 1 1 1 1 1 1 1 1 1 1 1 1 100 1 1 1 1 1 1 1 1 1 1 1 16 15 16 1 16 1 15 11 12 16 16 1 15 10 100 12 1 1 1 16 1 15 10 100 12 1 1 1 1 100 1 100 1 1
ciInstanceKlass java/lang/invoke/TypeDescriptor 1 0 17 100 1 100 1 1 1 1 1 1 100 1 100 1 1 1 1
ciInstanceKlass java/lang/reflect/GenericDeclaration 1 0 30 7 1 7 1 7 1 1 1 1 1 1 1 1 100 1 8 1 1 12 10 1 1 1 8 1 1 1 8 1
ciInstanceKlass java/lang/reflect/Type 1 1 17 11 100 12 1 1 1 100 1 1 1 1 1 1 1 1 1
ciInstanceKlass java/lang/invoke/TypeDescriptor$OfField 1 0 21 100 1 100 1 100 1 1 1 1 1 1 1 1 1 1 1 1 1 1 1
ciInstanceKlass java/lang/StringBuilder 1 1 422 10 7 12 1 1 1 10 12 1 10 12 1 10 12 1 1 10 7 12 1 1 1 10 7 12 1 1 1 10 12 1 10 12 1 10 12 1 10 12 1 10 12 1 10 12 1 10 12 1 10 12 1 10 12 1 10 12 1 10 12 1 10 12 1 10 12 1 10 12 1 1 10 12 1 10 12 1 1 10 12 1 1 10 12 1 10 12 1 10 12 1 10 12 1 10 12 1 10 12 1 10 12 1 10 12 10 12 1 10 12 1 10 12 1 10 12 1 1 10 12 1 10 12 1 10 12 10 12 1 1 10 12 1 10 12 1 10 12 1 10 100 12 1 1 1 9 12 1 1 10 12 1 10 12 1 1 10 12 1 1 9 12 1 1 10 100 12 1 1 1 10 100 1 10 12 1 1 10 100 12 1 1 10 12 1 10 12 1 1 100 1 100 1 8 1 10 10 12 1 1 10 12 1 10 12 1 10 12 1 1 10 12 1 10 12 1 10 12 1 10 12 1 10 12 1 10 12 10 12 1 10 12 1 10 12 1 10 12 1 10 12 1 10 12 1 10 12 1 10 12 1 10 12 1 1 10 12 1 1 10 12 1 10 12 1 10 12 1 10 12 10 12 10 12 1 10 12 1 10 12 1 10 12 10 12 1 10 12 1 10 12 1 10 12 1 10 12 1 10 12 1 10 12 1 10 12 1 10 12 1 1 10 12 1 10 12 1 1 10 12 1 10 12 1 1 10 12 1 10 12 1 1 10 12 1 10 12 1 10 12 1 10 10 12 1 10 12 1 7 1 7 1 7 1 7 1 1 1 1 5 0 1 1 1 1 1 1 1 1 1 1 1 1 1 1 1 1 1 1 1 1 1 1 1 1 1 1 1 1 1 1 1 1 1 1 1 1 1 1 1 1 1 1 1 1 100 1 1 1 7 1 1 1 1 1 1 1 1 1 1 1
instanceKlass java/lang/StringBuilder
instanceKlass java/lang/StringBuffer
ciInstanceKlass java/lang/AbstractStringBuilder 1 1 605 7 1 10 7 12 1 1 1 9 7 12 1 1 1 9 12 1 9 12 1 1 9 12 1 1 10 7 12 1 1 1 10 12 1 1 7 1 3 3 10 12 1 10 12 1 1 11 7 1 100 1 7 1 10 8 1 10 12 1 10 12 1 10 12 1 1 10 12 1 10 12 1 9 12 1 10 12 1 9 12 1 1 10 12 1 1 10 7 12 1 1 1 10 10 12 1 10 12 1 10 12 1 1 10 12 1 1 10 7 12 1 1 1 10 7 12 1 1 1 7 1 8 1 10 10 12 1 1 100 1 10 12 10 12 1 1 10 10 12 1 1 10 12 1 1 10 12 1 1 10 12 1 1 10 10 7 12 1 1 1 10 12 1 100 1 10 10 7 12 1 1 1 9 12 1 1 9 12 1 10 12 1 1 10 10 12 1 1 10 12 10 12 1 10 12 1 1 10 12 1 1 10 12 1 1 10 12 1 10 12 1 1 10 12 1 1 10 12 1 10 12 1 1 8 1 10 12 1 1 10 12 1 10 12 1 10 12 1 10 12 1 10 12 1 10 12 1 10 7 12 1 1 10 12 1 10 12 1 10 100 12 1 1 1 100 1 100 1 10 12 1 10 100 12 1 1 10 12 1 10 12 1 10 12 1 10 12 1 1 10 12 1 10 12 1 1 10 12 1 1 10 10 7 12 1 1 1 10 12 1 10 12 1 10 12 1 1 10 12 1 10 12 1 10 12 1 10 12 1 10 12 1 10 12 1 10 12 1 10 12 1 10 12 1 1 10 12 1 10 12 1 10 12 10 12 1 1 18 12 1 1 100 1 10 100 12 1 1 1 18 10 12 1 1 10 12 1 10 12 1 1 11 12 1 1 10 12 1 10 12 10 12 1 10 10 10 12 1 10 5 0 10 10 12 1 1 100 1 8 1 10 10 12 1 1 10 100 12 1 1 1 10 12 1 10 12 1 1 100 1 10 12 100 1 10 100 1 10 7 1 1 1 1 1 1 1 1 1 1 1 100 1 1 1 1 1 1 1 1 1 1 1 1 1 1 1 1 1 1 1 1 1 1 1 1 1 1 1 1 1 1 1 1 1 1 1 1 1 1 1 1 1 1 1 1 1 1 1 1 1 1 1 1 1 1 1 1 1 1 1 1 1 1 1 1 1 1 1 1 1 1 1 1 1 1 1 1 1 1 1 1 1 1 1 1 1 1 1 1 1 1 1 1 1 1 1 1 1 1 1 1 100 1 1 1 1 1 1 1 1 1 1 1 1 1 1 1 1 1 100 1 1 1 1 1 1 7 1 1 16 1 15 10 12 16 15 10 12 15 10 100 12 1 1 1 1 1 1 1 100 1 100 1 1
staticfield java/lang/AbstractStringBuilder EMPTYVALUE [B 0
ciInstanceKlass java/lang/Appendable 1 0 14 100 1 100 1 1 1 1 100 1 1 1 1 1
ciInstanceKlass java/lang/CharSequence 1 1 131 11 7 12 1 1 1 18 12 1 1 100 1 10 100 12 1 1 1 18 10 100 12 1 1 1 11 12 1 1 11 7 1 11 12 1 1 10 100 12 1 1 1 11 12 1 1 100 1 10 12 1 1 10 100 12 1 1 1 100 1 10 10 12 1 1 7 1 1 1 1 1 1 1 1 1 1 1 1 1 1 1 1 1 1 1 1 1 1 1 1 1 1 1 1 1 1 1 1 1 16 1 15 11 12 16 15 11 12 15 10 100 12 1 1 1 1 1 100 1 100 1 1 100 1 1 100 1 100 1 1
instanceKlass org/codehaus/plexus/archiver/zip/ByteArrayOutputStream
instanceKlass org/apache/commons/io/output/NullOutputStream
instanceKlass org/apache/commons/compress/archivers/zip/RandomAccessOutputStream
instanceKlass org/apache/commons/io/output/ThresholdingOutputStream
instanceKlass org/iq80/snappy/AbstractSnappyOutputStream
instanceKlass org/apache/commons/compress/compressors/CompressorOutputStream
instanceKlass org/apache/commons/compress/archivers/ArchiveOutputStream
instanceKlass jdk/nio/zipfs/ZipFileSystem$FileRolloverOutputStream
instanceKlass sun/nio/ch/ChannelOutputStream
instanceKlass sun/nio/ch/NioSocketImpl$2
instanceKlass java/net/Socket$SocketOutputStream
instanceKlass sun/security/ssl/SSLSocketImpl$AppOutputStream
instanceKlass org/apache/http/impl/conn/LoggingOutputStream
instanceKlass org/apache/http/impl/io/ContentLengthOutputStream
instanceKlass org/apache/http/impl/io/IdentityOutputStream
instanceKlass org/apache/http/impl/io/ChunkedOutputStream
instanceKlass org/apache/maven/wagon/LazyFileOutputStream
instanceKlass java/io/ByteArrayOutputStream
instanceKlass java/io/FilterOutputStream
instanceKlass java/io/FileOutputStream
ciInstanceKlass java/io/OutputStream 1 1 53 10 7 12 1 1 1 100 1 10 10 7 12 1 1 1 10 100 12 1 1 1 10 12 1 100 1 100 1 1 1 1 1 1 1 1 1 100 1 1 1 1 1 1 1 1 1 1 1 1 1 1 1
ciInstanceKlass java/lang/AutoCloseable 1 0 12 100 1 100 1 1 1 1 7 1 1 1
ciInstanceKlass java/io/Closeable 1 0 14 100 1 100 1 100 1 1 1 1 7 1 1 1
ciInstanceKlass java/io/Flushable 1 0 12 100 1 100 1 1 1 1 100 1 1 1
instanceKlass org/codehaus/plexus/interpolation/InterpolationException
instanceKlass org/codehaus/plexus/archiver/jar/ManifestException
instanceKlass org/codehaus/plexus/archiver/manager/NoSuchArchiverException
instanceKlass org/apache/maven/surefire/api/testset/TestSetFailedException
instanceKlass org/apache/maven/surefire/booter/SurefireExecutionException
instanceKlass org/apache/maven/surefire/booter/SurefireBooterForkException
instanceKlass com/sun/tools/javac/jvm/JNIWriter$TypeSignature$SignatureException
instanceKlass com/sun/tools/javac/jvm/ModuleNameReader$BadClassFile
instanceKlass com/sun/tools/javac/parser/ReferenceParser$ParseException
instanceKlass com/sun/tools/javac/util/ByteBuffer$UnderflowException
instanceKlass com/sun/tools/javac/util/InvalidUtfException
instanceKlass com/sun/tools/javac/platform/PlatformProvider$PlatformNotSupported
instanceKlass jdk/javadoc/internal/doclint/DocLint$BadArgs
instanceKlass com/sun/tools/javac/main/Option$InvalidValueException
instanceKlass org/codehaus/plexus/util/cli/CommandLineException
instanceKlass org/codehaus/plexus/compiler/util/scan/InclusionScanException
instanceKlass org/codehaus/plexus/compiler/CompilerException
instanceKlass org/codehaus/plexus/compiler/manager/NoSuchCompilerException
instanceKlass org/codehaus/plexus/interpolation/InterpolationException
instanceKlass org/apache/maven/artifact/DependencyResolutionRequiredException
instanceKlass org/codehaus/plexus/util/introspection/MethodMap$AmbiguousException
instanceKlass org/xml/sax/SAXException
instanceKlass javax/xml/parsers/ParserConfigurationException
instanceKlass org/apache/maven/shared/filtering/MavenFilteringException
instanceKlass sun/security/pkcs11/wrapper/PKCS11Exception
instanceKlass javax/naming/NamingException
instanceKlass sun/security/ec/ECOperations$IntermediateValueException
instanceKlass java/net/URISyntaxException
instanceKlass org/codehaus/plexus/interpolation/reflection/MethodMap$AmbiguousException
instanceKlass org/sonatype/plexus/components/cipher/PlexusCipherException
instanceKlass org/sonatype/plexus/components/sec/dispatcher/SecDispatcherException
instanceKlass org/apache/maven/model/resolution/InvalidRepositoryException
instanceKlass org/apache/maven/model/resolution/UnresolvableModelException
instanceKlass org/apache/maven/cli/internal/ExtensionResolutionException
instanceKlass org/apache/maven/toolchain/building/ToolchainsBuildingException
instanceKlass org/apache/maven/execution/MavenExecutionRequestPopulationException
instanceKlass org/apache/maven/settings/building/SettingsBuildingException
instanceKlass org/apache/maven/BuildFailureException
instanceKlass org/codehaus/plexus/util/dag/CycleDetectedException
instanceKlass org/apache/maven/project/DuplicateProjectException
instanceKlass org/apache/maven/plugin/version/PluginVersionNotFoundException
instanceKlass org/apache/maven/plugin/InvalidPluginException
instanceKlass org/apache/maven/repository/legacy/resolver/conflict/ConflictResolverNotFoundException
instanceKlass org/codehaus/plexus/personality/plexus/lifecycle/phase/InitializationException
instanceKlass org/apache/maven/project/interpolation/ModelInterpolationException
instanceKlass org/apache/maven/repository/ArtifactDoesNotExistException
instanceKlass org/apache/maven/repository/ArtifactTransferFailedException
instanceKlass org/apache/maven/configuration/BeanConfigurationException
instanceKlass org/apache/maven/lifecycle/LifecycleExecutionException
instanceKlass java/security/GeneralSecurityException
instanceKlass org/apache/maven/artifact/installer/ArtifactInstallationException
instanceKlass org/apache/maven/repository/legacy/metadata/ArtifactMetadataRetrievalException
instanceKlass org/apache/maven/artifact/versioning/InvalidVersionSpecificationException
instanceKlass org/apache/maven/lifecycle/internal/builder/BuilderNotFoundException
instanceKlass org/apache/maven/lifecycle/NoGoalSpecifiedException
instanceKlass org/apache/maven/lifecycle/MissingProjectException
instanceKlass org/apache/maven/artifact/repository/metadata/RepositoryMetadataReadException
instanceKlass org/apache/maven/artifact/repository/metadata/RepositoryMetadataStoreException
instanceKlass org/codehaus/plexus/configuration/PlexusConfigurationException
instanceKlass org/codehaus/plexus/component/composition/CycleDetectedInComponentGraphException
instanceKlass org/codehaus/plexus/component/configurator/expression/ExpressionEvaluationException
instanceKlass org/codehaus/plexus/component/configurator/ComponentConfigurationException
instanceKlass org/apache/maven/plugin/PluginConfigurationException
instanceKlass org/codehaus/plexus/component/repository/exception/ComponentLifecycleException
instanceKlass org/apache/maven/toolchain/MisconfiguredToolchainException
instanceKlass org/apache/maven/repository/metadata/MetadataResolutionException
instanceKlass org/apache/maven/MavenExecutionException
instanceKlass org/apache/maven/repository/metadata/MetadataGraphTransformationException
instanceKlass org/apache/maven/repository/metadata/GraphConflictResolutionException
instanceKlass org/apache/maven/artifact/repository/metadata/RepositoryMetadataResolutionException
instanceKlass org/apache/maven/artifact/InvalidRepositoryException
instanceKlass org/apache/maven/project/DependencyResolutionException
instanceKlass org/apache/maven/model/building/ModelBuildingException
instanceKlass org/apache/maven/project/ProjectBuildingException
instanceKlass org/apache/maven/artifact/deployer/ArtifactDeploymentException
instanceKlass org/eclipse/aether/RepositoryException
instanceKlass org/apache/http/HttpException
instanceKlass org/apache/maven/wagon/WagonException
instanceKlass org/apache/maven/lifecycle/LifecycleNotFoundException
instanceKlass org/apache/maven/lifecycle/LifecyclePhaseNotFoundException
instanceKlass org/apache/maven/plugin/version/PluginVersionResolutionException
instanceKlass org/apache/maven/plugin/InvalidPluginDescriptorException
instanceKlass org/apache/maven/plugin/prefix/NoPluginFoundForPrefixException
instanceKlass org/apache/maven/plugin/MojoNotFoundException
instanceKlass org/apache/maven/plugin/PluginDescriptorParsingException
instanceKlass org/apache/maven/artifact/resolver/AbstractArtifactResolutionException
instanceKlass org/apache/maven/plugin/PluginManagerException
instanceKlass org/apache/maven/plugin/PluginResolutionException
instanceKlass org/apache/maven/plugin/AbstractMojoExecutionException
instanceKlass java/util/concurrent/TimeoutException
instanceKlass com/google/common/collect/RegularImmutableMap$BucketOverflowException
instanceKlass java/util/concurrent/ExecutionException
instanceKlass java/lang/InterruptedException
instanceKlass com/google/inject/internal/ErrorsException
instanceKlass com/google/inject/internal/InternalProvisionException
instanceKlass org/codehaus/plexus/context/ContextException
instanceKlass java/text/ParseException
instanceKlass org/codehaus/plexus/PlexusContainerException
instanceKlass org/codehaus/plexus/component/repository/exception/ComponentLookupException
instanceKlass org/codehaus/plexus/util/xml/pull/XmlPullParserException
instanceKlass java/lang/CloneNotSupportedException
instanceKlass sun/nio/fs/WindowsException
instanceKlass org/apache/commons/cli/ParseException
instanceKlass org/codehaus/plexus/interpolation/InterpolationException
instanceKlass org/apache/maven/cli/MavenCli$ExitException
instanceKlass java/security/PrivilegedActionException
instanceKlass org/codehaus/plexus/classworlds/ClassWorldException
instanceKlass org/codehaus/plexus/classworlds/launcher/ConfigurationException
instanceKlass java/io/IOException
instanceKlass java/lang/ReflectiveOperationException
instanceKlass java/lang/RuntimeException
ciInstanceKlass java/lang/Exception 1 1 40 10 7 12 1 1 1 10 12 1 10 12 1 10 12 1 10 12 1 100 1 1 1 1 5 0 1 1 1 1 1 1 1 1 1 1 1 1 1 1
instanceKlass org/apache/maven/artifact/repository/metadata/RepositoryMetadataDeploymentException
instanceKlass org/apache/maven/artifact/repository/metadata/RepositoryMetadataInstallationException
instanceKlass java/lang/Exception
instanceKlass java/lang/Error
ciInstanceKlass java/lang/Throwable 1 1 404 10 7 12 1 1 1 9 7 12 1 1 1 9 12 1 1 9 12 1 9 12 1 1 9 12 1 10 12 1 1 9 12 1 1 10 12 1 1 10 12 1 100 1 7 1 10 8 1 10 12 1 1 8 1 10 100 12 1 1 10 10 12 1 100 1 8 1 10 10 12 1 1 10 7 12 1 1 10 12 1 8 1 9 7 12 1 1 1 10 12 1 1 100 1 10 12 10 12 1 10 100 12 1 1 1 100 1 10 12 10 12 1 10 12 1 100 1 10 10 7 12 1 1 1 11 100 12 1 1 1 10 12 1 1 10 12 1 1 8 1 10 12 1 10 12 1 1 8 1 8 1 10 12 1 1 10 12 1 8 1 8 1 9 12 1 1 10 12 1 1 100 1 10 11 12 1 8 1 8 1 10 7 12 1 1 8 1 10 12 1 8 1 100 1 10 12 1 9 12 1 1 10 12 1 10 7 12 1 9 12 1 1 10 12 1 1 100 1 8 1 10 12 1 10 100 12 1 1 10 12 1 1 7 1 10 100 12 1 1 1 10 12 1 11 7 12 1 1 1 11 7 12 1 1 11 12 1 8 1 10 12 1 1 8 1 10 10 9 100 12 1 1 1 8 1 10 12 1 1 11 10 100 1 8 1 10 11 12 1 1 8 1 9 12 1 10 100 12 1 1 11 9 12 1 1 11 12 1 1 100 10 12 1 10 12 1 1 7 1 1 1 1 5 0 1 1 1 1 1 1 1 1 1 1 1 1 1 7 1 1 1 1 1 1 1 1 1 1 1 1 1 1 1 1 1 1 1 1 1 1 1 1 1 1 1 1 1 1 1 1 1 1 1 1 1 1 1 1 1 1 1 1 100 1 7 1 1 1 1 1 1 1 1 1 1 1 1 1 1 1 1 1 1
staticfield java/lang/Throwable UNASSIGNED_STACK [Ljava/lang/StackTraceElement; 0 [Ljava/lang/StackTraceElement;
staticfield java/lang/Throwable SUPPRESSED_SENTINEL Ljava/util/List; java/util/Collections$EmptyList
staticfield java/lang/Throwable EMPTY_THROWABLE_ARRAY [Ljava/lang/Throwable; 0 [Ljava/lang/Throwable;
staticfield java/lang/Throwable $assertionsDisabled Z 1
instanceKlass org/apache/maven/plugin/surefire/SurefireProperties
instanceKlass java/security/Provider
ciInstanceKlass java/util/Properties 1 1 690 10 7 12 1 1 1 100 1 10 7 12 1 1 7 1 10 12 1 9 12 1 1 9 12 1 1 9 12 1 1 10 7 12 1 1 1 10 12 1 1 8 1 10 7 12 1 1 1 7 1 10 12 1 10 12 1 1 8 1 10 12 1 7 1 10 12 10 12 1 1 9 12 1 1 10 12 1 1 7 1 10 12 1 10 12 1 10 12 1 1 100 1 8 1 10 12 1 10 12 1 10 12 1 1 10 12 1 7 1 3 10 10 7 12 1 1 1 10 12 1 10 12 1 1 8 1 10 12 1 10 12 1 1 8 1 10 7 12 1 1 10 12 1 1 10 12 1 10 12 1 1 100 1 10 12 1 10 12 1 1 7 1 9 7 12 1 1 1 10 12 1 10 12 1 1 10 12 1 1 10 12 1 1 7 1 9 12 1 1 7 1 7 1 10 12 1 7 1 11 7 12 1 1 1 11 12 1 1 11 7 12 1 1 1 11 7 12 1 1 1 11 12 1 1 11 12 1 11 12 1 10 12 1 1 8 1 10 12 1 10 7 12 1 1 10 12 1 7 1 10 10 12 1 10 12 1 100 1 10 10 12 1 1 10 7 12 1 1 9 100 12 1 1 10 12 1 1 10 100 12 1 1 1 100 1 100 1 100 1 10 8 1 8 1 10 12 1 10 12 1 10 12 1 1 10 10 12 1 1 10 12 1 1 7 1 10 10 12 1 11 7 12 1 1 10 7 12 1 1 1 8 1 10 100 12 1 1 11 11 7 1 8 1 10 100 1 11 10 12 1 10 10 12 1 10 12 1 1 10 12 1 1 10 12 1 1 10 12 1 10 12 1 10 10 12 1 10 12 1 10 12 1 10 10 12 1 1 10 12 1 1 10 10 12 1 10 12 1 10 12 1 10 12 1 10 12 1 1 10 12 1 1 10 12 1 10 12 1 10 12 1 1 10 12 10 12 1 1 10 12 1 1 10 12 1 10 12 1 1 10 12 1 1 10 12 10 11 12 1 4 11 10 12 1 1 10 100 12 1 1 11 12 1 10 12 1 1 10 100 12 1 1 10 12 1 100 1 8 1 10 12 1 10 10 100 12 1 1 1 100 1 6 0 10 12 1 1 11 100 12 1 1 1 10 12 1 10 12 1 1 1 1 1 5 0 1 1 1 1 1 1 1 1 1 1 1 1 1 1 1 1 1 1 1 1 1 1 1 1 1 1 1 1 1 1 1 1 1 1 1 1 1 1 1 100 1 1 1 1 1 1 1 1 1 1 1 1 1 1 1 1 1 1 1 1 100 1 1 1 1 1 1 1 1 1 1 1 1 7 1 7 1 1 1 1 1 100 1 1 1 1 1 1 1 1 1 1 1 1 1 1 1 1 1 1 1 1 1 1 1 1 1 1 1 1 1 1 1 1 1 1 1 1 1 1 1 1 1 1 1 1 1 1 1 1 1 1 1 1 1 1 1 1 1 1 1 1 1 1 1 1 1 1 1 1 1 1 1 1 1 1 1 1 1 7 1 1 1 1 1 1 1 1 1 1 1 100 1 1
staticfield java/util/Properties UNSAFE Ljdk/internal/misc/Unsafe; jdk/internal/misc/Unsafe
instanceKlass java/util/Hashtable
ciInstanceKlass java/util/Dictionary 1 1 36 10 7 12 1 1 1 100 1 1 1 1 1 1 1 1 1 1 1 1 1 1 1 1 1 1 1 1 1 1 1 1 1 1 1 1
instanceKlass java/util/Properties
ciInstanceKlass java/util/Hashtable 1 1 516 7 1 10 7 12 1 1 1 9 7 12 1 1 1 100 1 7 1 10 8 1 10 12 1 1 10 12 1 10 12 1 1 10 12 1 10 7 12 1 1 1 8 1 10 12 1 9 12 1 1 7 1 9 12 1 1 4 10 7 12 1 1 1 9 12 1 4 10 12 1 11 7 12 1 1 1 10 12 1 1 10 12 1 1 9 12 1 10 12 1 1 100 1 10 9 12 1 1 10 7 12 1 1 1 9 12 1 1 10 12 1 10 12 1 3 9 12 1 9 12 1 3 10 12 1 10 12 1 10 12 1 1 11 12 1 1 11 100 12 1 1 1 11 7 12 1 1 1 11 12 1 100 1 11 12 1 11 12 1 10 12 1 1 10 12 1 1 10 12 1 9 12 1 1 9 12 9 12 1 1 10 100 1 7 1 10 12 1 10 8 1 10 10 12 1 8 1 10 8 1 10 100 12 1 1 1 7 1 10 12 1 10 12 1 100 1 10 12 1 10 12 1 1 100 1 10 100 1 10 10 12 1 1 11 12 1 1 11 12 1 7 1 10 10 10 100 12 1 1 11 100 12 1 1 1 100 1 10 11 100 12 1 1 11 100 12 1 10 12 1 10 12 1 1 10 100 12 1 1 10 12 1 1 10 12 1 1 10 12 1 1 10 100 12 1 1 1 8 10 100 12 1 1 100 1 8 1 10 4 4 10 12 1 1 10 12 1 8 1 4 10 12 10 100 12 1 1 1 100 1 11 100 12 1 1 1 10 100 12 1 1 1 10 12 1 10 12 1 1 10 7 1 7 1 1 1 1 1 1 5 0 1 1 1 1 1 3 1 3 1 3 1 1 1 1 1 1 1 1 1 1 1 1 1 1 1 1 1 1 1 1 1 1 1 1 1 100 1 1 1 1 1 1 1 1 1 1 1 1 1 1 1 1 1 1 1 1 1 1 1 1 1 1 1 1 1 7 1 1 1 1 1 1 1 1 1 1 1 1 1 1 7 1 1 1 1 1 1 1 1 1 1 1 1 1 1 1 1 1 1 1 1 1 1 1 1 1 1 1 1 1 1 1 1 1 1 1 1 1 1 1 1 1 1 1 1 100 1 1 1 7 1 1 1 1 1 7 1 1 1 1 1 1 1 1 1 1 1 1 1 1 1 1 1 1
ciInstanceKlass java/lang/String 1 1 1444 10 7 12 1 1 1 8 1 9 7 12 1 1 1 9 12 1 1 9 12 1 1 9 12 1 1 10 12 1 10 12 1 1 10 12 1 1 9 12 1 10 7 12 1 1 1 10 7 1 10 7 12 1 1 1 10 12 1 1 10 12 1 1 10 12 1 10 12 1 1 10 12 1 10 7 12 1 1 1 7 1 9 7 12 1 1 1 10 7 12 1 1 1 10 7 12 1 1 1 10 12 1 1 10 12 1 1 10 12 1 1 10 12 1 1 9 7 12 1 1 10 12 9 7 12 1 1 10 12 1 1 3 10 12 1 1 7 1 11 12 1 1 11 12 1 11 12 1 1 10 7 12 1 1 1 10 12 1 1 9 100 12 1 1 1 10 12 1 1 10 12 1 11 12 1 1 10 12 1 1 10 12 10 12 1 1 10 7 12 1 1 1 10 12 1 1 10 12 1 1 100 1 7 1 10 12 1 10 12 1 10 12 1 1 100 1 10 12 1 1 100 1 10 12 1 1 10 12 1 1 10 12 1 10 10 12 1 100 1 100 1 7 1 10 12 1 10 12 1 1 10 12 1 1 10 12 1 10 12 1 1 10 12 1 1 10 100 12 1 1 100 1 11 10 7 12 1 1 11 12 1 11 12 1 10 12 1 1 10 12 1 10 12 10 12 1 1 10 10 7 12 1 1 1 10 7 12 1 1 10 12 1 1 10 7 12 1 1 10 12 1 10 12 1 1 10 12 1 1 10 12 1 10 12 1 10 12 1 1 100 1 10 12 1 1 10 12 10 12 1 10 12 1 1 10 12 1 1 10 7 12 1 1 1 10 12 1 10 12 1 1 10 12 1 10 12 1 3 3 10 12 1 1 10 12 1 10 12 1 1 10 12 1 1 10 12 1 1 10 12 1 10 12 1 1 10 12 1 1 10 12 1 10 12 1 10 12 1 10 12 1 1 10 12 1 10 12 1 10 12 1 10 12 1 10 12 1 10 12 1 10 7 1 10 8 1 10 12 1 1 10 12 1 8 1 10 12 1 1 10 12 10 12 1 8 1 10 10 12 1 1 10 12 1 1 10 12 1 1 10 7 1 10 10 12 1 10 12 1 10 12 1 10 10 12 1 10 12 1 10 12 1 10 12 1 10 12 1 10 12 1 10 12 1 1 10 12 1 1 10 12 1 1 10 10 12 1 1 10 10 12 1 100 1 10 10 12 1 1 10 12 1 1 10 7 1 10 12 1 10 12 1 10 7 12 1 1 1 10 12 1 10 12 1 1 10 12 1 11 7 1 11 12 10 12 1 10 12 1 1 10 12 1 1 10 10 12 1 10 12 1 9 12 1 1 11 7 12 1 1 1 10 12 10 10 12 1 10 12 1 1 10 10 12 1 10 12 1 10 12 1 1 10 12 1 1 10 10 12 1 1 10 12 1 10 10 12 1 10 12 10 10 12 10 10 12 1 10 12 1 10 10 12 10 7 12 1 1 1 10 12 10 10 12 10 12 1 10 12 10 12 10 10 12 1 10 12 1 1 10 12 1 1 10 10 12 1 10 7 12 1 1 1 10 12 1 1 10 10 7 12 1 1 1 11 10 12 1 10 12 1 1 10 12 1 1 10 7 12 1 1 1 10 12 1 10 12 1 10 12 1 10 12 1 10 12 1 10 12 1 100 1 7 1 8 1 10 10 10 12 1 10 12 1 1 8 1 10 12 1 3 3 10 12 1 10 12 1 1 10 12 7 1 10 10 12 1 1 10 12 1 10 12 1 10 12 1 1 10 12 1 1 11 7 12 1 1 1 7 1 10 12 1 10 12 1 1 8 1 10 12 1 1 10 12 1 11 7 12 1 1 1 11 7 12 1 1 11 12 1 10 12 1 10 12 1 1 10 10 7 12 1 1 1 10 12 1 10 12 1 10 10 12 10 12 1 1 10 10 12 1 10 10 12 1 10 10 12 1 10 10 12 1 10 12 1 1 10 10 12 1 8 1 10 12 1 1 18 12 1 1 11 100 12 1 1 1 7 1 3 18 12 1 18 12 1 8 1 10 100 12 1 1 1 11 12 1 1 10 12 10 10 12 1 10 11 12 1 1 10 12 1 1 11 12 1 18 3 11 10 12 1 11 11 10 12 1 10 12 1 1 8 1 10 12 1 10 12 1 10 12 1 1 10 10 12 1 11 100 12 1 7 1 100 1 10 12 7 1 10 10 7 12 1 1 1 100 1 10 7 1 10 10 12 1 10 10 12 1 8 1 10 10 12 1 8 1 8 1 10 12 1 10 12 1 10 10 12 10 7 12 1 1 10 7 12 1 1 10 7 12 1 1 8 1 10 12 1 10 12 1 10 9 12 1 10 12 9 7 12 1 1 1 10 12 1 10 12 1 10 12 1 10 12 1 10 12 1 8 1 10 100 12 1 1 1 10 12 10 12 1 1 10 12 10 10 12 10 12 7 1 9 12 1 1 7 1 10 7 1 7 1 7 1 7 1 1 1 1 1 1 5 0 1 1 1 1 1 3 1 3 1 1 1 1 1 1 1 1 1 1 1 1 1 1 1 100 1 1 1 1 1 1 1 1 1 1 1 1 1 1 1 1 1 1 1 1 1 1 1 1 1 1 1 1 1 1 1 100 1 1 1 1 1 1 1 1 1 1 1 7 1 1 1 1 1 1 1 1 1 1 1 1 1 1 1 1 1 1 1 1 1 1 1 1 1 1 1 1 1 1 1 1 1 1 1 1 1 1 1 1 1 1 1 1 1 1 1 1 1 1 1 1 1 1 1 1 1 1 1 1 1 1 1 1 1 1 1 1 1 1 1 1 1 1 1 1 1 1 1 1 1 1 1 1 1 1 1 1 1 1 1 1 1 1 1 1 1 1 1 1 1 1 1 1 1 1 1 1 1 1 1 1 1 1 1 1 1 1 1 1 1 1 1 1 1 1 1 1 1 1 1 1 1 1 1 1 1 1 1 1 1 1 1 1 1 1 1 1 1 1 1 1 1 1 1 1 1 1 1 1 1 1 1 1 1 1 1 1 1 1 1 1 1 1 1 100 1 1 1 1 1 1 1 1 1 1 1 1 1 1 1 1 1 1 1 1 1 1 1 100 1 1 1 1 1 1 1 1 1 1 1 1 1 1 1 7 1 1 1 1 1 1 1 1 1 1 1 1 1 1 1 16 15 10 12 16 15 10 12 15 10 12 15 10 12 15 10 100 12 1 1 1 1 1 1 1 100 1 100 1 1 1
staticfield java/lang/String COMPACT_STRINGS Z 1
staticfield java/lang/String serialPersistentFields [Ljava/io/ObjectStreamField; 0 [Ljava/io/ObjectStreamField;
staticfield java/lang/String CASE_INSENSITIVE_ORDER Ljava/util/Comparator; java/lang/String$CaseInsensitiveComparator
ciInstanceKlass java/lang/constant/ConstantDesc 1 0 37 100 1 100 1 1 1 1 7 1 1 1 1 100 1 100 1 100 1 100 1 100 1 100 1 100 1 100 1 100 1 1 100 1 100 1 1
ciInstanceKlass java/lang/InternalError 0 0 34 10 100 12 1 1 1 10 12 1 10 12 1 10 12 1 100 1 1 1 1 5 0 1 1 1 1 1 1 1 1 1 1 1
instanceKlass com/sun/tools/javac/file/PathFileObject$CannotCreateUriError
instanceKlass com/sun/tools/javac/processing/ServiceProxy$ServiceConfigurationError
instanceKlass com/sun/tools/javac/util/Abort
instanceKlass com/sun/tools/javac/processing/AnnotationProcessingError
instanceKlass com/sun/tools/javac/util/FatalError
instanceKlass java/util/ServiceConfigurationError
instanceKlass com/google/common/util/concurrent/ExecutionError
instanceKlass java/lang/AssertionError
instanceKlass java/io/IOError
instanceKlass org/apache/maven/BuildAbort
instanceKlass java/lang/VirtualMachineError
instanceKlass java/lang/LinkageError
ciInstanceKlass java/lang/Error 1 1 40 10 7 12 1 1 1 10 12 1 10 12 1 10 12 1 10 12 1 100 1 1 1 1 5 0 1 1 1 1 1 1 1 1 1 1 1 1 1 1
instanceKlass java/lang/StackOverflowError
instanceKlass java/lang/OutOfMemoryError
instanceKlass java/lang/InternalError
ciInstanceKlass java/lang/VirtualMachineError 1 1 34 10 100 12 1 1 1 10 12 1 10 12 1 10 12 1 100 1 1 1 1 5 0 1 1 1 1 1 1 1 1 1 1 1
ciInstanceKlass java/util/Iterator 1 1 53 100 1 8 1 10 12 1 1 10 7 12 1 1 1 11 7 12 1 1 1 11 12 1 1 11 7 12 1 1 1 7 1 1 1 1 1 1 1 1 1 1 1 1 1 1 1 1 1 1 1 1 1
instanceKlass org/apache/commons/io/input/ClosedInputStream
instanceKlass org/iq80/snappy/AbstractSnappyInputStream
instanceKlass org/codehaus/plexus/components/io/resources/ClosingInputStream
instanceKlass org/apache/commons/compress/compressors/CompressorInputStream
instanceKlass jdk/nio/zipfs/ZipFileSystem$EntryInputStream
instanceKlass java/io/SequenceInputStream
instanceKlass org/apache/http/client/entity/LazyDecompressingInputStream
instanceKlass org/apache/http/conn/EofSensorInputStream
instanceKlass sun/nio/ch/NioSocketImpl$1
instanceKlass java/net/Socket$SocketInputStream
instanceKlass sun/security/ssl/SSLSocketImpl$AppInputStream
instanceKlass org/apache/http/impl/conn/LoggingInputStream
instanceKlass org/apache/http/impl/io/ContentLengthInputStream
instanceKlass org/apache/http/impl/io/EmptyInputStream
instanceKlass org/apache/http/impl/io/IdentityInputStream
instanceKlass org/apache/http/impl/io/ChunkedInputStream
instanceKlass org/apache/http/client/entity/DeflateInputStream
instanceKlass sun/nio/ch/ChannelInputStream
instanceKlass java/util/zip/ZipFile$ZipFileInputStream
instanceKlass java/io/FilterInputStream
instanceKlass java/io/FileInputStream
instanceKlass java/io/ByteArrayInputStream
ciInstanceKlass java/io/InputStream 1 1 195 7 1 10 7 12 1 1 1 100 1 10 10 7 12 1 1 1 10 7 12 1 1 1 10 12 1 100 1 3 10 12 1 1 100 1 8 1 10 12 1 10 7 12 1 1 1 3 7 1 8 1 10 10 7 12 1 1 1 7 1 10 11 7 12 1 1 1 10 12 1 1 11 12 1 1 11 7 12 1 1 1 11 12 1 1 7 1 10 7 12 1 1 1 5 0 10 12 1 10 12 1 1 100 1 10 8 1 10 8 1 8 1 10 12 1 1 10 100 12 1 1 1 7 1 5 0 10 12 1 100 1 7 1 1 1 1 3 1 3 1 1 1 1 1 1 1 1 1 1 1 1 1 1 1 1 1 1 1 1 1 1 1 1 1 1 1 1 1 1 1 1 1 1 1 1 1 1 1 1 1 1 1 1 1 1 1 1 1 1 1 1 1 1 1
ciInstanceKlass jdk/internal/misc/Unsafe 1 1 1287 10 7 12 1 1 1 9 7 12 1 1 1 9 12 1 1 10 12 1 1 10 7 12 1 1 1 10 12 1 1 10 12 1 1 10 12 1 1 10 12 1 1 10 12 1 1 10 12 1 1 10 12 1 1 10 12 1 1 10 12 1 1 10 12 1 1 10 12 1 1 10 12 1 1 10 12 1 1 10 12 1 10 12 1 100 1 10 10 12 1 1 10 12 1 1 5 0 10 12 1 1 10 12 1 1 10 7 12 1 1 1 10 12 1 1 10 12 1 10 12 1 10 12 1 1 10 12 1 1 10 12 1 10 12 1 7 1 7 1 10 8 1 10 12 1 1 10 12 1 8 1 10 12 1 1 10 12 1 10 12 1 10 12 1 1 10 12 1 10 12 1 1 10 12 1 1 10 12 1 10 12 1 10 12 1 10 12 1 1 10 12 1 10 12 1 10 12 1 1 10 12 1 5 0 5 0 5 0 10 12 1 10 12 1 10 12 1 10 12 1 10 12 1 10 12 1 10 12 1 10 12 1 10 12 1 1 10 12 1 10 12 1 7 1 8 1 10 100 1 10 10 12 1 1 10 12 1 1 10 12 1 10 12 1 1 10 12 1 1 10 12 1 10 12 1 1 10 12 1 9 7 12 1 1 9 12 1 100 1 10 10 12 1 1 8 1 10 8 1 8 1 10 12 1 1 9 7 12 1 1 1 9 7 1 9 7 1 9 7 1 9 9 7 1 9 7 1 9 7 1 10 12 1 1 10 12 1 1 10 12 1 1 10 12 1 1 5 0 5 0 9 12 1 1 10 12 1 10 12 1 10 12 1 1 10 12 1 1 10 12 1 8 1 3 10 12 1 1 10 12 1 1 10 12 1 10 12 1 1 10 12 1 1 10 12 1 10 12 1 10 12 1 10 12 1 10 12 1 10 12 1 1 10 12 1 1 10 12 1 10 12 1 10 12 1 10 12 1 10 12 1 10 12 1 1 10 12 1 1 10 12 1 10 12 1 10 12 1 10 12 1 10 12 1 10 12 1 1 10 12 1 1 10 12 1 1 10 12 1 1 10 12 1 10 12 1 10 12 1 10 12 1 10 12 1 10 12 1 10 12 1 1 10 12 1 1 10 12 1 10 12 1 10 12 1 10 12 1 10 12 1 10 12 1 10 12 1 1 10 12 1 1 10 12 1 10 12 1 10 12 1 10 12 1 10 12 1 10 12 1 10 12 1 10 12 1 1 10 12 1 10 12 1 10 12 1 10 12 1 10 12 1 1 10 12 1 10 12 1 10 12 1 10 12 1 10 12 1 10 12 1 10 12 1 10 12 1 1 10 12 1 10 12 1 10 12 1 10 12 1 10 12 1 10 12 1 1 10 12 1 10 12 1 10 12 1 1 10 12 1 10 12 1 10 12 1 10 12 1 10 12 1 10 12 1 10 12 1 10 12 1 10 12 1 10 12 1 10 12 1 10 12 1 10 12 1 10 12 1 10 12 1 10 12 1 10 12 1 10 12 1 10 12 1 10 12 1 10 12 1 10 12 1 10 12 1 100 1 10 100 1 10 9 12 1 5 0 10 12 1 1 5 0 10 12 1 5 0 10 12 1 10 12 1 10 12 1 1 10 12 1 1 10 12 1 10 12 1 10 12 1 10 12 1 1 10 12 1 10 12 1 10 12 1 10 12 1 10 12 1 1 10 12 1 10 12 1 10 12 1 10 12 1 1 10 12 1 10 12 1 10 12 1 1 10 12 1 10 12 1 10 12 1 10 12 1 1 10 12 1 10 10 12 1 1 10 12 1 10 12 1 1 10 12 1 10 12 5 0 5 0 5 0 10 12 1 1 10 12 1 10 12 1 10 12 10 100 12 1 1 8 1 100 1 11 12 1 1 8 1 11 12 1 1 10 100 12 1 1 10 12 1 10 12 1 10 12 1 10 12 1 10 12 1 1 10 12 1 10 12 1 10 12 1 10 12 1 10 12 1 10 12 1 10 7 1 10 12 1 9 12 1 7 1 9 12 1 7 1 9 12 1 7 1 9 12 1 7 1 9 12 1 7 1 9 12 1 7 1 9 12 1 7 1 9 12 1 7 1 9 12 1 10 12 1 9 12 1 9 12 1 9 12 1 9 12 1 9 12 1 9 12 1 9 12 1 9 12 1 9 12 1 9 12 1 1 1 3 1 1 1 1 1 1 1 1 1 1 1 1 1 1 1 1 1 1 1 1 1 1 1 1 1 1 1 1 1 1 1 1 1 1 1 1 1 1 1 1 1 1 1 1 1 1 1 1 1 1 1 1 1 1 1 1 1 1 1 1 1 1 1 1 1 1 1 1 1 1 1 1 1 1 1 1 1 1 1 1 1 1 1 1 1 1 1 1 1 100 1 1 1 1 1 1 1 1 1 1 1 1 1 1 1 1 1 1 1 1 1 1 1 1 1 1 1 1 1 1 1 1 1 1 1 1 1 1 1 1 1 1 1 1 1 1 1 1 1 1 1 1 1 1 1 1 1 1 1 1 1 1 1 1 1 1 1 1 1 1 1 1 1 1 1 1 1 1 1 1 1 1 1 1 1 1 1 1 1 1 1 1 1 1 1 1 1 1 1 1 1 1 1 1 1 1 1 1 1 1 1 1 1 1 1 1 1 1 1 1 1 1 1 1 1 1 1 1 1 1 1 1 1 1 1 1 1 1 1 1 1 1 1 1 1 1 1 1 1 1 1 1 1 1 1 1 1 1 1 1 1 1 1 1 1 1 1 1 1 1 1 1 1 1 1 1 1 1 1 1 1 1 1 1 1 1 1 1 1 1 1 1 1 1 1 1 1 1 1 1 1 1 1 1 1 1 3 1 1 1 1 1 1 1 1 1 1 1 1 1 1 1 1 1 1 1 1 1
staticfield jdk/internal/misc/Unsafe theUnsafe Ljdk/internal/misc/Unsafe; jdk/internal/misc/Unsafe
staticfield jdk/internal/misc/Unsafe ARRAY_BOOLEAN_BASE_OFFSET I 16
staticfield jdk/internal/misc/Unsafe ARRAY_BYTE_BASE_OFFSET I 16
staticfield jdk/internal/misc/Unsafe ARRAY_SHORT_BASE_OFFSET I 16
staticfield jdk/internal/misc/Unsafe ARRAY_CHAR_BASE_OFFSET I 16
staticfield jdk/internal/misc/Unsafe ARRAY_INT_BASE_OFFSET I 16
staticfield jdk/internal/misc/Unsafe ARRAY_LONG_BASE_OFFSET I 16
staticfield jdk/internal/misc/Unsafe ARRAY_FLOAT_BASE_OFFSET I 16
staticfield jdk/internal/misc/Unsafe ARRAY_DOUBLE_BASE_OFFSET I 16
staticfield jdk/internal/misc/Unsafe ARRAY_OBJECT_BASE_OFFSET I 16
staticfield jdk/internal/misc/Unsafe ARRAY_BOOLEAN_INDEX_SCALE I 1
staticfield jdk/internal/misc/Unsafe ARRAY_BYTE_INDEX_SCALE I 1
staticfield jdk/internal/misc/Unsafe ARRAY_SHORT_INDEX_SCALE I 2
staticfield jdk/internal/misc/Unsafe ARRAY_CHAR_INDEX_SCALE I 2
staticfield jdk/internal/misc/Unsafe ARRAY_INT_INDEX_SCALE I 4
staticfield jdk/internal/misc/Unsafe ARRAY_LONG_INDEX_SCALE I 8
staticfield jdk/internal/misc/Unsafe ARRAY_FLOAT_INDEX_SCALE I 4
staticfield jdk/internal/misc/Unsafe ARRAY_DOUBLE_INDEX_SCALE I 8
staticfield jdk/internal/misc/Unsafe ARRAY_OBJECT_INDEX_SCALE I 4
staticfield jdk/internal/misc/Unsafe ADDRESS_SIZE I 8
instanceKlass com/google/inject/internal/aop/ChildClassDefiner$ChildLoader
instanceKlass org/eclipse/sisu/space/CloningClassSpace$CloningClassLoader
instanceKlass jdk/internal/reflect/DelegatingClassLoader
instanceKlass java/security/SecureClassLoader
ciInstanceKlass java/lang/ClassLoader 1 1 1108 9 7 12 1 1 1 10 7 12 1 1 1 9 12 1 1 10 7 12 1 1 1 7 1 10 12 1 1 10 12 1 1 9 12 1 1 10 12 1 1 100 1 10 12 1 10 12 1 1 10 7 12 1 1 1 100 1 8 1 10 12 1 10 7 12 1 1 1 10 7 12 1 10 7 1 10 7 1 7 1 7 1 10 12 1 10 12 1 9 12 1 1 10 10 7 12 1 1 1 9 12 1 1 9 12 1 9 12 1 1 9 12 1 9 12 1 1 9 12 1 1 7 1 10 12 1 9 12 1 1 10 12 1 1 10 7 12 1 1 1 9 12 1 9 12 1 1 9 12 1 10 12 1 1 9 12 10 12 1 1 7 1 10 8 1 10 12 1 1 10 12 1 10 7 1 7 1 10 12 1 1 10 7 12 1 1 1 8 1 10 12 1 10 12 1 10 12 1 1 10 12 1 1 10 12 1 1 10 12 1 1 10 12 1 1 10 12 1 7 1 10 12 1 10 7 12 1 1 1 10 12 1 1 10 12 1 10 12 1 10 12 1 10 12 1 10 12 1 1 10 10 12 1 10 12 1 10 100 12 1 1 10 12 1 1 10 12 1 1 10 12 1 100 1 10 12 1 7 1 10 12 1 10 7 12 1 1 1 10 10 12 1 1 10 12 1 1 7 1 8 1 10 8 1 10 12 1 10 12 1 100 1 8 1 10 12 1 1 10 12 1 1 10 10 12 1 1 10 12 1 1 10 12 1 1 10 7 1 10 12 1 1 10 12 1 1 10 12 1 1 10 12 1 1 10 12 1 1 10 12 1 1 10 12 1 10 7 12 1 1 1 10 12 1 10 12 1 10 12 1 1 10 12 1 10 12 1 10 12 1 10 12 1 1 10 12 1 10 12 1 1 8 1 9 12 1 10 12 1 1 8 1 8 1 10 7 12 1 1 100 1 10 10 12 10 12 1 10 12 1 10 12 1 10 12 1 1 10 7 12 1 1 10 12 1 10 7 1 7 1 10 12 1 1 10 12 1 10 7 1 10 12 1 100 1 18 12 1 10 100 12 1 1 1 10 100 12 1 1 1 10 7 12 1 1 10 12 1 10 12 1 100 1 10 12 1 8 1 10 10 12 1 1 10 12 1 10 12 1 1 100 1 10 12 1 10 12 1 1 10 7 12 1 1 10 12 1 8 1 100 1 10 10 12 1 9 12 1 10 7 12 1 1 10 12 1 7 1 8 1 10 12 1 10 8 1 8 1 10 12 1 1 10 12 1 1 10 12 1 1 10 7 12 1 1 7 1 100 1 10 12 1 1 7 1 7 1 10 7 12 1 1 10 12 1 10 12 1 1 10 12 1 10 12 1 1 10 12 1 1 9 100 12 1 1 1 10 12 1 1 10 12 1 10 12 1 10 12 1 1 10 12 1 8 1 7 1 18 12 1 1 10 12 1 1 10 12 1 10 12 1 10 12 1 8 1 10 12 1 10 12 1 18 12 1 11 100 12 1 1 1 100 1 10 12 1 1 10 12 1 10 11 12 1 1 10 18 10 12 1 1 11 7 12 1 18 12 1 11 12 1 1 10 12 10 12 1 1 10 12 1 1 100 1 8 1 10 10 12 1 8 1 8 1 10 100 12 1 1 10 12 1 100 1 10 10 12 1 8 1 8 1 8 1 10 12 1 10 12 1 1 10 12 1 10 7 12 1 1 1 11 7 12 1 1 100 1 10 11 10 12 1 10 12 1 10 12 1 1 9 7 12 1 1 9 12 1 1 9 12 9 12 1 9 12 1 9 12 1 8 10 12 1 1 10 7 12 1 1 1 10 12 1 1 10 12 1 1 10 12 1 10 10 12 1 11 12 1 1 10 100 12 1 1 1 100 1 10 12 1 10 12 1 10 12 1 1 1 1 1 1 1 1 1 1 1 1 1 1 1 1 1 1 1 1 1 1 1 1 1 1 1 1 100 1 1 1 1 1 1 1 1 1 1 1 1 1 1 1 1 1 1 1 1 1 100 1 1 1 1 1 1 1 1 1 1 100 1 1 1 1 1 1 1 1 1 1 1 1 1 1 1 1 1 1 1 1 1 1 1 1 1 1 1 1 1 1 1 1 1 1 1 1 1 1 1 1 1 100 1 1 1 1 1 1 1 1 1 1 1 1 1 1 1 1 1 1 1 7 1 1 1 1 1 1 1 1 1 1 1 1 1 1 1 1 1 1 1 1 1 1 1 1 1 1 1 1 1 1 1 1 1 1 1 1 1 1 1 1 1 1 1 1 1 1 1 1 1 1 100 1 1 1 1 1 1 1 1 1 1 1 1 1 1 1 1 1 1 1 1 1 1 1 1 1 1 1 1 1 1 1 1 1 1 1 1 1 1 1 1 1 1 1 1 1 1 16 1 15 10 12 16 1 16 15 10 12 16 1 16 1 15 10 12 16 15 10 12 16 15 10 12 16 15 10 100 12 1 1 1 1 1 100 1 100 1 1
staticfield java/lang/ClassLoader nocerts [Ljava/security/cert/Certificate; 0 [Ljava/security/cert/Certificate;
staticfield java/lang/ClassLoader $assertionsDisabled Z 1
ciInstanceKlass java/lang/reflect/Constructor 1 1 439 10 7 12 1 1 1 10 7 12 1 1 9 7 12 1 1 1 10 12 1 1 10 12 1 1 10 7 12 1 1 9 12 1 1 10 7 12 1 1 1 9 12 1 1 9 12 1 1 9 12 1 9 12 1 1 9 12 1 9 12 1 1 9 12 1 1 9 12 1 100 1 8 1 10 12 1 10 12 1 9 12 1 1 10 7 12 1 1 10 7 12 1 1 1 10 12 1 1 10 12 1 1 10 12 1 7 1 100 1 8 1 10 10 12 1 10 12 1 10 12 1 1 10 12 1 1 9 100 12 1 1 1 10 7 12 1 1 10 12 1 1 10 12 1 10 12 1 1 10 7 12 1 1 1 10 100 12 1 1 10 12 1 1 10 12 1 10 7 12 1 1 1 8 1 10 10 12 1 100 1 8 1 10 12 1 10 12 1 1 10 12 1 1 10 12 1 10 12 1 10 12 1 1 10 12 1 1 9 12 1 1 10 12 1 1 10 12 1 1 10 12 1 1 11 7 12 1 1 1 10 12 1 1 10 12 1 10 12 1 10 12 1 8 1 9 12 1 1 10 7 12 1 1 1 10 7 12 1 1 10 12 1 1 10 12 1 1 10 12 1 1 10 12 1 1 10 12 1 9 7 12 1 1 10 12 1 10 12 1 10 12 1 100 1 8 1 10 10 12 1 1 10 12 1 10 10 12 1 1 10 12 1 1 10 100 12 1 1 1 11 100 12 1 1 1 10 12 1 1 9 100 12 1 1 1 10 100 12 1 1 1 10 12 1 1 1 1 1 1 1 1 1 1 1 1 1 1 1 1 1 1 1 1 1 1 1 1 1 1 1 1 1 1 1 1 1 1 1 1 1 1 1 1 1 1 1 1 1 1 1 1 1 1 1 1 100 1 100 1 100 1 100 1 1 1 1 1 1 1 1 1 1 1 1 1 1 1 1 1 1 1 1 1 1 1 1 1 1 1 1 1 1 1 1 1 100 1 1
instanceKlass java/lang/reflect/Executable
instanceKlass java/lang/reflect/Field
ciInstanceKlass java/lang/reflect/AccessibleObject 1 1 400 10 7 12 1 1 1 9 100 12 1 1 1 10 7 12 1 1 1 10 7 12 1 1 10 7 12 1 1 1 10 7 12 1 1 1 10 12 1 1 10 12 1 1 9 12 1 1 7 1 10 7 12 1 1 1 11 12 1 7 1 10 12 1 7 1 100 1 10 12 1 10 12 1 1 10 12 1 1 10 12 1 1 10 12 1 1 7 1 10 7 12 1 1 1 10 12 1 1 11 10 7 12 1 1 1 10 12 1 1 10 12 1 10 12 1 10 12 1 1 10 12 1 8 1 7 1 7 1 10 10 12 1 1 8 1 10 12 1 10 12 1 8 1 8 1 8 1 8 1 8 1 8 1 8 1 8 1 8 1 100 1 10 12 1 10 12 1 9 12 1 1 10 12 1 1 10 12 1 10 7 1 100 1 8 1 10 8 1 10 12 1 8 1 10 12 1 10 12 1 1 10 100 1 8 1 10 11 7 12 1 1 1 10 12 1 1 10 12 1 1 10 12 1 1 9 12 1 1 100 1 10 12 1 7 1 10 12 1 10 12 1 1 10 100 1 10 12 1 10 12 10 12 1 10 12 1 10 12 1 1 10 12 1 9 12 1 10 100 12 1 1 8 1 10 100 12 1 1 1 8 1 10 7 12 1 1 1 9 12 1 7 1 10 7 1 10 10 7 12 1 1 1 7 1 10 10 7 12 1 1 1 7 1 9 12 1 1 1 1 1 1 1 1 1 1 1 1 1 1 1 1 1 1 1 1 1 1 1 1 1 1 1 1 1 1 1 1 1 1 1 1 1 1 1 1 1 1 1 1 1 1 1 1 1 1 1 1 1 1 1 1 1 1 1 1 1 1 1 1 1 1 1 1 1 1 1 1 1 1 1 1 1 1 1 1 1 1 1 1
staticfield java/lang/reflect/AccessibleObject reflectionFactory Ljdk/internal/reflect/ReflectionFactory; jdk/internal/reflect/ReflectionFactory
instanceKlass java/lang/reflect/Constructor
instanceKlass java/lang/reflect/Method
ciInstanceKlass java/lang/reflect/Executable 1 1 577 10 7 12 1 1 1 10 7 12 1 1 1 10 7 12 1 1 1 11 7 12 1 1 1 10 7 12 1 1 1 10 12 1 1 10 7 12 1 1 1 10 7 12 1 1 1 10 12 1 8 1 10 10 12 1 1 10 12 1 1 10 100 12 1 1 1 18 12 1 1 11 100 12 1 1 1 8 1 8 1 8 1 10 100 12 1 1 1 11 12 1 1 7 1 8 1 8 1 10 12 1 7 1 8 1 10 12 1 8 1 11 100 12 1 1 1 7 1 11 7 12 1 1 1 11 12 1 8 1 18 8 1 10 12 1 10 12 1 1 18 8 1 10 12 1 100 1 10 12 1 10 12 1 11 12 1 10 12 1 1 8 1 8 1 10 12 1 1 10 12 1 1 10 10 12 1 9 100 12 1 1 1 10 100 12 1 1 1 10 12 1 10 12 1 1 10 7 12 1 1 10 12 1 10 12 1 10 12 1 10 12 1 1 10 7 12 1 1 10 12 1 10 12 1 1 9 7 12 1 1 1 10 100 12 1 1 10 12 1 8 1 10 12 1 10 12 1 3 100 1 8 1 10 12 1 10 12 1 10 10 12 1 10 12 1 1 8 1 8 1 8 1 9 12 1 1 9 12 1 10 12 1 100 1 8 1 10 12 1 10 12 1 10 12 1 1 10 12 1 1 10 12 1 10 12 10 12 1 7 1 10 12 1 10 12 1 1 100 1 10 7 12 1 1 1 7 1 10 7 12 1 1 1 10 12 1 1 11 7 12 1 1 10 7 12 1 1 10 100 12 1 1 1 10 12 1 1 9 12 1 10 12 1 1 10 12 1 10 12 1 1 9 7 12 1 1 1 10 7 12 1 1 1 10 12 1 10 12 1 1 9 12 1 10 10 10 10 100 12 1 1 1 10 12 1 9 12 1 10 12 1 1 9 12 1 7 1 7 1 1 1 1 1 1 1 1 1 1 1 1 1 1 1 1 1 1 1 1 1 1 1 1 1 1 1 1 1 1 1 1 1 1 1 1 100 1 1 1 1 1 1 1 1 100 1 1 1 1 1 1 1 1 1 1 1 1 100 1 1 1 1 1 1 1 1 1 1 1 1 1 1 1 1 1 1 1 1 1 1 1 1 1 1 1 1 1 1 1 1 1 1 1 1 1 1 1 1 1 1 1 7 1 1 1 1 1 1 1 1 1 1 1 1 1 1 1 1 1 1 1 1 1 1 7 1 7 1 1 16 15 16 1 16 1 15 10 12 16 15 10 100 12 1 1 1 1 1 1 100 1 1 100 1 100 1 1
ciInstanceKlass java/lang/reflect/Member 1 1 37 100 1 10 12 1 1 100 1 100 1 1 1 1 3 1 3 1 1 1 1 1 1 1 1 1 1 1 1 1 1 1 1 1 1 1 1
instanceKlass com/sun/tools/javac/file/BaseFileManager$1
instanceKlass org/apache/maven/shared/utils/logging/MessageUtils$1
instanceKlass java/util/logging/LogManager$Cleaner
instanceKlass org/apache/maven/shared/utils/logging/MessageUtils$1
instanceKlass jdk/internal/misc/InnocuousThread
instanceKlass java/util/concurrent/ForkJoinWorkerThread
instanceKlass java/lang/ref/Finalizer$FinalizerThread
instanceKlass java/lang/ref/Reference$ReferenceHandler
instanceKlass java/lang/BaseVirtualThread
ciInstanceKlass java/lang/Thread 1 1 870 10 7 12 1 1 1 9 12 1 1 10 7 12 1 1 10 12 1 10 100 12 1 1 100 1 8 1 10 12 1 1 9 12 1 9 12 1 1 9 12 1 1 7 1 10 12 1 1 10 12 1 10 100 12 1 1 1 10 12 9 12 1 1 10 12 1 7 1 10 12 1 100 1 8 1 10 9 100 12 1 1 1 10 12 1 1 10 12 1 1 10 12 1 1 10 12 1 10 12 1 1 3 8 1 7 1 5 0 10 7 12 1 1 1 9 12 1 10 12 1 1 10 7 12 1 1 1 10 7 12 1 1 1 10 12 1 1 10 12 1 1 9 12 1 1 10 7 1 8 1 10 7 1 10 12 1 9 12 1 1 10 7 12 1 1 1 10 10 12 1 1 9 100 12 1 1 1 10 12 1 1 10 12 1 1 10 7 12 1 1 10 12 1 10 12 1 10 7 12 1 1 9 12 1 10 7 12 1 1 1 10 12 1 1 9 12 1 1 9 12 1 1 10 7 12 1 1 1 9 12 1 1 10 7 12 1 1 10 7 12 1 1 1 10 12 1 10 12 1 10 7 12 1 1 9 12 1 8 1 9 7 12 1 1 9 12 1 1 5 0 100 1 10 100 1 10 100 1 10 7 1 10 8 1 10 12 1 1 10 7 12 1 10 12 1 10 12 1 100 1 8 1 10 10 12 1 10 12 1 1 10 100 12 1 1 1 10 100 12 1 1 1 10 12 1 7 1 9 12 1 1 100 1 10 10 12 1 9 12 1 1 10 12 1 1 10 12 1 1 10 12 1 10 12 1 9 12 1 1 10 10 12 1 1 10 12 1 1 11 7 12 1 1 10 7 12 1 1 9 12 1 9 12 1 1 9 12 1 1 10 100 12 1 1 10 12 1 1 9 7 12 1 1 1 10 7 12 1 1 10 12 1 10 12 1 100 1 10 10 12 9 12 1 1 10 12 1 11 100 12 1 1 10 12 1 10 12 1 10 12 1 9 12 1 10 10 12 1 10 12 1 1 9 12 1 9 12 10 12 1 8 1 10 12 1 10 12 1 10 12 1 10 12 1 10 12 1 1 10 12 1 10 12 1 1 10 12 1 10 12 1 10 12 1 10 12 1 10 12 1 1 9 7 12 1 1 1 8 1 10 9 12 1 10 12 1 7 1 8 1 10 10 12 1 8 1 10 12 1 1 9 12 10 12 8 1 10 10 12 1 10 12 1 8 1 10 12 1 10 8 1 10 100 12 1 1 10 12 1 1 100 1 8 1 10 9 12 1 9 12 1 1 10 12 1 1 10 10 12 1 10 12 1 100 10 7 12 1 1 1 9 12 1 10 12 1 1 10 12 1 1 10 100 12 1 1 1 11 7 12 1 1 1 9 100 12 1 1 1 10 100 12 1 1 1 7 1 10 12 1 100 1 10 12 1 10 12 1 1 10 12 1 1 8 1 9 12 1 10 12 1 10 12 1 1 11 7 12 1 1 1 10 12 1 1 1 1 3 1 3 1 3 1 3 1 1 1 1 1 1 1 1 1 1 1 1 1 1 1 1 1 1 1 1 1 7 1 1 1 1 1 1 1 1 1 1 1 1 1 1 1 1 1 1 1 1 1 1 100 1 1 1 1 1 1 1 1 1 1 1 1 1 1 1 1 7 1 7 1 1 1 1 1 1 1 1 1 1 1 1 1 1 1 1 1 1 1 1 1 1 1 1 1 1 1 1 1 1 1 1 1 1 1 1 1 1 1 1 1 1 1 1 1 1 1 1 1 1 1 1 1 1 1 1 1 1 1 1 1 1 1 1 1 1 1 1 1 1 1 1 1 1 1 1 100 100 1 1 1 1 1 1 1 1 1 1 1 1 1 1 1 1 1 1 1 1 1 1 1 1 1 1 100 1 100 1 100 1 100 1 100 1 1 100 1 1 1 1 1 1 1 1 1 1 1 1 1 1 1
staticfield java/lang/Thread NEW_THREAD_BINDINGS Ljava/lang/Object; java/lang/Class
staticfield java/lang/Thread EMPTY_STACK_TRACE [Ljava/lang/StackTraceElement; 0 [Ljava/lang/StackTraceElement;
ciInstanceKlass java/lang/Runnable 1 0 11 100 1 100 1 1 1 1 1 1 1
ciInstanceKlass java/net/URL 1 1 771 10 7 12 1 1 1 10 12 1 10 7 12 1 1 9 12 1 1 9 12 1 10 7 12 1 1 1 10 12 1 1 10 12 1 1 9 12 1 1 10 7 12 1 1 1 8 1 10 12 1 1 7 1 10 10 12 1 1 8 1 10 12 1 1 9 12 1 100 1 8 1 10 12 1 10 12 1 8 1 9 12 1 10 12 1 1 9 12 1 10 12 1 10 12 1 9 12 1 9 12 1 8 1 9 12 1 10 12 1 1 8 1 9 12 1 1 10 12 1 1 10 7 12 1 1 1 8 1 10 12 1 7 1 10 12 1 10 12 1 10 12 1 10 12 1 1 10 12 1 1 8 1 10 12 1 1 10 12 1 8 1 9 12 1 8 1 10 12 1 10 7 12 1 1 1 7 1 10 12 1 10 12 1 1 10 7 12 1 1 1 100 1 8 1 10 10 12 1 8 1 10 12 1 1 10 12 1 10 12 1 10 12 1 10 12 1 10 12 1 10 12 1 8 1 10 12 1 8 1 10 10 100 1 10 10 12 1 8 1 10 7 12 1 1 1 10 12 1 9 100 12 1 1 1 10 7 12 1 1 1 9 12 1 1 10 12 1 10 100 12 1 1 1 100 1 100 1 10 12 1 10 12 1 10 12 1 10 12 1 10 12 1 10 12 10 10 12 1 10 12 1 10 12 1 1 8 1 9 100 12 1 1 1 10 100 12 1 1 1 10 12 1 1 9 100 12 1 1 1 10 12 1 1 100 1 10 12 1 10 12 1 10 10 12 1 1 10 12 1 1 10 12 1 10 12 1 10 12 1 10 7 12 1 1 1 10 12 1 1 10 12 1 9 12 1 1 9 12 1 1 7 1 8 1 10 10 12 1 9 12 1 1 10 7 12 1 1 8 1 10 7 12 1 1 8 1 10 12 1 1 10 12 1 8 1 8 1 10 7 12 1 1 1 7 1 10 7 12 1 1 1 10 12 1 10 12 1 7 1 10 9 7 12 1 1 1 10 7 12 1 1 10 12 1 1 10 12 1 8 1 7 1 10 10 7 12 1 1 1 10 12 1 8 9 100 12 1 1 1 10 12 1 1 10 12 1 10 12 1 1 10 7 12 1 1 11 7 12 1 1 10 12 1 10 12 1 9 12 1 10 12 1 1 10 100 12 1 1 10 100 12 1 1 1 8 10 100 12 1 1 100 1 10 8 8 10 12 1 8 8 8 100 1 10 12 1 9 12 1 1 10 12 1 10 12 1 1 10 12 1 10 12 10 12 1 1 10 12 1 1 10 10 10 12 1 10 12 1 10 12 1 10 12 1 10 12 1 10 10 12 1 100 1 8 1 10 10 10 12 1 1 10 12 1 10 12 1 1 8 1 7 1 10 10 7 1 10 12 1 9 7 12 1 1 1 9 12 1 1 7 1 10 10 7 12 1 1 1 7 1 1 1 1 1 5 0 1 1 1 1 1 1 1 1 1 1 1 1 1 1 1 1 1 1 1 1 1 1 1 1 1 1 1 1 1 1 1 1 1 1 1 1 1 1 1 1 1 1 1 1 1 1 1 1 7 1 1 1 1 1 1 1 1 1 1 1 1 1 1 1 1 1 1 1 1 1 1 1 1 1 1 1 1 1 1 1 1 1 1 1 1 1 100 1 1 1 1 1 1 1 1 1 1 1 1 1 1 1 1 1 100 1 1 1 1 1 1 1 1 1 1 1 1 1 1 1 1 1 1 1
staticfield java/net/URL defaultFactory Ljava/net/URLStreamHandlerFactory; java/net/URL$DefaultFactory
staticfield java/net/URL streamHandlerLock Ljava/lang/Object; java/lang/Object
staticfield java/net/URL serialPersistentFields [Ljava/io/ObjectStreamField; 7 [Ljava/io/ObjectStreamField;
ciMethod java/lang/System arraycopy (Ljava/lang/Object;ILjava/lang/Object;II)V 256 0 128 0 -1
ciInstanceKlass java/lang/Module 1 1 1070 10 7 12 1 1 1 9 7 12 1 1 1 10 7 12 1 1 1 9 12 1 9 12 1 1 9 12 1 1 10 12 1 1 10 12 1 10 12 1 1 10 7 12 1 1 1 7 1 10 7 12 1 1 1 10 12 1 1 11 7 12 1 1 1 10 12 1 1 10 7 12 1 1 1 10 12 1 1 10 7 12 1 1 1 9 100 12 1 1 1 10 7 12 1 1 1 10 12 1 8 1 10 7 12 1 1 1 10 7 12 1 1 1 10 7 12 1 1 1 10 12 1 10 12 1 9 12 1 1 10 100 12 1 1 100 1 7 1 10 8 1 10 12 1 1 10 12 1 10 12 10 12 1 10 7 12 1 1 8 1 8 1 10 8 1 8 1 9 12 1 1 8 1 10 100 12 1 1 1 10 12 1 9 12 1 1 11 12 1 9 7 12 1 1 10 7 12 1 1 1 10 7 12 1 1 1 10 12 1 1 8 1 10 12 1 1 10 12 1 10 12 1 1 9 7 12 1 1 1 10 12 1 1 10 12 1 1 9 12 1 10 12 1 10 12 1 9 12 1 1 11 7 12 1 1 10 12 1 1 9 12 1 9 12 1 10 12 1 10 12 1 100 1 8 1 10 10 12 1 1 10 12 1 8 1 10 12 1 1 8 1 8 1 10 12 1 1 10 12 1 10 12 1 1 18 12 1 1 10 12 1 1 11 12 1 9 12 1 11 12 10 100 12 1 1 100 1 8 1 10 11 12 1 1 10 7 12 1 1 1 10 12 1 10 12 1 1 11 12 1 1 11 7 12 1 1 11 12 1 1 9 12 1 11 12 1 10 12 1 1 10 12 1 1 9 12 1 10 12 10 7 12 1 1 10 7 1 18 12 1 1 11 100 12 1 1 1 18 12 1 11 12 1 1 10 100 12 1 1 1 11 12 1 1 10 7 12 1 1 7 1 11 12 1 7 1 7 1 10 12 1 10 7 12 1 1 1 10 11 7 12 1 8 1 10 10 12 1 1 10 7 12 1 1 10 12 1 10 12 1 7 1 10 12 1 10 11 12 1 1 10 12 10 12 1 1 9 12 1 1 100 1 10 10 12 1 1 11 7 1 10 12 1 1 11 12 1 10 10 12 1 11 10 12 1 1 10 12 1 1 10 12 1 1 10 7 12 1 1 10 12 1 10 12 1 1 10 10 12 1 1 10 12 1 18 12 1 11 12 1 18 12 1 10 12 1 10 12 1 10 12 7 1 10 12 1 10 12 1 10 12 1 9 12 1 7 1 10 10 10 10 12 1 10 12 1 10 12 1 10 12 1 1 10 12 1 1 10 12 1 9 12 1 18 12 1 1 10 7 12 1 1 1 100 1 8 1 10 12 1 1 10 12 1 1 10 7 12 1 1 7 1 10 12 1 1 7 1 8 1 10 12 1 1 100 1 11 12 1 1 10 100 12 1 1 1 18 12 1 1 11 100 12 1 1 1 100 1 10 12 1 10 12 1 1 7 1 7 1 10 12 8 1 10 12 1 1 10 12 1 1 10 7 12 1 1 10 12 1 1 10 12 1 10 12 10 12 1 1 7 1 10 10 12 1 1 10 7 12 1 1 1 100 1 10 12 1 1 10 7 12 1 1 8 1 18 12 1 1 100 1 100 1 9 12 1 1 9 12 1 9 12 1 11 100 12 1 1 1 100 1 11 12 1 1 100 1 10 12 1 8 1 10 12 1 10 12 10 12 1 8 1 10 10 100 12 1 1 7 1 10 10 12 1 10 7 12 1 1 9 12 1 9 12 1 9 12 1 9 12 1 10 12 11 12 1 10 12 1 7 1 1 1 1 1 1 1 1 1 1 1 1 1 1 1 1 1 1 1 100 1 1 1 1 1 1 1 1 1 1 1 1 1 1 1 1 1 1 1 1 1 1 1 1 1 1 1 1 1 1 1 1 1 1 1 1 1 1 1 1 1 1 1 1 1 1 1 1 1 1 1 1 1 1 1 1 1 1 1 1 1 1 1 1 1 1 1 1 1 1 1 1 1 1 1 1 1 1 1 1 1 1 1 1 1 1 1 1 1 1 1 1 1 1 1 100 100 1 1 1 1 1 1 1 1 1 1 1 1 1 1 1 1 1 1 1 1 1 1 1 1 1 1 1 100 1 100 1 1 1 1 1 1 1 1 1 1 1 1 1 1 1 1 1 1 1 1 100 1 1 1 1 1 1 1 1 1 1 1 1 1 1 1 1 1 1 1 1 1 1 1 16 15 10 12 16 16 15 10 12 16 16 15 10 16 1 15 10 12 16 1 15 10 12 16 1 16 15 10 12 16 16 1 15 10 12 16 15 10 7 12 1 1 1 15 10 100 12 1 1 1 1 1 1 1 1 1 1 1 100 1 100 1 1 100 1 100 1 1
staticfield java/lang/Module ALL_UNNAMED_MODULE Ljava/lang/Module; java/lang/Module
staticfield java/lang/Module ALL_UNNAMED_MODULE_SET Ljava/util/Set; java/util/ImmutableCollections$Set12
staticfield java/lang/Module EVERYONE_MODULE Ljava/lang/Module; java/lang/Module
staticfield java/lang/Module EVERYONE_SET Ljava/util/Set; java/util/ImmutableCollections$Set12
staticfield java/lang/Module $assertionsDisabled Z 1
ciInstanceKlass java/lang/Math 1 1 460 7 1 10 7 12 1 1 1 10 7 12 1 1 1 10 12 1 10 12 1 10 12 1 10 12 1 10 12 1 6 0 6 0 10 12 1 10 12 1 10 12 1 10 12 1 10 12 1 10 12 1 1 10 12 1 10 12 1 10 12 1 10 12 1 10 12 1 10 7 12 1 1 1 100 1 3 3 3 10 7 12 1 1 1 100 1 5 0 5 0 5 0 5 0 5 0 9 100 12 1 1 1 10 100 12 1 1 1 100 1 8 1 10 12 1 8 1 10 12 1 1 10 12 1 1 7 1 5 0 5 0 7 1 3 5 0 3 5 0 10 12 1 10 12 1 10 12 1 10 12 1 10 12 1 8 1 10 12 1 8 1 10 12 1 1 10 12 1 1 9 12 1 1 9 12 1 100 1 7 1 10 10 12 1 1 8 1 10 12 1 10 12 1 1 10 10 12 1 10 12 1 10 12 1 10 12 1 1 8 1 8 1 10 12 1 1 10 12 1 10 12 10 12 10 12 1 10 12 1 10 12 1 10 12 1 10 12 6 0 10 12 1 9 12 1 1 100 1 10 10 12 1 100 1 10 12 1 10 12 1 1 10 12 1 10 12 1 10 12 10 12 1 1 10 12 1 1 10 12 1 1 10 12 6 0 10 12 1 1 10 12 10 12 1 4 10 12 1 10 12 1 10 12 10 12 1 10 12 1 10 12 1 10 12 1 10 12 1 10 12 1 5 0 6 0 4 6 0 4 6 0 4 10 12 1 9 12 1 1 10 12 9 12 1 10 7 12 1 1 1 4 6 0 1 1 6 0 1 6 0 1 6 0 1 1 1 1 1 1 1 1 1 1 1 1 1 1 1 1 1 1 1 1 1 1 1 1 1 1 1 1 1 1 1 1 1 1 1 1 1 1 1 1 1 1 1 1 1 1 1 1 1 1 1 1 1 1 1 1 1 1 1 1 1 1 1 1 1 1 1 1 1 1 1 1 1 1 1 1 1 1 1 1 1 1 1 1 1 1 1 1 1 1 1 1 1 1 1 1
staticfield java/lang/Math negativeZeroFloatBits J -2147483648
staticfield java/lang/Math negativeZeroDoubleBits J -9223372036854775808
staticfield java/lang/Math $assertionsDisabled Z 1
ciInstanceKlass java/lang/Character 1 1 604 7 1 7 1 100 1 9 12 1 1 8 1 9 12 1 1 7 1 9 12 1 1 10 7 12 1 1 1 10 100 12 1 1 1 10 100 12 1 1 1 10 7 12 1 1 1 9 7 12 1 1 1 10 12 1 10 12 1 1 10 12 1 1 10 7 12 1 1 10 12 1 1 3 3 3 3 3 10 12 1 1 10 12 1 3 11 7 12 1 1 1 11 12 1 1 10 12 1 1 10 12 1 1 100 1 10 10 12 1 3 10 12 1 1 10 12 1 10 12 1 1 100 1 8 1 10 12 1 1 10 12 1 10 12 1 10 12 1 10 100 12 1 1 1 10 12 1 10 12 1 10 12 1 1 10 12 1 10 7 12 1 1 10 10 12 1 10 10 12 1 10 12 1 1 10 12 1 10 10 12 1 10 12 1 10 12 1 10 12 1 10 12 1 10 12 1 10 12 1 10 12 10 10 12 10 10 12 1 10 10 12 1 10 10 12 1 10 10 12 1 10 12 1 10 12 1 10 12 1 10 12 1 10 12 1 10 12 1 10 10 12 1 10 10 12 1 10 10 12 1 1 10 10 12 1 10 5 0 10 12 1 10 12 1 10 10 12 1 10 10 12 1 1 10 10 12 1 10 10 12 1 9 12 1 1 100 1 10 10 12 1 10 12 1 1 3 10 100 12 1 1 1 10 12 1 10 100 12 1 1 7 1 10 10 12 1 1 10 12 1 1 10 12 1 1 8 1 10 12 1 9 100 12 1 1 1 10 12 1 10 10 12 1 10 12 1 1 10 12 1 10 10 12 1 1 10 10 12 1 1 7 1 8 1 10 12 1 1 10 7 12 1 1 1 8 1 10 12 1 1 9 12 1 1 7 1 7 1 7 1 1 1 1 3 1 3 1 3 1 3 1 1 1 1 1 3 1 1 3 1 3 1 3 1 3 1 3 1 3 1 3 1 3 1 3 1 3 1 3 1 3 1 3 1 3 1 3 1 3 1 3 1 3 1 3 1 3 1 3 1 3 1 3 1 3 1 3 1 3 1 3 1 3 1 1 1 1 1 1 1 1 1 1 1 1 1 1 1 1 1 1 1 3 1 1 1 1 1 1 1 3 1 1 3 1 1 1 1 1 3 1 1 5 0 1 1 1 1 1 1 1 1 1 1 1 1 1 1 1 1 1 1 1 1 1 1 1 1 1 1 1 1 1 1 1 1 1 1 1 1 1 1 1 1 1 1 1 1 1 1 1 1 1 1 1 1 1 1 1 1 1 1 1 1 1 1 1 1 1 1 1 1 1 1 1 1 1 1 1 1 1 1 1 1 1 1 1 1 1 1 1 1 1 1 100 1 100 1 1 1 1 1 1
staticfield java/lang/Character TYPE Ljava/lang/Class; java/lang/Class
staticfield java/lang/Character $assertionsDisabled Z 1
ciInstanceKlass java/util/Arrays 1 1 1029 10 7 12 1 1 1 10 100 12 1 1 1 10 7 12 1 1 1 10 12 1 10 12 1 10 12 1 10 12 1 10 12 1 10 12 1 10 100 12 1 1 1 100 1 7 1 10 8 1 10 12 1 1 10 12 1 8 1 8 1 10 12 1 1 10 12 1 100 1 10 12 1 9 100 12 1 1 1 10 7 12 1 1 100 1 10 12 1 1 10 7 12 1 1 10 7 12 1 1 1 100 1 10 12 1 10 12 1 1 7 1 9 7 12 1 1 1 10 12 1 1 10 7 12 1 1 10 12 1 10 12 1 1 10 12 1 10 12 1 1 7 1 11 12 1 1 10 12 1 10 7 12 1 1 1 10 12 10 12 1 10 12 1 10 12 10 12 1 11 7 12 1 1 1 10 7 12 1 1 1 100 1 10 12 1 10 100 1 10 12 1 10 100 1 10 12 1 10 100 1 10 12 1 10 10 12 1 1 10 12 1 10 12 1 10 12 1 10 12 1 10 12 1 10 7 12 1 1 1 10 12 1 10 7 12 1 1 1 10 12 1 10 12 1 10 7 12 1 1 1 10 12 1 10 12 1 10 12 1 10 12 1 10 12 1 10 12 1 10 12 1 10 12 1 10 12 1 10 12 1 10 12 1 10 12 1 10 12 1 10 12 1 10 12 1 10 12 1 1 10 12 1 1 10 7 12 1 1 1 10 7 1 10 100 1 10 7 1 10 100 1 10 100 1 10 100 1 10 100 1 10 100 1 10 12 1 8 1 10 12 1 1 10 12 1 1 10 12 1 1 10 12 1 1 10 12 1 1 10 12 1 1 10 12 1 1 10 12 1 1 10 12 1 1 7 1 10 12 10 12 1 1 10 12 1 10 12 1 1 10 12 1 1 9 7 12 1 1 1 10 12 1 9 7 1 10 12 1 9 7 1 10 12 1 9 7 1 10 12 1 9 7 1 10 12 1 9 7 1 10 12 1 9 10 12 1 10 12 1 10 12 1 9 12 1 100 1 10 10 12 1 1 10 12 1 10 12 1 10 12 1 10 12 1 10 12 1 10 12 1 10 12 1 10 12 1 10 12 1 8 1 8 1 10 12 1 10 12 1 8 1 10 12 1 10 12 1 10 12 1 10 7 12 1 1 1 3 10 100 1 10 10 12 1 1 11 100 12 1 1 10 12 1 1 10 12 1 10 12 1 10 12 1 10 12 1 10 12 1 10 12 1 10 12 1 10 12 1 11 12 1 8 1 10 11 12 1 11 7 12 1 1 1 11 100 12 1 1 1 11 12 1 1 18 12 1 1 11 12 1 1 11 100 12 1 1 1 18 12 1 11 100 12 1 1 1 18 12 1 11 100 12 1 1 1 18 12 1 100 1 10 7 12 1 1 1 10 12 1 10 12 1 10 12 1 10 12 1 10 12 1 10 12 1 10 12 1 10 12 1 1 10 12 1 10 7 12 1 1 10 12 1 10 12 1 10 12 1 1 10 12 1 10 12 1 10 12 1 1 10 12 1 10 12 1 10 12 1 1 10 12 1 10 12 1 10 12 1 10 12 1 10 12 10 12 1 10 12 10 12 10 12 1 10 12 10 12 1 10 12 1 10 12 1 1 1 1 3 1 3 1 1 1 1 1 1 1 1 1 1 1 1 1 1 1 1 1 1 1 1 1 1 1 1 1 1 1 1 1 1 1 1 1 1 1 1 1 1 1 1 1 1 1 1 1 1 1 1 1 1 1 1 1 1 1 1 1 1 1 1 1 1 1 1 1 1 1 1 1 1 1 1 1 1 1 1 1 1 1 1 1 1 1 1 1 1 1 1 1 1 1 1 1 1 1 1 1 1 1 1 1 1 1 1 1 1 1 1 1 1 1 1 1 1 1 1 1 1 1 1 1 1 1 1 1 1 1 1 1 1 1 1 1 1 1 1 1 1 1 1 1 1 1 1 1 1 1 1 1 1 1 1 1 1 1 1 1 1 1 1 1 1 1 1 1 1 1 1 1 1 1 1 1 1 1 1 1 1 1 1 1 1 1 1 1 1 1 1 1 1 1 1 1 1 1 1 1 1 1 1 1 1 1 1 1 1 1 1 1 1 1 1 1 1 1 1 1 1 1 1 1 1 1 1 1 1 1 1 1 1 1 1 1 1 1 1 1 1 1 1 1 1 1 1 1 1 1 1 1 1 1 1 1 1 100 1 1 16 15 10 12 15 10 12 15 10 12 15 10 12 15 10 100 12 1 1 1 1 1 100 1 100 1 1 1 1 100 1 1 1 1 1 1 100 1 1 100 1 1 100 1 1 1 100 1 100 1 1
staticfield java/util/Arrays $assertionsDisabled Z 1
ciInstanceKlass java/lang/OutOfMemoryError 1 1 26 10 100 12 1 1 1 10 12 1 100 1 1 1 1 5 0 1 1 1 1 1 1 1 1 1
ciInstanceKlass java/lang/Integer 1 1 453 7 1 7 1 7 1 7 1 10 12 1 1 9 12 1 1 9 12 1 1 10 7 12 1 1 1 10 12 1 1 10 100 12 1 1 1 10 10 12 1 1 10 7 12 1 1 1 10 12 1 10 12 1 1 10 7 12 1 1 1 10 12 1 1 10 12 1 1 10 12 1 10 12 1 10 12 1 1 10 10 12 1 9 12 1 1 9 12 1 7 1 8 1 10 12 1 7 1 10 12 1 8 1 10 12 1 1 10 12 1 8 1 10 12 1 8 1 10 12 1 1 3 10 12 1 1 3 10 12 1 1 10 12 1 1 10 7 12 1 1 1 11 7 1 10 12 1 1 11 10 12 1 1 8 1 10 12 1 1 8 1 7 1 10 12 1 1 10 12 1 1 5 0 8 1 10 12 1 10 12 1 10 12 1 10 12 1 1 7 1 9 12 1 1 9 12 1 1 10 12 1 10 7 1 9 12 1 10 12 1 10 12 1 10 12 1 1 10 7 12 1 1 1 100 1 100 1 10 12 1 1 10 12 1 1 8 1 8 1 10 12 1 1 8 1 8 1 8 1 8 1 8 1 8 1 10 12 1 10 12 1 5 0 3 3 3 3 10 12 1 10 12 1 3 10 12 1 10 100 12 1 1 1 10 12 1 1 10 12 1 1 8 1 10 7 12 1 1 1 9 12 1 1 7 1 7 1 7 1 1 1 1 3 1 1 1 3 1 3 1 1 5 0 1 1 1 1 1 1 1 1 1 100 1 1 1 1 1 1 1 1 1 1 1 1 1 1 1 1 1 1 1 1 1 1 1 1 1 1 1 1 1 1 1 1 1 1 1 1 1 1 1 1 3 1 1 1 1 1 1 1 1 1 1 1 1 1 1 1 1 7 1 1 1 1 1 1 1 1 1 1 1 1 1 1 1 1 1 1 1 1 1 1 1 1 1 1 1 1 1 1 1 1 1 1 1 1 1 1 1 1 1 1 1 1 1 1 7 1 1 1 1 1 1 1 1 1 100 1 100 1 1
staticfield java/lang/Integer TYPE Ljava/lang/Class; java/lang/Class
staticfield java/lang/Integer digits [C 36
staticfield java/lang/Integer DigitTens [B 100
staticfield java/lang/Integer DigitOnes [B 100
instanceKlass java/math/BigDecimal
instanceKlass java/util/concurrent/atomic/Striped64
instanceKlass java/math/BigInteger
instanceKlass java/util/concurrent/atomic/AtomicLong
instanceKlass java/util/concurrent/atomic/AtomicInteger
instanceKlass java/lang/Long
instanceKlass java/lang/Integer
instanceKlass java/lang/Short
instanceKlass java/lang/Byte
instanceKlass java/lang/Double
instanceKlass java/lang/Float
ciInstanceKlass java/lang/Number 1 1 37 10 7 12 1 1 1 10 100 12 1 1 1 100 1 1 1 1 5 0 1 1 1 1 1 1 1 1 1 1 1 1 1 1 1 1 1
ciInstanceKlass java/lang/Thread$FieldHolder 1 1 48 10 7 12 1 1 1 9 7 12 1 1 1 9 12 1 1 9 12 1 1 9 12 1 1 9 12 1 1 1 1 1 1 1 1 1 1 100 1 100 1 1 1 1 100 1 1 1
ciInstanceKlass java/lang/Thread$Constants 0 0 59 7 1 10 7 12 1 1 1 100 1 10 10 7 12 1 1 1 7 1 8 1 10 12 1 9 7 12 1 1 1 7 1 7 1 10 12 1 10 12 1 9 12 1 1 1 1 1 1 1 1 1 1 1 1 1 1 1 1
ciInstanceKlass java/lang/ThreadGroup 1 1 411 10 7 12 1 1 1 9 7 12 1 1 1 8 1 9 12 1 1 7 1 9 12 1 1 9 12 1 1 10 7 12 1 1 1 10 12 1 1 10 12 1 10 12 1 10 12 1 10 12 1 1 10 12 1 1 10 12 1 10 12 1 1 10 12 1 10 12 1 10 100 12 1 1 1 10 12 1 1 18 12 1 1 11 7 12 1 1 1 10 7 12 1 1 1 10 7 12 1 10 12 1 1 10 12 1 1 10 12 1 1 10 100 12 1 1 1 10 12 1 11 12 1 1 11 7 12 1 1 11 12 1 1 10 12 1 1 10 12 1 10 12 1 11 12 1 11 12 1 1 100 1 10 10 12 1 100 1 10 18 12 1 1 11 7 12 1 1 1 11 12 1 1 9 12 1 1 10 12 1 1 8 1 10 7 12 1 1 1 10 100 12 1 1 1 10 12 1 1 11 12 10 12 1 1 10 12 1 1 11 7 1 9 12 1 7 1 10 8 1 10 12 1 1 10 12 1 1 8 1 10 12 1 10 7 12 1 1 1 10 12 1 1 10 7 1 8 1 10 8 1 10 12 1 10 12 1 8 1 9 12 1 1 9 12 1 10 100 12 1 1 1 100 9 12 1 1 7 1 9 12 1 10 12 10 12 1 1 100 10 12 9 12 1 10 12 1 100 1 10 11 12 1 1 7 1 10 10 12 1 10 12 1 1 1 1 1 1 1 1 1 1 1 1 1 1 1 1 1 1 3 1 1 1 1 1 1 1 1 1 1 1 1 100 1 1 1 1 1 1 1 1 1 1 1 1 1 1 1 1 1 1 1 1 1 1 1 1 1 1 1 1 1 1 1 1 1 1 1 1 1 1 1 1 1 1 1 16 15 10 12 16 16 15 10 12 16 15 10 100 12 1 1 1 1 1 100 1 100 1 1
staticfield java/lang/ThreadGroup $assertionsDisabled Z 1
ciInstanceKlass java/lang/Thread$UncaughtExceptionHandler 1 0 16 100 1 100 1 1 1 1 1 1 1 1 100 1 1 1
ciInstanceKlass java/security/AccessControlContext 1 1 374 9 7 12 1 1 1 9 12 1 1 10 100 12 1 1 1 8 1 10 100 12 1 1 1 10 7 12 1 1 1 9 12 1 9 12 1 1 9 12 1 1 10 7 12 1 1 7 1 10 12 1 11 7 12 1 1 1 11 12 1 11 12 1 11 12 1 1 7 1 11 12 1 1 10 12 1 10 7 12 1 1 1 9 100 12 1 1 1 10 7 12 1 1 1 11 100 12 1 1 1 10 7 1 100 1 8 1 10 12 1 10 12 1 1 7 1 10 7 12 1 1 1 9 12 1 9 12 1 9 12 1 9 12 1 1 9 12 1 1 9 12 1 9 12 1 10 7 12 1 1 1 9 12 1 10 12 1 1 10 12 1 1 8 1 10 12 1 1 10 12 1 1 10 7 12 1 1 1 7 1 10 10 12 1 1 10 7 12 1 1 1 10 8 1 10 7 12 1 1 8 1 10 7 12 1 1 8 1 8 1 10 12 1 8 1 10 12 1 8 1 10 12 1 10 12 1 10 12 1 1 8 1 8 1 100 1 10 12 1 10 12 1 1 100 1 10 12 1 8 1 10 12 1 10 12 1 10 8 1 10 12 1 1 10 12 1 1 10 12 1 1 10 12 1 1 10 12 1 10 12 1 11 10 12 1 10 12 1 1 10 10 10 12 1 1 1 1 1 1 1 1 1 1 1 1 1 1 1 1 1 1 1 1 1 1 1 1 100 1 1 1 1 1 1 1 1 1 1 1 1 1 1 1 1 1 1 1 1 1 1 1 1 1 1 1 1 1 1 1 1 1 1 1 1 1 1 1 1 1 1 1 1 1 1 1 1 1 1 1 1 3 1 1
instanceKlass java/lang/ThreadBuilders$BoundVirtualThread
instanceKlass java/lang/VirtualThread
ciInstanceKlass java/lang/BaseVirtualThread 0 0 36 10 100 12 1 1 1 100 1 1 1 1 1 1 1 1 1 1 1 1 1 1 1 1 1 1 1 1 100 1 100 1 1 100 1 1
ciInstanceKlass java/lang/VirtualThread 0 0 907 9 7 12 1 1 1 10 7 12 1 1 1 10 100 12 1 1 1 10 7 12 1 1 1 9 12 1 1 9 12 1 1 100 1 10 12 1 9 12 1 1 18 12 1 1 9 12 1 1 10 12 1 1 100 1 10 12 1 10 12 1 1 10 12 1 1 10 12 1 1 10 12 1 10 7 12 1 10 12 1 10 12 1 10 12 1 10 12 1 11 100 12 1 1 1 100 1 10 12 1 1 10 100 12 1 1 1 10 100 12 1 1 1 10 12 1 100 1 10 10 12 1 10 12 1 1 9 12 1 1 10 12 1 1 9 12 1 1 10 12 1 9 12 1 1 9 12 1 100 1 10 10 12 1 10 100 12 1 1 10 9 10 10 12 1 1 10 12 1 1 10 100 12 1 1 10 100 1 10 9 10 10 12 1 7 1 10 12 1 1 10 12 1 10 12 1 10 12 1 1 9 12 1 10 12 1 10 12 1 9 12 1 1 10 12 1 10 12 1 9 12 1 1 10 12 1 10 12 1 10 12 1 11 100 12 1 1 10 12 1 1 10 12 1 1 10 12 1 1 9 12 1 10 100 1 10 12 1 1 10 12 1 1 10 12 1 10 12 1 10 12 1 10 12 9 12 1 1 10 100 12 1 1 10 12 1 10 12 1 1 10 100 12 1 1 10 12 1 100 1 8 1 10 12 1 10 12 1 1 10 12 1 10 12 1 10 100 12 1 1 10 12 1 10 12 1 1 10 12 1 10 12 1 1 10 7 12 1 1 10 12 1 1 10 12 1 1 100 1 10 10 12 1 7 1 9 12 1 1 10 7 12 1 1 10 9 12 1 1 18 9 100 12 1 1 1 11 100 12 1 1 1 11 100 1 11 12 10 12 1 10 12 1 1 10 12 1 100 1 10 10 12 1 10 12 1 1 10 12 1 1 10 12 1 10 12 1 10 12 1 9 12 1 1 11 100 12 1 1 10 12 9 100 12 1 1 1 9 12 1 10 12 1 1 9 12 1 9 12 1 9 12 1 7 1 10 10 12 1 1 10 12 1 10 12 7 1 7 1 10 8 1 10 12 1 1 10 12 1 10 12 1 10 10 12 1 8 1 10 10 12 1 10 12 1 10 7 12 1 1 8 1 8 1 10 9 100 12 1 1 1 10 12 1 1 10 12 1 10 10 10 12 9 12 1 10 12 1 1 9 12 1 10 12 1 1 9 12 1 10 12 1 1 18 12 1 1 18 12 1 10 7 12 1 1 1 8 1 10 100 12 1 1 1 10 7 12 1 1 1 18 12 1 10 100 12 1 1 1 100 1 10 12 1 8 1 10 12 1 8 1 10 12 1 1 8 1 8 1 10 100 12 1 1 8 1 10 12 1 8 1 8 1 10 100 12 1 1 1 10 12 1 10 12 1 1 10 12 1 18 12 1 1 18 12 1 1 5 0 9 12 1 10 12 1 18 12 1 100 1 10 12 10 7 12 1 1 10 12 1 1 7 1 8 1 10 10 12 1 10 12 1 1 10 12 1 9 12 1 8 10 12 1 1 8 8 9 12 1 8 10 12 1 1 3 1 3 1 3 1 3 1 3 1 3 1 3 1 3 1 3 1 3 1 3 1 3 3 1 3 1 1 1 1 1 1 1 1 1 1 1 1 1 1 7 1 1 1 1 1 1 1 1 1 1 1 1 1 1 7 1 1 1 1 1 1 1 1 1 1 1 7 1 1 1 1 1 1 1 1 1 1 1 1 1 1 1 1 1 1 1 1 1 1 1 1 1 1 1 1 1 1 1 1 1 1 1 1 1 1 1 100 1 1 1 1 1 1 1 1 1 1 1 1 1 1 1 1 1 1 1 1 1 1 1 1 1 1 1 1 1 1 1 1 1 1 1 100 1 1 1 1 1 1 1 1 1 1 1 1 1 1 100 1 1 16 15 10 12 15 16 15 10 12 16 15 10 12 16 16 15 10 12 16 15 10 12 16 15 10 12 16 15 10 12 16 1 15 10 100 12 1 1 1 1 1 1 1 7 1 1 100 1 100 1 1
ciInstanceKlass java/lang/ThreadBuilders$BoundVirtualThread 0 0 132 10 7 12 1 1 1 9 7 12 1 1 1 10 7 12 1 1 1 9 12 1 1 10 12 1 1 10 12 1 1 9 12 1 1 10 7 12 1 1 1 10 12 1 1 7 1 8 1 10 12 1 10 12 1 1 10 12 1 1 10 12 1 1 10 7 12 1 1 1 8 1 10 12 1 8 1 10 12 1 1 10 100 12 1 1 9 100 12 1 1 1 10 12 1 1 10 10 12 1 1 1 1 1 1 1 1 1 1 1 1 1 1 1 1 1 1 1 1 1 1 1 1 1 1 1 1 100 1 1 1 1
ciInstanceKlass jdk/internal/vm/ContinuationScope 0 0 50 10 100 12 1 1 1 10 100 12 1 1 1 100 1 9 100 12 1 1 1 10 12 1 1 10 100 12 1 1 1 10 12 1 1 10 12 1 1 1 1 1 1 1 1 1 1 1 1 1
ciInstanceKlass jdk/internal/vm/StackChunk 0 0 34 10 100 12 1 1 1 9 100 12 1 1 1 9 12 1 1 9 12 1 9 12 1 1 1 1 1 1 1 1 1 1 1 1
ciInstanceKlass java/lang/Float 1 1 279 7 1 7 1 10 7 12 1 1 1 10 100 12 1 1 1 4 7 1 10 12 1 1 10 12 1 1 8 1 8 1 10 7 12 1 1 1 10 12 1 1 10 12 1 1 10 7 1 4 10 7 12 1 1 9 12 1 1 10 12 1 1 10 12 1 10 10 12 1 1 10 12 1 10 12 1 3 3 100 1 4 4 4 3 10 12 1 1 9 12 1 1 100 1 10 3 3 4 4 10 12 1 3 3 3 10 12 1 1 10 12 1 1 10 12 1 10 100 12 1 1 1 10 12 1 1 10 12 1 1 10 7 12 1 1 1 8 1 10 12 1 1 9 12 1 1 7 1 7 1 7 1 1 1 1 4 1 4 1 1 1 4 1 1 3 1 3 1 3 1 3 1 3 1 1 1 1 5 0 1 1 1 1 1 1 1 1 1 1 7 1 1 1 1 1 1 1 1 1 1 1 1 1 3 1 1 1 1 1 1 1 1 1 1 1 1 1 1 1 1 1 1 1 1 1 1 1 1 1 1 1 1 1 1 1 1 1 1 1 1 1 1 1 1 1 1 1 1 1 1 1 1 1 1 1 1 1 1 1 1 1 1 1 1 1 7 1 1 1 1 1 1 1 100 1 100 1 1
staticfield java/lang/Float TYPE Ljava/lang/Class; java/lang/Class
staticfield java/lang/Float $assertionsDisabled Z 1
ciInstanceKlass java/lang/Double 1 1 290 7 1 7 1 10 100 12 1 1 1 10 12 1 1 10 7 1 10 12 1 1 10 100 12 1 1 1 6 0 8 1 10 12 1 1 8 1 10 12 1 1 8 1 6 0 10 12 1 1 100 1 5 0 5 0 8 1 8 1 10 7 12 1 1 1 10 7 12 1 1 1 8 1 10 12 1 1 8 1 8 1 8 1 10 12 1 1 10 12 1 10 12 1 1 10 12 1 10 12 1 10 12 1 1 10 12 1 10 7 1 6 0 10 7 12 1 1 9 12 1 1 10 12 1 10 12 1 10 12 1 10 12 1 10 12 1 5 0 10 12 1 1 10 12 1 10 12 1 10 100 12 1 1 1 10 12 1 1 10 12 1 1 8 1 10 7 12 1 1 1 9 12 1 1 7 1 7 1 7 1 1 1 6 0 1 6 0 1 6 0 1 1 1 6 0 1 1 3 1 3 1 3 1 3 1 3 1 1 1 1 5 0 1 1 1 1 1 1 1 1 1 1 1 1 1 1 1 1 7 1 1 1 1 1 1 1 1 1 1 1 1 3 1 1 1 1 1 1 1 1 1 1 1 1 1 1 1 1 1 1 1 1 1 1 1 1 1 1 1 1 1 1 1 1 1 1 7 1 1 1 1 1 1 1 100 1 100 1 1
staticfield java/lang/Double TYPE Ljava/lang/Class; java/lang/Class
ciInstanceKlass java/lang/Byte 1 1 213 7 1 100 1 10 7 12 1 1 1 9 12 1 1 8 1 9 12 1 1 7 1 10 12 1 1 10 12 1 1 10 100 12 1 1 1 10 100 12 1 1 1 9 7 12 1 1 1 10 12 1 1 7 1 7 1 10 12 1 1 8 1 10 12 1 1 8 1 10 12 1 10 12 1 10 12 1 10 12 1 1 10 12 1 10 12 1 10 12 1 1 10 8 1 8 1 10 7 1 9 12 1 1 10 12 1 1 10 12 1 1 10 12 1 1 10 12 1 5 0 10 12 1 1 8 1 10 7 12 1 1 1 9 12 1 1 7 1 7 1 1 1 3 1 3 1 1 1 1 3 1 3 1 1 5 0 1 1 1 1 1 1 1 1 1 1 1 1 1 1 1 1 1 1 1 1 1 1 1 1 1 1 1 1 1 1 1 1 1 1 1 1 1 1 1 1 1 1 1 1 1 1 1 1 1 1 1 1 1 1 1 1
staticfield java/lang/Byte TYPE Ljava/lang/Class; java/lang/Class
ciInstanceKlass java/lang/Short 1 1 222 7 1 7 1 100 1 10 7 12 1 1 1 10 12 1 1 7 1 7 1 10 12 1 1 8 1 10 12 1 1 8 1 10 12 1 10 12 1 10 12 1 10 12 1 1 10 12 1 1 10 12 1 9 12 1 1 8 1 9 12 1 1 7 1 10 12 1 1 10 12 1 10 100 12 1 1 1 10 100 12 1 1 1 9 7 12 1 1 1 10 12 1 10 12 1 1 10 8 1 8 1 10 7 1 9 12 1 1 10 12 1 1 10 12 1 1 10 12 1 1 10 12 1 3 3 5 0 10 12 1 1 8 1 10 7 12 1 1 1 9 12 1 1 7 1 7 1 1 1 3 1 3 1 1 1 1 3 1 3 1 1 5 0 1 1 1 1 1 1 1 1 1 1 1 1 1 1 1 1 1 1 1 1 1 1 1 1 1 1 1 3 1 1 1 1 1 1 1 1 1 1 1 1 1 1 1 1 1 1 1 1 1 1 1 1 1 1 1 1 1 1
staticfield java/lang/Short TYPE Ljava/lang/Class; java/lang/Class
ciInstanceKlass java/lang/Long 1 1 524 7 1 7 1 7 1 7 1 10 12 1 1 9 12 1 1 9 7 12 1 1 1 10 100 12 1 1 1 10 12 1 1 10 100 12 1 1 1 10 10 12 10 12 1 10 12 1 10 12 1 5 0 5 0 7 1 10 12 1 1 10 12 1 1 10 12 1 10 12 1 10 12 1 10 12 1 1 10 100 12 1 1 10 12 1 10 12 1 1 10 12 1 1 10 12 1 1 10 12 1 1 10 100 12 1 1 1 10 12 1 1 10 12 1 10 12 1 10 12 1 10 12 1 1 10 10 12 1 5 0 5 0 9 12 1 1 9 12 1 5 0 7 1 8 1 10 12 1 8 1 10 12 1 8 1 8 1 10 12 1 1 5 0 10 12 1 1 5 0 10 12 1 1 10 12 1 1 10 100 12 1 1 1 11 7 1 10 12 1 1 11 10 12 1 1 8 1 10 12 1 1 8 1 7 1 10 12 1 1 10 12 1 8 1 8 1 11 12 1 1 10 12 1 10 12 1 10 12 1 5 0 5 0 9 7 12 1 1 1 10 12 1 10 12 1 1 8 1 8 1 10 12 1 1 8 1 8 1 8 1 8 1 8 1 8 1 10 12 1 10 7 1 9 12 1 1 10 12 1 10 12 1 1 10 12 1 1 10 7 12 1 1 1 100 1 100 1 10 12 1 1 10 12 1 1 5 0 10 12 1 10 12 1 5 0 5 0 5 0 10 12 1 1 10 12 1 5 0 5 0 10 12 1 10 12 1 10 100 12 1 1 1 10 12 1 1 10 12 1 1 8 1 10 7 12 1 1 1 9 12 1 1 7 1 7 1 7 1 1 1 1 5 0 1 1 1 1 3 1 3 1 5 0 1 1 1 1 1 1 1 1 1 100 1 1 1 1 1 1 1 1 1 1 1 1 1 1 1 1 1 1 1 1 1 1 1 1 1 1 1 1 1 1 1 1 1 1 1 1 1 1 1 1 1 1 1 1 1 1 1 1 1 1 1 1 1 1 1 3 1 1 1 1 1 1 1 1 1 1 1 1 1 1 1 7 1 1 1 1 1 1 1 1 1 1 1 1 1 1 1 1 1 1 1 1 1 1 1 1 1 1 1 1 1 1 1 1 1 1 1 1 1 1 1 1 1 1 1 7 1 1 1 1 1 1 1 1 1 100 1 100 1 1
staticfield java/lang/Long TYPE Ljava/lang/Class; java/lang/Class
ciMethod java/lang/Long reverseBytes (J)J 1024 0 3578 0 -1
ciInstanceKlass jdk/internal/vm/vector/VectorSupport 0 0 573 100 1 10 100 12 1 1 1 9 12 1 1 10 12 1 1 100 1 10 12 1 11 100 12 1 1 1 11 100 12 1 1 1 11 100 12 1 1 11 100 12 1 1 11 100 12 1 1 1 11 100 12 1 1 11 100 12 1 1 11 100 12 1 1 11 100 12 1 1 11 100 12 1 1 11 100 12 1 1 11 100 12 1 1 1 11 100 12 1 1 11 100 12 1 1 1 11 100 12 1 1 1 11 100 12 1 1 11 100 12 1 1 1 11 100 12 1 1 100 1 10 12 1 1 11 100 12 1 1 11 100 12 1 1 11 100 12 1 1 11 100 12 1 1 11 100 12 1 1 11 100 12 1 1 9 12 1 1 10 100 12 1 1 11 100 12 1 1 10 12 1 1 10 100 12 1 1 1 10 12 1 10 12 1 1 10 12 1 1 1 1 1 3 1 3 1 3 1 3 1 3 1 3 1 3 1 3 1 3 1 3 1 3 1 3 1 3 1 3 1 3 1 3 1 3 1 3 1 3 1 3 1 3 1 3 1 3 1 3 1 3 1 3 1 3 1 3 1 3 1 3 1 3 1 3 1 3 1 3 1 3 1 3 1 3 1 3 1 3 1 3 1 3 1 3 1 3 1 3 1 3 1 3 1 3 1 3 1 3 1 3 1 3 1 3 1 3 1 1 1 1 1 1 1 1 1 1 1 1 1 1 1 1 1 1 1 1 1 1 1 1 1 1 1 1 1 1 1 1 1 1 1 1 1 1 1 1 1 1 1 1 1 1 1 1 1 1 1 1 1 1 1 1 1 1 1 1 1 1 1 1 1 1 1 1 1 1 1 1 1 1 1 1 1 1 1 1 1 1 1 1 1 1 1 1 1 1 1 1 1 1 1 1 1 1 1 1 1 1 1 1 1 1 1 1 1 1 1 1 1 1 1 1 1 1 1 1 1 1 1 1 1 1 1 1 1 1 1 1 1 1 1 1 1 1 1 1 1 1 1 1 1 1 1 1 1 1 1 1 1 1 1 1 1 1 1 1 1 1 1 1 1 1 1 1 1 1 1 1 1 1 1 1 1 1 1 1 1 1 1 1 1 1 1 1 1 1 1 1 1 1 1 1 1 1 1 1 1 1 1 1 1 1 1 1 1 1 1 1 1 1 1 1 1 1 1 1 1 1 1 1 1 1 1 1 1 1 1 1 1 1 1 100 1 100 1 100 1 100 1 100 1 1 1 1 1 1 1 1 1 1 1 1 1 1 1 1 1 1 1 1 1 1 1 1 1 1 1 1 1 1 1
instanceKlass jdk/internal/vm/vector/VectorSupport$VectorShuffle
instanceKlass jdk/internal/vm/vector/VectorSupport$VectorMask
instanceKlass jdk/internal/vm/vector/VectorSupport$Vector
ciInstanceKlass jdk/internal/vm/vector/VectorSupport$VectorPayload 0 0 32 10 100 12 1 1 1 9 100 12 1 1 1 10 100 12 1 1 1 1 1 1 1 1 1 1 1 1 1 1 1 1
ciInstanceKlass jdk/internal/vm/vector/VectorSupport$Vector 0 0 28 10 100 12 1 1 1 100 1 1 1 1 1 1 1 1 1 1 1 1 1 1 1 100 1 1 1 1
ciInstanceKlass jdk/internal/vm/vector/VectorSupport$VectorMask 0 0 28 10 100 12 1 1 1 100 1 1 1 1 1 1 1 1 1 1 1 1 1 1 1 100 1 1 1 1
ciInstanceKlass jdk/internal/vm/vector/VectorSupport$VectorShuffle 0 0 28 10 100 12 1 1 1 100 1 1 1 1 1 1 1 1 1 1 1 1 1 1 1 100 1 1 1 1
ciInstanceKlass jdk/internal/vm/FillerObject 0 0 16 10 100 12 1 1 1 100 1 1 1 1 1 1 1 1
instanceKlass java/lang/ref/PhantomReference
instanceKlass java/lang/ref/FinalReference
instanceKlass java/lang/ref/WeakReference
instanceKlass java/lang/ref/SoftReference
ciInstanceKlass java/lang/ref/Reference 1 1 190 9 7 12 1 1 1 9 7 12 1 1 10 12 1 1 10 12 1 1 9 12 1 1 10 12 1 1 9 12 1 1 9 12 1 1 7 1 10 12 1 10 7 12 1 1 10 12 1 10 12 1 1 10 12 1 7 1 8 1 10 12 1 1 7 1 10 12 1 1 10 12 1 1 10 12 1 9 12 1 10 12 1 1 10 12 1 10 12 1 9 12 1 7 1 100 1 10 12 9 12 1 9 12 1 100 1 10 10 12 1 10 10 7 12 1 1 7 1 10 10 7 12 1 1 1 1 1 1 1 1 1 1 1 1 1 1 1 1 1 1 1 7 1 1 1 100 1 1 1 1 1 1 1 1 1 1 1 1 1 1 1 1 1 1 1 1 1 1 1 1 1 1 1 1 1 1 1 1 1 1 1 7 1 7 1 7 1 1 1
staticfield java/lang/ref/Reference processPendingLock Ljava/lang/Object; java/lang/Object
staticfield java/lang/ref/Reference $assertionsDisabled Z 1
ciMethod java/lang/ref/Reference reachabilityFence (Ljava/lang/Object;)V 520 0 202429 0 -1
instanceKlass java/util/ResourceBundle$BundleReference
instanceKlass sun/security/util/MemoryCache$SoftCacheEntry
instanceKlass org/eclipse/sisu/inject/MildElements$Soft
instanceKlass com/google/common/cache/LocalCache$SoftValueReference
instanceKlass sun/util/locale/provider/LocaleResources$ResourceReference
instanceKlass sun/util/resources/Bundles$BundleReference
instanceKlass org/eclipse/sisu/inject/MildKeys$Soft
instanceKlass java/lang/invoke/LambdaFormEditor$Transform
instanceKlass sun/util/locale/LocaleObjectCache$CacheEntry
ciInstanceKlass java/lang/ref/SoftReference 1 1 47 10 7 12 1 1 1 9 7 12 1 1 1 9 12 1 10 12 1 10 12 1 1 1 1 1 1 1 1 1 1 1 1 1 1 1 1 1 1 1 1 100 1 1 1 1 1
instanceKlass com/sun/tools/javac/util/UnsharedNameTable$HashEntry
instanceKlass java/util/ResourceBundle$KeyElementReference
instanceKlass javax/crypto/JceSecurity$WeakIdentityWrapper
instanceKlass sun/nio/ch/FileLockTable$FileLockReference
instanceKlass org/eclipse/sisu/inject/MildElements$Weak
instanceKlass com/google/common/collect/MapMakerInternalMap$AbstractWeakKeyEntry
instanceKlass com/google/common/cache/LocalCache$WeakEntry
instanceKlass java/lang/WeakPairMap$WeakRefPeer
instanceKlass com/google/common/cache/LocalCache$WeakValueReference
instanceKlass java/util/logging/LogManager$LoggerWeakRef
instanceKlass java/util/logging/Level$KnownLevel
instanceKlass java/lang/ClassValue$Entry
instanceKlass org/eclipse/sisu/inject/MildKeys$Weak
instanceKlass java/lang/invoke/MethodType$ConcurrentWeakInternSet$WeakEntry
instanceKlass java/lang/ThreadLocal$ThreadLocalMap$Entry
instanceKlass java/util/WeakHashMap$Entry
ciInstanceKlass java/lang/ref/WeakReference 1 1 31 10 7 12 1 1 1 10 12 1 100 1 1 1 1 1 1 1 1 1 1 1 1 1 1 1 1 1 1 1 1
instanceKlass java/lang/ref/Finalizer
ciInstanceKlass java/lang/ref/FinalReference 1 1 50 10 7 12 1 1 1 10 7 12 1 1 1 10 12 1 1 7 1 8 1 10 12 1 1 1 1 1 1 1 1 1 1 1 1 1 1 1 1 1 1 1 1 1 1 1 1 1 7 1
instanceKlass jdk/internal/ref/PhantomCleanable
instanceKlass jdk/internal/ref/Cleaner
ciInstanceKlass java/lang/ref/PhantomReference 1 1 39 10 100 12 1 1 1 10 7 12 1 1 1 1 1 1 1 1 1 1 1 1 1 1 1 1 1 1 1 1 1 1 1 1 1 1 1 1 1
ciInstanceKlass java/lang/ref/Finalizer 1 1 155 9 7 12 1 1 1 10 7 12 1 1 1 9 12 1 1 9 12 1 1 9 12 1 9 12 1 9 12 1 1 10 12 1 7 1 8 1 10 12 1 10 12 1 1 9 12 1 100 1 10 12 1 7 1 11 7 12 1 1 10 12 1 7 1 10 12 1 100 1 10 12 1 10 7 12 1 1 1 10 100 12 1 1 1 100 1 10 10 12 1 7 1 10 12 1 7 1 10 12 1 1 10 12 1 1 10 12 1 10 7 12 1 1 1 7 1 10 7 1 10 10 12 1 1 1 1 1 1 1 1 1 1 1 1 1 1 1 1 1 1 1 1 1 1 1 1 1 1 1 1 1 1 1 1
staticfield java/lang/ref/Finalizer lock Ljava/lang/Object; java/lang/Object
staticfield java/lang/ref/Finalizer ENABLED Z 1
staticfield java/lang/ref/Finalizer $assertionsDisabled Z 1
instanceKlass org/apache/commons/compress/archivers/zip/ZipMethod
instanceKlass org/apache/commons/compress/archivers/zip/ZipArchiveEntry$ExtraFieldParsingMode
instanceKlass org/apache/commons/compress/archivers/zip/ZipArchiveEntry$CommentSource
instanceKlass org/apache/commons/compress/archivers/zip/ZipArchiveEntry$NameSource
instanceKlass org/apache/commons/compress/archivers/zip/Zip64Mode
instanceKlass org/codehaus/plexus/archiver/tar/TarUnArchiver$UntarCompressionMethod
instanceKlass org/codehaus/plexus/archiver/tar/TarArchiver$TarCompressionMethod
instanceKlass org/codehaus/plexus/archiver/tar/TarLongFileMode
instanceKlass org/codehaus/plexus/archiver/jar/JarArchiver$FilesetManifestConfig
instanceKlass org/apache/maven/surefire/shared/lang3/JavaVersion
instanceKlass org/apache/maven/plugin/surefire/AbstractSurefireMojo$PluginFailureReason
instanceKlass java/lang/invoke/MethodHandleImpl$ArrayAccess
instanceKlass com/sun/tools/javac/comp/LambdaToMethod$LambdaSymbolKind
instanceKlass com/sun/tools/javac/tree/JCTree$JCMemberReference$ReferenceKind
instanceKlass com/sun/source/tree/LambdaExpressionTree$BodyKind
instanceKlass com/sun/tools/javac/comp/Flow$BaseAnalyzer$JumpKind
instanceKlass com/sun/tools/javac/comp/Infer$InferenceStep
instanceKlass com/sun/tools/javac/comp/Infer$GraphInferenceSteps
instanceKlass com/sun/tools/javac/comp/Infer$IncorporationBinaryOpKind
instanceKlass com/sun/tools/javac/code/Type$UndetVar$InferenceBound
instanceKlass com/sun/tools/javac/code/Type$UndetVar$Kind
instanceKlass com/sun/tools/javac/code/TypeAnnotationPosition$TypePathEntryKind
instanceKlass com/sun/tools/javac/code/Symbol$OperatorSymbol$AccessCode
instanceKlass com/sun/tools/javac/util/Bits$BitsState
instanceKlass com/sun/tools/javac/comp/Flow$FlowKind
instanceKlass com/sun/tools/javac/comp/Flow$Liveness
instanceKlass com/sun/tools/javac/comp/Resolve$MethodCheckDiag
instanceKlass com/sun/source/tree/Tree$Kind
instanceKlass com/sun/tools/javac/code/TypeAnnotations$AnnotationType
instanceKlass com/sun/tools/javac/comp/Resolve$InterfaceLookupPhase
instanceKlass com/sun/tools/javac/code/BoundKind
instanceKlass com/sun/tools/javac/code/TargetType
instanceKlass com/sun/source/tree/MemberReferenceTree$ReferenceMode
instanceKlass com/sun/tools/javac/code/Attribute$RetentionPolicy
instanceKlass javax/lang/model/element/NestingKind
instanceKlass javax/lang/model/element/ElementKind
instanceKlass com/sun/tools/javac/comp/DeferredAttr$AttributionMode
instanceKlass com/sun/tools/javac/code/Scope$LookupKind
instanceKlass java/nio/file/FileVisitResult
instanceKlass com/sun/tools/javac/code/Directive$ExportsFlag
instanceKlass com/sun/tools/javac/tree/JCTree$JCLambda$ParameterKind
instanceKlass com/sun/tools/javac/tree/JCTree$JCPolyExpression$PolyKind
instanceKlass com/sun/tools/javac/parser/JavacParser$ParensResult
instanceKlass com/sun/source/tree/CaseTree$CaseKind
instanceKlass com/sun/tools/javac/parser/JavacParser$PatternResult
instanceKlass com/sun/tools/javac/parser/Tokens$Comment$CommentStyle
instanceKlass javax/lang/model/type/TypeKind
instanceKlass com/sun/tools/javac/util/RichDiagnosticFormatter$RichConfiguration$RichFormatterFeature
instanceKlass com/sun/tools/javac/util/RichDiagnosticFormatter$WhereClauseKind
instanceKlass com/sun/tools/javac/comp/CompileStates$CompileState
instanceKlass com/sun/tools/javac/main/JavaCompiler$ImplicitSourcePolicy
instanceKlass com/sun/tools/javac/jvm/ClassFile$Version
instanceKlass com/sun/tools/javac/comp/Attr$CheckMode
instanceKlass com/sun/tools/javac/comp/Analyzer$AnalyzerMode
instanceKlass com/sun/tools/javac/jvm/Code$StackMapFormat
instanceKlass com/sun/tools/javac/comp/Operators$OperatorType
instanceKlass com/sun/tools/javac/tree/JCTree$Tag
instanceKlass com/sun/tools/javac/jvm/Profile
instanceKlass com/sun/tools/javac/comp/Resolve$VerboseResolutionMode
instanceKlass com/sun/tools/javac/comp/DeferredAttr$AttrMode
instanceKlass com/sun/tools/javac/main/Option$PkgInfo
instanceKlass com/sun/tools/javac/parser/Tokens$Token$Tag
instanceKlass com/sun/tools/javac/parser/Tokens$TokenKind
instanceKlass com/sun/tools/javac/util/Dependencies$CompletionCause
instanceKlass com/sun/tools/javac/comp/Resolve$ReferenceLookupResult$StaticKind
instanceKlass com/sun/tools/javac/comp/Resolve$MethodResolutionPhase
instanceKlass com/sun/tools/javac/util/Convert$Validation
instanceKlass com/sun/tools/javac/code/Symbol$ModuleResolutionFlags
instanceKlass com/sun/tools/javac/code/Symbol$ModuleFlags
instanceKlass com/sun/tools/javac/code/Directive$RequiresFlag
instanceKlass com/sun/tools/javac/code/Kinds$KindName
instanceKlass com/sun/tools/javac/code/Kinds$Kind$Category
instanceKlass com/sun/tools/javac/code/Kinds$Kind
instanceKlass com/sun/tools/javac/code/TypeTag
instanceKlass com/sun/tools/javac/jvm/ClassReader$AttributeKind
instanceKlass com/sun/tools/javac/main/JavaCompiler$CompilePolicy
instanceKlass com/sun/tools/javac/main/Main$Result
instanceKlass com/sun/tools/javac/code/Source$Feature$DiagKind
instanceKlass com/sun/tools/javac/util/JCDiagnostic$DiagnosticType
instanceKlass com/sun/tools/javac/code/Source$Feature
instanceKlass java/nio/file/attribute/PosixFilePermission
instanceKlass jdk/javadoc/internal/doclint/Env$AccessKind
instanceKlass jdk/javadoc/internal/doclint/Messages$Group
instanceKlass com/sun/tools/javac/main/Arguments$ErrorMode
instanceKlass com/sun/tools/javac/jvm/Target
instanceKlass com/sun/tools/javac/util/BasicDiagnosticFormatter$BasicConfiguration$SourcePosition
instanceKlass com/sun/tools/javac/util/BasicDiagnosticFormatter$BasicConfiguration$BasicFormatKind
instanceKlass com/sun/tools/javac/api/DiagnosticFormatter$Configuration$MultilineLimit
instanceKlass com/sun/tools/javac/api/DiagnosticFormatter$Configuration$DiagnosticPart
instanceKlass com/sun/tools/javac/util/JCDiagnostic$DiagnosticFlag
instanceKlass com/sun/tools/javac/util/Log$WriterKind
instanceKlass javax/tools/StandardLocation
instanceKlass javax/tools/JavaFileObject$Kind
instanceKlass com/sun/tools/javac/code/Source
instanceKlass com/sun/tools/javac/code/Lint$LintCategory
instanceKlass com/sun/tools/javac/main/Option$ChoiceKind
instanceKlass com/sun/tools/javac/main/Option$ArgKind
instanceKlass com/sun/tools/javac/main/Option$OptionGroup
instanceKlass com/sun/tools/javac/main/Option$OptionKind
instanceKlass com/sun/tools/javac/main/Option
instanceKlass javax/tools/Diagnostic$Kind
instanceKlass org/codehaus/plexus/compiler/javac/JavacCompiler$JavaVersion
instanceKlass org/apache/maven/shared/utils/io/ScanConductor$ScanAction
instanceKlass java/nio/file/FileTreeWalker$EventType
instanceKlass java/nio/file/FileVisitOption
instanceKlass org/fusesource/jansi/Ansi$Attribute
instanceKlass org/fusesource/jansi/Ansi$Color
instanceKlass org/apache/maven/shared/utils/logging/Style
instanceKlass java/util/Comparators$NaturalOrderComparator
instanceKlass org/codehaus/plexus/compiler/CompilerConfiguration$CompilerReuseStrategy
instanceKlass javax/lang/model/SourceVersion
instanceKlass org/codehaus/plexus/compiler/CompilerMessage$Kind
instanceKlass java/time/format/TextStyle
instanceKlass java/time/format/DateTimeFormatterBuilder$SettingsParser
instanceKlass java/time/format/ResolverStyle
instanceKlass java/time/format/SignStyle
instanceKlass java/time/temporal/JulianFields$Field
instanceKlass java/time/temporal/IsoFields$Unit
instanceKlass java/time/temporal/IsoFields$Field
instanceKlass com/google/inject/internal/ErrorId
instanceKlass org/eclipse/sisu/space/GlobberStrategy
instanceKlass org/eclipse/aether/util/graph/transformer/ConflictResolver$Verbosity
instanceKlass org/eclipse/aether/spi/connector/checksum/ChecksumPolicy$ChecksumKind
instanceKlass org/apache/http/conn/ssl/DefaultHostnameVerifier$HostNameType
instanceKlass javax/net/ssl/SSLEngineResult$HandshakeStatus
instanceKlass sun/security/ssl/Finished$VerifyDataScheme
instanceKlass java/time/Month
instanceKlass sun/security/validator/CADistrustPolicy
instanceKlass jdk/internal/icu/util/CodePointTrie$ValueWidth
instanceKlass jdk/internal/icu/util/CodePointTrie$Type
instanceKlass java/text/Normalizer$Form
instanceKlass sun/security/ssl/SSLTrafficKeyDerivation$KeySchedule
instanceKlass sun/security/ssl/SSLTrafficKeyDerivation
instanceKlass sun/security/ssl/SSLSecretDerivation$SecretSchedule
instanceKlass sun/security/ssl/ContentType
instanceKlass sun/security/ssl/SSLKeyExchange$T12KeyAgreement
instanceKlass sun/security/ssl/PskKeyExchangeModesExtension$PskKeyExchangeMode
instanceKlass sun/security/ssl/ECPointFormatsExtension$ECPointFormat
instanceKlass sun/security/ssl/CertStatusExtension$CertStatusRequestType
instanceKlass sun/security/ssl/SSLExtension
instanceKlass sun/security/ssl/SignatureScheme$SigAlgParamSpec
instanceKlass sun/security/ssl/SignatureScheme
instanceKlass sun/security/ssl/ClientAuthType
instanceKlass sun/security/ssl/SSLHandshake
instanceKlass java/net/Proxy$Type
instanceKlass java/net/StandardProtocolFamily
instanceKlass jdk/internal/util/OperatingSystem
instanceKlass org/apache/http/conn/routing/RouteInfo$LayerType
instanceKlass org/apache/http/conn/routing/RouteInfo$TunnelType
instanceKlass org/apache/http/auth/AuthProtocolState
instanceKlass org/eclipse/aether/transfer/TransferEvent$RequestType
instanceKlass org/eclipse/aether/transfer/TransferEvent$EventType
instanceKlass org/apache/http/impl/cookie/RFC6265CookieSpecProvider$CompatibilityLevel
instanceKlass org/apache/http/impl/cookie/DefaultCookieSpecProvider$CompatibilityLevel
instanceKlass org/apache/http/conn/util/DomainType
instanceKlass java/lang/System$Logger$Level
instanceKlass sun/security/rsa/RSAUtil$KeyType
instanceKlass sun/security/ssl/NamedGroup
instanceKlass sun/security/ssl/NamedGroup$NamedGroupSpec
instanceKlass sun/security/ssl/CipherSuite$KeyExchange
instanceKlass sun/security/ssl/CipherSuite$MacAlg
instanceKlass sun/security/ssl/CipherSuite$HashAlg
instanceKlass java/lang/StackWalker$Option
instanceKlass sun/security/ssl/CipherType
instanceKlass sun/security/ssl/SSLCipher
instanceKlass sun/security/ssl/CipherSuite
instanceKlass java/security/CryptoPrimitive
instanceKlass java/time/temporal/ChronoField
instanceKlass sun/security/util/DisabledAlgorithmConstraints$Constraint$Operator
instanceKlass sun/security/ssl/ProtocolVersion
instanceKlass org/apache/http/client/utils/URIUtils$UriFlag
instanceKlass org/apache/maven/plugin/MojoExecution$Source
instanceKlass java/util/stream/MatchOps$MatchKind
instanceKlass java/nio/file/AccessMode
instanceKlass org/eclipse/aether/RepositoryEvent$EventType
instanceKlass org/eclipse/aether/named/support/ReadWriteLockNamedLock$Step
instanceKlass java/time/temporal/ChronoUnit
instanceKlass org/apache/maven/project/ProjectBuildingRequest$RepositoryMerging
instanceKlass java/security/DrbgParameters$Capability
instanceKlass sun/security/util/KnownOIDs
instanceKlass org/eclipse/sisu/inject/QualifyingStrategy
instanceKlass com/google/inject/internal/InjectorImpl$JitLimitation
instanceKlass org/eclipse/sisu/bean/DeclaredMembers$View
instanceKlass com/google/inject/internal/Initializer$InjectableReferenceState
instanceKlass com/google/common/collect/MapMakerInternalMap$Strength
instanceKlass org/apache/maven/settings/building/SettingsProblem$Severity
instanceKlass org/eclipse/aether/metadata/Metadata$Nature
instanceKlass org/apache/maven/model/building/ModelProblem$Version
instanceKlass org/apache/maven/building/Problem$Severity
instanceKlass org/apache/maven/plugin/internal/DefaultPluginValidationManager$ValidationReportLevel
instanceKlass org/apache/maven/plugin/PluginValidationManager$IssueLocality
instanceKlass org/apache/maven/classrealm/ClassRealmRequest$RealmType
instanceKlass org/apache/maven/execution/ExecutionEvent$Type
instanceKlass org/apache/maven/model/building/ModelProblem$Severity
instanceKlass org/apache/maven/artifact/ArtifactScopeEnum
instanceKlass com/google/inject/spi/InjectionPoint$Position
instanceKlass com/google/common/util/concurrent/AbstractFutureState$VarHandleAtomicHelperMaker
instanceKlass java/lang/annotation/ElementType
instanceKlass java/lang/reflect/ProxyGenerator$PrimitiveTypeInfo
instanceKlass java/lang/annotation/RetentionPolicy
instanceKlass com/google/inject/internal/InternalFlags$ColorizeOption
instanceKlass com/google/inject/internal/InternalFlags$BytecodeGenOption
instanceKlass com/google/inject/internal/InternalFlags$NullableProvidesOption
instanceKlass com/google/inject/internal/InternalFlags$CustomClassLoadingOption
instanceKlass com/google/inject/internal/InternalFlags$IncludeStackTraceOption
instanceKlass com/google/inject/Key$NullAnnotationStrategy
instanceKlass sun/reflect/annotation/TypeAnnotation$TypeAnnotationTarget
instanceKlass com/google/common/cache/LocalCache$EntryFactory
instanceKlass com/google/common/cache/CacheBuilder$NullListener
instanceKlass com/google/common/cache/CacheBuilder$OneWeigher
instanceKlass com/google/common/cache/LocalCache$Strength
instanceKlass jdk/internal/logger/BootstrapLogger$LoggingBackend
instanceKlass com/google/inject/Stage
instanceKlass org/eclipse/sisu/space/BeanScanning
instanceKlass java/math/RoundingMode
instanceKlass sun/util/locale/provider/LocaleProviderAdapter$Type
instanceKlass java/util/stream/Collector$Characteristics
instanceKlass java/util/Locale$Category
instanceKlass org/apache/maven/cli/logging/Slf4jConfiguration$Level
instanceKlass org/slf4j/impl/OutputChoice$OutputChoiceType
instanceKlass java/util/stream/StreamShape
instanceKlass java/util/stream/StreamOpFlag$Type
instanceKlass java/util/stream/StreamOpFlag
instanceKlass org/fusesource/jansi/AnsiColors
instanceKlass org/fusesource/jansi/AnsiMode
instanceKlass org/fusesource/jansi/AnsiType
instanceKlass java/util/regex/Pattern$Qtype
instanceKlass java/lang/invoke/VarHandle$AccessType
instanceKlass java/lang/invoke/VarHandle$AccessMode
instanceKlass java/lang/invoke/MethodHandles$Lookup$ClassOption
instanceKlass java/lang/invoke/MethodHandleImpl$Intrinsic
instanceKlass java/lang/invoke/LambdaForm$BasicType
instanceKlass java/lang/invoke/LambdaForm$Kind
instanceKlass sun/invoke/util/Wrapper
instanceKlass java/util/zip/ZipCoder$Comparison
instanceKlass java/nio/file/LinkOption
instanceKlass sun/nio/fs/WindowsPathType
instanceKlass java/util/concurrent/TimeUnit
instanceKlass java/nio/file/StandardOpenOption
instanceKlass java/io/File$PathStatus
instanceKlass java/lang/module/ModuleDescriptor$Requires$Modifier
instanceKlass java/lang/reflect/AccessFlag$Location
instanceKlass java/lang/reflect/AccessFlag
instanceKlass java/lang/module/ModuleDescriptor$Modifier
instanceKlass java/lang/reflect/ClassFileFormatVersion
instanceKlass java/lang/Thread$State
ciInstanceKlass java/lang/Enum 1 1 204 9 7 12 1 1 1 9 12 1 1 10 7 12 1 1 1 9 12 1 10 7 12 1 1 1 100 1 10 10 12 1 1 10 12 1 7 1 10 10 7 12 1 1 10 12 1 1 18 12 1 1 10 100 12 1 1 1 10 12 1 1 11 7 12 1 1 1 100 1 8 1 10 12 1 100 1 7 1 10 8 1 10 12 1 1 10 12 1 1 8 1 10 12 1 10 100 1 8 1 10 10 12 1 1 10 100 12 1 1 1 7 1 7 1 7 1 1 1 1 1 1 1 1 1 1 1 1 1 1 1 1 1 1 1 1 1 1 1 1 1 1 1 1 1 1 1 1 1 1 1 1 1 1 1 1 1 1 1 1 1 1 1 3 1 1 1 1 100 1 7 1 1 100 1 1 1 1 1 1 1 1 1 1 1 16 15 10 12 16 15 10 100 12 1 1 1 1 1 100 1 100 1 1
ciInstanceKlass java/lang/reflect/Method 1 1 472 9 7 12 1 1 1 10 7 12 1 1 1 10 7 12 1 1 9 12 1 1 10 12 1 1 10 12 1 1 10 7 12 1 1 10 7 12 1 1 1 9 12 1 1 9 12 1 9 12 1 1 9 12 1 9 12 1 9 12 1 1 9 12 1 9 12 1 1 9 12 1 9 12 1 9 12 1 1 100 1 8 1 10 12 1 10 12 1 9 12 1 1 8 1 10 7 12 1 1 10 7 12 1 1 1 10 12 1 1 10 12 1 1 10 12 1 10 12 1 1 10 12 1 1 9 7 12 1 1 1 10 12 1 1 10 12 10 7 12 1 1 10 12 1 1 10 12 1 10 12 1 10 12 1 10 7 12 1 1 1 10 12 1 1 10 7 1 10 7 12 1 1 1 10 7 12 1 1 10 12 1 1 10 12 1 1 10 12 1 10 7 12 1 1 1 10 12 1 10 8 1 10 12 1 10 12 1 7 1 8 1 8 1 8 1 10 12 1 10 12 1 1 10 12 1 1 10 10 12 1 1 10 12 1 11 7 1 10 12 1 9 12 1 1 10 12 1 1 10 12 1 10 12 1 1 10 12 1 1 11 7 12 1 1 1 11 12 1 9 12 1 1 10 12 1 10 12 1 10 12 1 10 12 1 10 12 1 10 12 1 9 12 1 1 10 7 12 1 1 1 10 7 12 1 1 10 12 1 1 10 7 12 1 1 1 10 7 12 1 1 1 10 7 12 1 1 1 11 7 12 1 1 1 10 7 12 1 1 1 7 1 100 1 100 1 10 12 1 10 12 1 1 10 12 1 100 1 8 1 10 12 1 10 10 12 1 1 10 12 1 1 10 12 1 1 10 12 1 1 8 1 10 12 1 1 1 1 1 1 1 1 1 1 1 1 1 1 1 1 1 1 1 1 1 1 1 1 1 1 1 1 1 1 1 1 1 1 1 1 1 1 1 1 1 1 1 1 1 1 1 1 1 1 1 1 1 100 1 100 1 100 1 1 1 1 1 1 1 1 1 1 1 1 1 1 1 1 1 1 1 1 1 1 1 1 1 1 1 1 1 1
ciInstanceKlass java/lang/reflect/Field 1 1 457 9 7 12 1 1 1 10 12 1 1 10 100 12 1 1 1 10 100 12 1 1 9 12 1 1 10 12 1 1 10 12 1 1 10 7 12 1 1 10 7 12 1 1 1 9 12 1 1 9 12 1 9 12 1 9 12 1 1 9 12 1 1 9 12 1 9 12 1 1 9 12 1 1 100 1 8 1 10 12 1 10 12 1 9 12 1 1 9 12 1 10 12 1 10 7 12 1 1 10 12 1 1 10 12 1 1 10 12 1 10 12 1 1 9 100 12 1 1 1 10 100 12 1 1 1 7 1 10 12 1 1 10 12 1 1 10 12 1 1 10 12 1 10 12 1 10 7 1 10 7 12 1 1 7 1 10 8 1 10 12 1 1 10 12 1 1 8 1 10 12 10 12 1 8 1 8 1 10 11 7 1 9 12 1 10 12 1 1 10 12 1 1 11 7 12 1 1 1 10 12 1 11 12 1 1 11 12 1 1 11 12 1 1 11 12 1 1 11 12 1 1 11 12 1 1 11 12 1 1 11 12 1 1 11 12 1 1 11 12 1 1 11 12 1 1 11 12 1 1 11 12 1 1 11 12 1 1 11 12 1 1 11 12 1 1 11 12 1 1 10 12 1 10 7 12 1 1 10 12 1 10 12 1 10 12 1 9 12 1 1 10 7 12 1 1 1 10 12 1 1 10 12 1 10 7 12 1 1 10 12 1 1 11 7 1 10 12 1 7 1 10 100 12 1 1 1 10 7 12 1 1 1 9 12 1 10 7 12 1 1 1 11 7 12 1 1 1 10 12 1 1 10 12 1 1 9 7 12 1 1 10 7 12 1 1 1 10 12 1 1 7 1 1 1 1 1 1 1 1 1 1 1 1 1 1 1 1 1 1 1 1 1 1 1 1 1 1 1 1 1 1 1 1 1 1 1 1 1 1 1 100 1 1 1 1 1 1 1 1 1 1 1 1 1 1 1 1 1 1 1 1 1 1 1 1 1 1 1 1 1 1 1 1 7 1 1 1 1 1 1 1 1 1 100 1 1
ciInstanceKlass java/lang/reflect/Parameter 1 1 243 10 7 12 1 1 1 9 7 12 1 1 1 9 12 1 1 9 12 1 1 9 12 1 10 12 1 1 10 12 1 1 10 7 12 1 1 1 7 1 10 10 12 1 1 11 7 12 1 1 1 10 12 1 10 100 12 1 1 1 10 12 1 1 10 12 1 10 12 1 8 1 8 1 10 7 12 1 1 1 10 12 1 10 12 9 100 12 1 1 1 10 100 12 1 1 1 10 12 1 8 1 10 12 1 9 12 1 1 10 12 1 1 9 12 1 1 10 12 1 1 10 12 1 1 10 12 1 1 10 12 1 10 10 12 1 10 100 12 1 1 1 10 12 1 1 11 7 12 1 1 10 7 12 1 1 7 1 10 100 12 1 1 1 10 12 1 1 10 12 1 1 10 12 1 1 10 12 1 1 9 12 1 100 1 10 11 12 1 1 11 12 1 1 7 1 1 1 1 1 1 1 1 1 1 1 1 1 1 1 1 1 1 1 1 1 1 1 1 1 1 1 1 1 1 1 1 1 1 1 1 1 1 1 1 1 100 1 1 1 1 1 1
ciInstanceKlass java/lang/reflect/RecordComponent 0 0 196 10 7 12 1 1 1 9 7 12 1 1 1 9 12 1 1 9 12 1 10 12 1 1 10 12 1 1 10 100 12 1 1 1 10 12 1 1 9 12 1 1 10 12 1 1 10 12 1 1 10 12 1 10 100 12 1 1 10 100 12 1 1 9 12 1 1 10 100 12 1 1 1 11 100 12 1 1 1 10 9 100 12 1 1 1 10 100 12 1 1 1 9 12 1 1 10 100 12 1 1 1 10 12 1 1 11 7 12 1 1 10 7 12 1 1 7 1 9 12 1 9 12 1 1 9 12 1 10 100 12 1 1 1 10 12 1 1 10 12 1 1 7 1 10 10 12 1 10 12 1 1 8 1 10 12 1 10 12 1 9 12 1 7 1 1 1 1 1 1 1 1 1 1 1 1 1 1 1 1 1 1 1 1 1 1 7 1 1 1 1 1 1 100 1 1
ciInstanceKlass java/lang/StringBuffer 1 1 483 10 7 12 1 1 1 10 12 1 10 12 1 10 12 1 1 9 7 12 1 1 1 10 12 1 1 10 12 1 10 12 1 1 9 12 1 1 10 12 1 10 12 1 1 10 12 1 1 10 12 1 10 12 1 1 10 12 1 10 12 1 1 10 12 1 1 10 7 12 1 1 1 10 12 1 1 10 12 1 10 12 1 10 12 1 10 12 1 10 12 1 10 12 1 10 12 1 10 12 1 10 12 1 10 12 1 10 12 1 10 12 1 10 12 1 10 12 1 1 10 12 1 10 12 1 1 10 12 1 1 10 10 12 1 1 10 12 1 10 12 1 10 12 1 10 12 1 10 12 1 10 12 1 10 12 10 12 1 10 12 1 10 12 1 10 12 1 1 10 12 1 10 12 1 10 10 12 1 1 10 12 1 10 12 1 10 12 1 10 10 100 12 1 1 1 10 10 12 1 1 9 12 1 1 10 100 12 1 1 10 100 1 8 10 100 12 1 1 1 8 10 12 1 8 1 10 12 1 10 12 1 10 100 12 1 1 1 10 100 12 1 1 1 7 1 10 12 100 1 8 1 10 10 12 1 1 10 12 1 1 10 12 1 10 12 1 10 12 1 1 10 12 1 10 12 1 10 12 1 10 12 1 10 12 1 10 12 10 12 1 10 12 1 10 12 1 10 12 1 10 12 1 10 12 1 10 12 1 10 12 1 10 12 1 10 12 1 10 12 10 12 10 12 1 10 12 1 10 12 1 10 12 10 12 1 10 12 1 10 12 1 10 12 1 10 12 1 10 12 1 10 12 1 10 12 1 10 12 1 10 12 1 10 12 1 7 1 10 12 1 9 7 12 1 1 1 9 7 1 9 12 1 1 7 1 7 1 7 1 7 1 1 1 1 5 0 1 1 1 1 1 1 1 1 1 1 1 1 1 1 1 1 1 1 1 1 1 1 1 1 1 1 1 1 1 1 1 1 1 1 1 1 1 1 1 1 1 1 1 1 1 1 1 1 1 1 1 1 1 1 1 1 1 1 1 1 1 100 1 1 1 1 1 7 1 1 1 1 1 1 1 1 1 1 1 1 1 1 1 1 1 1
staticfield java/lang/StringBuffer serialPersistentFields [Ljava/io/ObjectStreamField; 3 [Ljava/io/ObjectStreamField;
instanceKlass jdk/internal/loader/BuiltinClassLoader
instanceKlass java/net/URLClassLoader
ciInstanceKlass java/security/SecureClassLoader 1 1 102 10 7 12 1 1 1 7 1 10 12 1 9 7 12 1 1 1 10 12 1 10 12 1 10 12 1 1 10 12 1 1 10 12 1 7 1 10 7 1 10 12 1 7 1 10 12 1 11 7 12 1 1 1 7 1 11 12 1 10 12 1 1 1 1 1 1 1 1 1 1 1 1 1 1 1 1 1 1 1 1 1 1 1 1 1 1 1 1 1 1 1 1 1 1 1 1 100 1 1 1 1
instanceKlass org/codehaus/plexus/archiver/zip/PlexusIoZipFileResourceCollection$1
instanceKlass org/codehaus/plexus/classworlds/realm/ClassRealm
ciInstanceKlass java/net/URLClassLoader 1 1 600 10 7 12 1 1 1 7 1 10 12 1 9 7 12 1 1 1 10 7 12 1 1 1 9 12 1 1 7 1 10 12 1 9 12 1 1 10 12 1 10 10 12 1 10 7 12 1 1 1 10 12 1 1 10 7 12 1 1 1 10 7 12 1 1 1 7 1 10 12 1 1 10 12 1 1 10 12 1 1 7 1 100 1 10 7 12 1 1 1 100 1 8 1 10 12 1 10 7 12 1 1 1 10 12 1 1 10 12 1 1 11 7 12 1 1 1 11 7 12 1 1 1 11 12 1 1 7 1 11 12 1 11 7 12 1 1 10 12 1 11 12 1 11 12 1 1 11 10 12 1 1 10 12 1 1 10 12 1 1 7 1 10 12 1 10 12 1 1 7 1 7 1 10 12 1 1 7 1 10 10 12 1 1 10 7 12 1 1 10 12 1 100 1 7 1 10 8 1 10 12 1 1 8 1 10 12 1 1 10 10 12 1 8 1 8 1 10 12 1 1 10 7 12 1 1 1 10 7 12 1 1 1 10 12 1 1 10 12 1 1 10 12 1 1 10 12 1 10 12 1 100 1 100 1 8 1 10 12 1 10 12 1 1 10 12 1 1 7 1 10 12 1 10 7 12 1 1 1 10 12 1 1 10 12 1 1 10 12 1 1 10 12 1 10 7 12 1 1 1 10 12 1 1 8 1 10 12 1 1 11 7 12 1 1 1 9 7 12 1 1 1 10 7 12 1 1 1 9 12 1 9 12 1 9 12 1 9 12 1 9 12 1 9 12 1 10 7 12 1 1 1 8 1 10 12 1 1 7 1 10 10 12 1 10 12 1 1 10 12 1 1 7 1 10 12 1 10 12 1 1 10 12 1 10 12 1 1 7 1 10 7 12 1 1 9 7 12 1 1 1 10 12 1 8 1 100 1 8 1 10 12 1 10 12 1 8 1 10 12 1 10 12 1 9 12 1 1 10 100 12 1 1 10 12 1 10 12 1 10 100 1 8 1 10 100 1 10 12 1 10 7 12 1 100 1 10 12 1 10 12 1 100 1 10 10 7 12 1 1 1 1 1 1 1 1 1 1 1 1 1 1 1 1 1 1 1 1 1 1 1 1 1 1 1 1 1 1 1 1 1 1 1 1 1 7 1 100 1 7 1 7 1 1 1 1 1 1 1 1 1 1 1 1 1 1 1 1 1 1 1 1 1 1 1 1 1 1 1 1 1 1 1 1 1 1 1 1 1 1 1 1 1 1 1 1 1 1 100 1 1 1 1 1 1 1 1 1 1 1 1 1 1 1 1 1 1 1 1 1 1 1 1 1 1 1 1 1 1 1 1 1 1 1 1 1 100 1 1 1
instanceKlass org/codehaus/plexus/archiver/jar/Manifest
ciInstanceKlass java/util/jar/Manifest 1 1 339 10 7 12 1 1 1 7 1 10 9 7 12 1 1 1 7 1 10 9 12 1 1 9 12 1 1 10 12 1 10 12 1 1 10 12 1 1 10 12 1 1 10 12 1 1 11 7 1 11 12 1 1 10 12 1 1 10 100 12 1 1 1 100 1 7 1 10 8 1 10 12 1 1 10 12 1 1 10 12 1 10 12 1 11 7 1 10 12 1 10 12 1 1 11 12 1 1 10 12 1 11 12 1 1 11 7 12 1 1 1 11 7 12 1 1 11 12 1 1 100 1 10 12 1 8 1 11 12 1 7 1 10 12 1 1 11 12 1 10 12 1 10 12 1 10 7 12 1 1 1 8 1 10 12 1 1 10 9 7 12 1 1 1 10 12 1 1 10 7 12 1 10 12 1 10 12 1 9 100 12 1 1 1 8 1 10 12 1 8 1 8 1 7 1 10 12 1 10 12 1 10 12 1 1 100 1 8 1 10 12 1 1 8 1 10 10 12 1 1 8 1 10 12 1 1 10 7 12 1 1 1 10 12 1 10 11 12 1 1 10 12 1 10 7 12 1 1 1 10 12 1 1 10 12 1 10 12 1 1 11 10 12 1 11 10 12 1 7 1 1 1 1 1 1 1 1 1 1 1 1 1 1 1 1 1 1 1 1 1 1 1 1 1 1 1 1 1 1 1 1 1 1 1 1 1 1 1 1 1 1 1 100 1 1 1 1 1 1 1 1 1 1 1 1 1 1 7 1 1 1 1 1 1 1 1 1 1 1
ciInstanceKlass java/io/ByteArrayInputStream 1 1 117 10 7 12 1 1 1 9 7 12 1 1 1 9 12 1 1 9 12 1 9 12 1 10 7 12 1 1 1 10 7 12 1 1 1 10 7 12 1 1 1 10 100 12 1 1 1 10 12 1 1 3 10 100 1 10 100 12 1 1 1 9 12 1 1 100 1 10 10 7 12 1 1 1 1 1 1 1 1 1 1 1 1 1 1 1 1 1 1 1 1 1 1 1 1 1 1 1 1 1 1 1 100 1 1 1 1 1 1 1 1 1 1 1 1 1 1
staticfield java/io/ByteArrayInputStream $assertionsDisabled Z 1
instanceKlass java/nio/IntBuffer
instanceKlass java/nio/CharBuffer
instanceKlass java/nio/LongBuffer
instanceKlass java/nio/ByteBuffer
ciInstanceKlass java/nio/Buffer 1 1 256 100 1 10 7 12 1 1 1 9 7 12 1 1 1 9 12 1 9 12 1 1 9 12 1 9 12 1 1 10 12 1 1 10 12 1 1 10 12 100 1 7 1 10 8 1 10 12 1 1 10 12 1 8 1 8 1 10 12 1 1 10 12 1 8 1 9 12 1 1 100 1 8 1 10 12 1 8 1 8 1 9 12 10 12 1 8 1 8 1 8 1 10 12 1 8 1 8 1 8 1 100 1 10 100 1 10 100 1 10 9 12 1 1 10 7 12 1 1 1 100 1 10 12 1 1 10 12 1 10 100 12 1 1 10 7 12 1 1 1 10 7 12 1 1 1 9 12 1 1 10 7 12 1 1 1 9 12 1 1 7 1 10 10 12 1 1 7 1 10 10 7 12 1 1 1 1 1 3 1 1 1 1 1 1 1 1 1 1 1 1 1 1 100 1 1 1 1 1 1 1 7 1 1 1 1 1 1 1 1 1 1 1 1 1 1 1 1 1 1 1 1 1 1 1 1 1 1 1 1 1 1 1 1 1 1 1 1 1 1 1 100 1 100 1 100 1 100 1 100 1 100 1 100 1 1
staticfield java/nio/Buffer UNSAFE Ljdk/internal/misc/Unsafe; jdk/internal/misc/Unsafe
staticfield java/nio/Buffer SCOPED_MEMORY_ACCESS Ljdk/internal/misc/ScopedMemoryAccess; jdk/internal/misc/ScopedMemoryAccess
staticfield java/nio/Buffer IOOBE_FORMATTER Ljava/util/function/BiFunction; jdk/internal/util/Preconditions$4
staticfield java/nio/Buffer $assertionsDisabled Z 1
ciMethod java/nio/Buffer reset ()Ljava/nio/Buffer; 514 0 3622 0 -1
ciMethod java/nio/Buffer position (I)Ljava/nio/Buffer; 564 0 6102 0 176
ciMethod java/nio/Buffer limit (I)Ljava/nio/Buffer; 1024 0 30209 0 192
ciMethod java/nio/Buffer mark ()Ljava/nio/Buffer; 512 0 4779 0 0
ciMethod java/nio/Buffer isReadOnly ()Z 0 0 1 0 -1
ciMethod java/nio/Buffer <init> (IIIILjava/lang/foreign/MemorySegment;)V 1024 0 30312 0 0
ciMethod java/nio/Buffer position ()I 690 0 345 0 0
ciMethod java/nio/Buffer limit ()I 330 0 165 0 0
ciMethod java/nio/Buffer remaining ()I 14 0 26849 0 96
ciMethod java/nio/Buffer capacity ()I 256 0 128 0 0
ciMethod java/nio/Buffer createCapacityException (I)Ljava/lang/IllegalArgumentException; 0 0 1 0 -1
ciMethod java/nio/Buffer createPositionException (I)Ljava/lang/IllegalArgumentException; 0 0 1 0 -1
ciMethod java/nio/Buffer createLimitException (I)Ljava/lang/IllegalArgumentException; 0 0 1 0 -1
ciMethod java/nio/Buffer session ()Ljdk/internal/foreign/MemorySessionImpl; 514 0 138550 0 -1
ciMethod java/nio/Buffer nextGetIndex ()I 940 0 17822 0 120
ciMethod java/nio/Buffer nextGetIndex (I)I 514 0 67319 0 120
ciMethod java/nio/Buffer markValue ()I 260 0 130 0 0
ciMethod java/nio/Buffer checkSession ()V 512 0 6885 0 -1
ciInstanceKlass java/util/Objects 1 1 184 10 7 12 1 1 1 100 1 8 1 10 12 1 10 12 1 1 10 7 12 1 1 1 10 12 1 1 10 12 1 10 7 12 1 1 1 10 12 1 1 10 7 12 1 1 1 7 1 10 10 12 1 1 10 7 12 1 1 10 12 1 1 8 1 10 7 12 1 1 1 10 7 12 1 1 1 10 11 100 12 1 1 1 100 1 10 10 12 1 8 1 10 12 1 8 1 7 1 11 12 1 1 8 1 10 7 12 1 1 1 10 12 1 1 10 12 1 10 12 1 10 12 1 10 12 1 1 1 1 1 1 1 1 1 1 1 1 1 1 1 1 1 1 1 1 1 1 1 1 1 1 1 1 1 1 1 1 1 1 1 1 1 1 1 1 1 1 1 1 1 1 1 1 1 1 1 1 1 1 1 1 1 1
ciInstanceKlass jdk/internal/util/Preconditions 1 1 194 10 7 12 1 1 1 11 7 12 1 1 1 11 100 12 1 1 1 7 1 100 1 10 7 12 1 1 1 10 12 1 8 1 7 1 10 7 12 1 1 1 10 12 1 1 8 1 8 1 10 7 12 1 1 7 1 10 12 1 8 1 10 7 12 1 1 1 8 1 10 12 1 1 10 12 1 1 11 12 1 8 1 8 1 11 12 1 1 8 1 8 1 8 1 10 12 1 1 10 12 1 1 10 12 1 10 12 1 10 12 1 10 12 7 1 10 10 12 1 1 9 12 1 1 7 1 10 9 12 1 7 1 10 9 12 1 1 1 1 1 1 1 1 1 1 1 1 1 1 1 1 1 1 1 1 1 1 1 1 1 1 1 1 1 1 1 1 1 1 1 1 1 1 1 1 1 1 1 1 1 1 1 1 1 1 1 1 1 1 1 1 1 1
staticfield jdk/internal/util/Preconditions SIOOBE_FORMATTER Ljava/util/function/BiFunction; jdk/internal/util/Preconditions$4
staticfield jdk/internal/util/Preconditions AIOOBE_FORMATTER Ljava/util/function/BiFunction; jdk/internal/util/Preconditions$4
staticfield jdk/internal/util/Preconditions IOOBE_FORMATTER Ljava/util/function/BiFunction; jdk/internal/util/Preconditions$4
ciMethod java/util/Objects checkFromIndexSize (III)I 786 0 51600 0 -1
instanceKlass java/util/Collections$CopiesList
instanceKlass com/sun/tools/javac/model/FilteredMemberList
instanceKlass org/apache/maven/project/MavenProject$LoggingList
instanceKlass org/eclipse/aether/util/graph/visitor/Stack
instanceKlass sun/security/jca/ProviderList$ServiceList
instanceKlass org/apache/maven/model/merge/ModelMerger$MergingList
instanceKlass sun/security/jca/ProviderList$3
instanceKlass java/util/Collections$SingletonList
instanceKlass com/google/common/collect/Lists$Partition
instanceKlass com/google/common/collect/Lists$TransformingRandomAccessList
instanceKlass java/util/ArrayList$SubList
instanceKlass java/util/Arrays$ArrayList
instanceKlass java/util/AbstractSequentialList
instanceKlass java/util/Vector
instanceKlass java/util/Collections$EmptyList
instanceKlass java/util/ArrayList
ciInstanceKlass java/util/AbstractList 1 1 218 10 7 12 1 1 1 9 7 12 1 1 1 10 12 1 1 10 12 1 1 100 1 10 10 12 1 1 11 100 12 1 1 1 11 12 1 1 11 12 1 10 7 12 1 1 1 10 12 1 11 12 1 11 12 1 11 12 1 10 12 1 1 10 12 1 1 11 7 12 1 1 1 11 7 1 11 7 1 10 12 1 7 1 10 12 1 10 12 1 1 7 1 100 1 10 12 1 100 1 10 100 1 7 1 10 8 1 10 12 1 1 10 12 1 10 12 1 1 10 12 1 8 1 100 1 8 1 8 1 8 1 10 7 1 11 10 10 12 1 11 12 1 10 12 1 1 8 1 8 1 1 1 1 1 1 1 1 1 1 1 1 1 1 1 1 1 1 1 1 1 1 1 1 1 1 1 1 1 1 1 1 1 1 1 1 1 1 1 1 1 1 1 1 1 1 1 1 1 1 1 1 1 1 1 1 1 1 100 1 100 1 1 1 1 1 1 1
ciInstanceKlass java/lang/Iterable 1 1 62 10 7 12 1 1 1 11 7 12 1 1 1 11 7 12 1 1 1 11 12 1 1 11 7 12 1 1 1 10 7 12 1 1 1 100 1 1 1 1 1 1 1 1 1 1 1 1 1 1 1 1 1 1 1 1 1 1 1 1 1 1
ciInstanceKlass java/util/Collection 1 1 115 11 100 12 1 1 1 100 1 11 7 12 1 1 1 10 100 12 1 1 1 11 12 1 1 11 100 12 1 1 1 11 12 1 1 11 100 12 1 1 1 11 12 1 1 10 7 12 1 1 1 11 12 1 10 7 12 1 1 1 100 1 100 1 1 1 1 1 1 1 1 1 1 1 1 1 1 1 1 1 1 1 1 1 1 1 1 1 1 1 1 1 1 1 1 1 1 1 1 1 1 1 1 1 1 1 1 1 1 1 1 1 1 1 1
ciInstanceKlass java/util/SequencedCollection 1 1 109 100 1 10 12 1 1 11 7 12 1 1 1 11 7 12 1 1 1 11 12 1 1 11 12 1 7 1 7 1 1 1 1 1 1 1 1 1 1 1 1 1 1 1 1 1 1 1 1 1 1 1 1 1 1 1 1 1 100 1 8 1 1 12 10 1 1 1 8 1 1 1 8 1 1 1 8 1 1 1 8 1 1 8 1 1 1 8 1 1 8 1 1 1 8 1 1 8 1 1 1 8 1 1 8 1 1 8 1
ciInstanceKlass java/util/List 1 1 251 10 100 12 1 1 1 11 100 12 1 1 1 11 100 12 1 1 1 11 12 1 1 11 100 12 1 1 11 12 1 1 11 12 1 1 10 100 12 1 1 1 7 1 100 1 10 12 1 1 100 1 10 7 12 1 1 1 11 12 1 1 11 12 1 11 12 1 100 1 10 12 1 11 12 1 1 11 12 1 1 11 12 1 10 100 12 1 1 1 9 7 12 1 1 1 7 1 10 12 10 12 1 7 1 10 12 1 1 10 12 1 10 12 1 1 11 12 1 1 100 1 1 1 1 1 1 1 1 1 1 1 1 1 1 1 1 1 1 1 1 1 1 1 1 1 1 1 1 1 1 1 1 1 1 1 1 1 1 1 1 1 1 1 1 100 1 100 1 1 1 1 1 1 1 1 1 1 1 1 1 1 1 1 1 1 1 1 1 1 1 1 1 1 1 1 1 1 1 1 1 1 1 1 1 1 1 1 1 1 1 1 1 1 1 1 1 1 1 1 1 1 1 1 1 1 1 1 1 1 1 1 1 1 1 1 1 1 1 1 1 1 1 1 100 1 1 100 1 1 1
instanceKlass java/util/EnumMap$Values
instanceKlass com/sun/tools/javac/util/List
instanceKlass java/util/concurrent/ConcurrentLinkedDeque
instanceKlass java/util/AbstractMap$2
instanceKlass org/eclipse/sisu/inject/MildElements
instanceKlass org/eclipse/sisu/inject/MildValues$1
instanceKlass com/google/common/collect/Maps$Values
instanceKlass com/google/common/collect/AbstractMultimap$Values
instanceKlass java/util/TreeMap$Values
instanceKlass com/google/common/collect/AbstractMapBasedMultimap$WrappedCollection
instanceKlass com/google/common/collect/ImmutableCollection
instanceKlass java/util/IdentityHashMap$Values
instanceKlass java/util/HashMap$Values
instanceKlass java/util/AbstractQueue
instanceKlass java/util/LinkedHashMap$LinkedValues
instanceKlass java/util/ArrayDeque
instanceKlass java/util/AbstractSet
instanceKlass java/util/ImmutableCollections$AbstractImmutableCollection
instanceKlass java/util/AbstractList
ciInstanceKlass java/util/AbstractCollection 1 1 160 10 7 12 1 1 1 10 7 12 1 1 1 10 12 1 1 11 7 12 1 1 1 11 12 1 1 10 12 1 1 10 100 12 1 1 1 10 12 1 1 10 12 1 1 10 7 12 1 1 10 7 12 1 1 1 7 1 10 7 12 1 1 1 10 100 12 1 1 1 100 1 10 11 12 1 11 7 1 10 12 1 10 12 1 10 100 12 1 1 1 11 8 1 7 1 10 10 12 1 1 8 1 10 12 1 10 12 1 1 1 1 1 1 1 1 1 1 1 1 1 1 1 1 1 1 1 1 1 1 1 1 1 1 1 1 1 1 1 1 1 1 1 1 1 1 1 1 1 1 1 1 1 1 1 1 1 1 1 1
ciInstanceKlass java/lang/AssertionStatusDirectives 0 0 24 10 100 12 1 1 1 100 1 1 1 1 1 1 1 1 1 1 1 1 1 1 1 1
instanceKlass org/codehaus/plexus/archiver/ArchiverException
instanceKlass org/apache/maven/surefire/api/util/SurefireReflectionException
instanceKlass com/sun/tools/javac/jvm/Gen$CodeSizeOverflow
instanceKlass com/sun/tools/javac/code/Types$SignatureGenerator$InvalidSignatureException
instanceKlass com/sun/tools/javac/comp/Infer$GraphStrategy$NodeNotFoundException
instanceKlass com/sun/tools/javac/code/Types$AdaptFailure
instanceKlass com/sun/tools/javac/comp/Attr$BreakAttr
instanceKlass com/sun/tools/javac/comp/Resolve$InapplicableMethodException
instanceKlass com/sun/tools/javac/code/Types$FunctionDescriptorLookupError
instanceKlass com/sun/tools/javac/jvm/ClassWriter$StringOverflow
instanceKlass com/sun/tools/javac/jvm/ClassWriter$PoolOverflow
instanceKlass com/sun/tools/javac/code/Symbol$CompletionFailure
instanceKlass java/nio/file/FileSystemAlreadyExistsException
instanceKlass java/util/MissingResourceException
instanceKlass java/nio/file/FileSystemNotFoundException
instanceKlass java/nio/file/ProviderNotFoundException
instanceKlass com/sun/tools/javac/util/ClientCodeException
instanceKlass com/sun/tools/javac/util/PropagatedException
instanceKlass org/apache/maven/project/DuplicateArtifactAttachmentException
instanceKlass java/time/DateTimeException
instanceKlass org/apache/http/ParseException
instanceKlass java/security/ProviderException
instanceKlass org/eclipse/aether/named/support/LockUpgradeNotSupportedException
instanceKlass java/util/ConcurrentModificationException
instanceKlass com/google/inject/internal/aop/GlueException
instanceKlass java/io/UncheckedIOException
instanceKlass org/apache/maven/artifact/InvalidArtifactRTException
instanceKlass com/google/inject/OutOfScopeException
instanceKlass java/lang/annotation/IncompleteAnnotationException
instanceKlass java/lang/reflect/UndeclaredThrowableException
instanceKlass com/google/common/util/concurrent/UncheckedExecutionException
instanceKlass com/google/common/cache/CacheLoader$InvalidCacheLoadException
instanceKlass java/util/NoSuchElementException
instanceKlass com/google/inject/CreationException
instanceKlass com/google/inject/ConfigurationException
instanceKlass com/google/inject/ProvisionException
instanceKlass java/lang/TypeNotPresentException
instanceKlass java/lang/IndexOutOfBoundsException
instanceKlass java/lang/UnsupportedOperationException
instanceKlass java/lang/SecurityException
instanceKlass java/lang/IllegalStateException
instanceKlass java/lang/IllegalArgumentException
instanceKlass java/lang/ArithmeticException
instanceKlass java/lang/NullPointerException
instanceKlass java/lang/IllegalMonitorStateException
instanceKlass java/lang/ArrayStoreException
instanceKlass java/lang/ClassCastException
ciInstanceKlass java/lang/RuntimeException 1 1 40 10 7 12 1 1 1 10 12 1 10 12 1 10 12 1 10 12 1 100 1 1 1 1 5 0 1 1 1 1 1 1 1 1 1 1 1 1 1 1
instanceKlass com/sun/tools/javac/jvm/PoolConstant$Dynamic$PoolKey
instanceKlass com/sun/tools/javac/code/TypeMetadata$Annotations
instanceKlass com/sun/tools/javac/code/TypeMetadata$ConstantValue
instanceKlass com/sun/tools/javac/code/Symbol$ClassSymbol$PermittedClassWithPos
instanceKlass jdk/net/UnixDomainPrincipal
instanceKlass jdk/internal/misc/ThreadTracker$ThreadRef
instanceKlass java/lang/reflect/Executable$ParameterData
instanceKlass java/lang/reflect/Proxy$ProxyBuilder$ProxyClassContext
instanceKlass java/util/stream/Collectors$CollectorImpl
instanceKlass java/nio/DirectByteBuffer$Deallocator
instanceKlass java/security/SecureClassLoader$CodeSourceKey
instanceKlass jdk/internal/reflect/ReflectionFactory$Config
instanceKlass jdk/internal/foreign/abi/UpcallLinker$CallRegs
instanceKlass jdk/internal/foreign/abi/VMStorage
ciInstanceKlass java/lang/Record 1 1 22 10 7 12 1 1 1 100 1 1 1 1 1 1 1 1 1 1 1 1 1 1
ciInstanceKlass java/lang/invoke/MethodType 1 1 780 7 1 10 7 12 1 1 1 9 12 1 1 9 12 1 1 9 12 1 1 10 7 12 1 1 1 9 7 12 1 1 8 1 10 100 12 1 1 1 9 7 1 9 7 1 10 12 1 1 7 1 10 8 1 10 12 1 1 10 12 1 10 12 1 1 7 1 8 1 10 12 1 100 1 10 10 12 1 10 12 1 1 10 12 1 1 11 7 12 1 1 1 9 12 1 11 12 1 1 7 10 12 1 1 10 12 1 1 7 1 7 1 10 7 12 1 1 1 10 12 1 10 12 1 9 12 1 1 10 7 12 1 1 10 12 1 1 10 7 12 1 1 1 10 7 12 1 1 1 10 12 1 9 12 1 1 10 12 1 1 10 12 1 1 10 12 1 1 10 12 1 1 10 12 1 1 10 12 1 10 12 1 10 12 1 1 10 12 1 8 1 8 1 10 12 1 1 9 12 1 1 100 1 10 10 12 1 1 10 12 1 10 12 1 1 10 12 1 1 10 12 1 10 12 1 10 12 1 8 1 10 12 1 1 10 7 12 1 1 1 10 12 1 10 12 1 1 10 12 1 10 12 1 10 12 1 1 10 12 1 10 12 1 9 12 1 10 12 1 10 10 12 1 1 10 12 1 9 12 1 1 10 12 1 1 11 12 1 1 10 12 1 1 7 1 10 12 10 12 1 10 12 1 100 1 8 1 8 1 8 1 10 12 1 10 12 1 10 12 1 10 10 12 1 11 12 1 1 11 12 1 10 100 12 1 1 1 9 12 1 10 12 1 10 12 1 1 10 12 1 1 10 12 1 10 12 1 10 100 12 1 1 1 10 12 1 1 10 12 1 10 12 1 10 12 1 10 9 12 1 1 7 1 10 12 1 10 12 1 1 9 100 12 1 1 1 10 7 12 1 1 1 10 7 12 1 1 1 10 12 1 1 10 7 12 1 1 1 10 12 1 1 8 1 10 7 12 1 1 1 11 12 1 1 9 12 1 1 10 12 1 1 10 12 1 10 12 1 1 10 12 1 1 10 100 12 1 1 100 1 10 12 1 1 11 100 12 1 1 18 12 1 1 11 12 1 1 18 12 1 11 12 1 100 1 11 100 12 1 1 10 12 1 100 1 10 12 1 10 100 12 1 1 10 12 1 1 9 12 1 1 9 100 12 1 1 1 10 7 12 1 1 1 9 12 1 10 100 12 1 1 10 12 1 100 10 12 1 1 10 12 1 10 7 1 7 1 9 12 1 1 7 1 7 1 7 1 1 1 5 0 1 1 1 1 1 1 1 3 1 3 1 3 1 1 1 1 1 1 1 1 1 1 1 1 1 1 1 1 1 1 1 1 1 1 1 1 1 1 1 1 1 1 1 1 1 1 1 1 1 1 1 1 1 1 1 1 1 1 1 1 1 1 1 1 1 1 1 1 1 1 1 1 1 1 1 1 1 1 1 1 1 1 1 1 1 1 1 1 1 1 1 1 1 1 1 1 1 1 1 1 1 1 1 1 1 1 1 1 1 1 1 1 1 1 1 1 1 1 1 1 1 1 1 1 1 1 1 1 1 1 1 1 1 1 1 1 1 1 1 1 1 1 1 100 1 100 1 1 1 1 1 1 1 1 1 1 1 1 1 100 1 1 1 7 1 1 1 1 1 1 1 1 1 1 1 1 1 1 1 1 1 1 1 1 1 1 16 15 10 12 16 16 15 10 12 16 15 10 100 12 1 1 1 1 1 1 1 7 1 1 7 1 1 100 1 100 1 1
staticfield java/lang/invoke/MethodType internTable Ljava/lang/invoke/MethodType$ConcurrentWeakInternSet; java/lang/invoke/MethodType$ConcurrentWeakInternSet
staticfield java/lang/invoke/MethodType NO_PTYPES [Ljava/lang/Class; 0 [Ljava/lang/Class;
staticfield java/lang/invoke/MethodType objectOnlyTypes [Ljava/lang/invoke/MethodType; 20 [Ljava/lang/invoke/MethodType;
staticfield java/lang/invoke/MethodType METHOD_HANDLE_ARRAY [Ljava/lang/Class; 1 [Ljava/lang/Class;
staticfield java/lang/invoke/MethodType serialPersistentFields [Ljava/io/ObjectStreamField; 0 [Ljava/io/ObjectStreamField;
staticfield java/lang/invoke/MethodType $assertionsDisabled Z 1
ciInstanceKlass java/lang/invoke/TypeDescriptor$OfMethod 1 0 43 100 1 100 1 100 1 1 1 1 1 1 1 1 1 1 1 1 1 1 1 1 1 1 1 1 1 1 1 1 1 1 1 1 1 1 1 1 1 1 100 1 1
instanceKlass java/lang/InstantiationException
instanceKlass java/lang/NoSuchFieldException
instanceKlass java/lang/IllegalAccessException
instanceKlass java/lang/NoSuchMethodException
instanceKlass java/lang/reflect/InvocationTargetException
instanceKlass java/lang/ClassNotFoundException
ciInstanceKlass java/lang/ReflectiveOperationException 1 1 34 10 7 12 1 1 1 10 12 1 10 12 1 10 12 1 100 1 1 1 1 5 0 1 1 1 1 1 1 1 1 1 1 1
instanceKlass java/lang/invoke/DelegatingMethodHandle
instanceKlass java/lang/invoke/BoundMethodHandle
instanceKlass java/lang/invoke/DirectMethodHandle
ciInstanceKlass java/lang/invoke/MethodHandle 1 1 736 100 1 9 7 12 1 1 1 10 7 12 1 1 1 10 7 12 1 1 1 7 1 7 1 10 12 1 1 9 12 1 1 10 12 1 10 12 1 1 10 12 1 1 10 100 12 1 1 1 10 12 1 1 10 12 1 1 11 7 12 1 1 1 10 12 1 1 10 12 1 10 12 1 10 12 1 1 9 12 1 1 9 12 1 1 10 7 12 1 1 1 10 12 1 1 10 12 1 10 12 1 100 1 7 1 10 8 1 10 12 1 1 10 12 1 8 1 10 12 1 1 10 12 1 10 7 12 1 1 1 10 12 1 1 10 12 1 1 10 12 1 1 10 7 12 1 1 1 10 12 1 1 10 12 1 1 10 12 1 10 12 1 1 10 7 12 1 1 10 7 12 1 1 10 12 1 10 12 1 10 12 1 1 10 12 1 1 10 12 1 1 10 12 1 1 10 7 12 1 1 1 10 7 12 1 1 1 10 12 1 1 10 12 1 1 10 12 1 1 8 1 10 7 12 1 1 1 8 1 10 12 1 10 12 1 1 10 12 1 1 10 12 1 8 1 10 12 1 1 8 1 10 12 1 8 1 10 7 12 1 1 1 9 12 1 1 100 1 10 9 7 12 1 1 1 9 7 1 8 1 10 12 1 1 10 12 1 10 12 1 1 10 12 1 10 12 1 1 10 12 1 10 12 1 1 10 12 1 10 12 1 1 10 12 1 1 8 1 10 12 1 1 8 1 10 12 1 10 12 1 1 10 12 1 10 12 1 10 12 1 1 9 100 12 1 1 1 10 12 1 1 11 12 1 10 12 1 10 12 1 1 10 100 12 1 1 100 1 11 12 1 10 100 1 11 12 1 7 1 10 12 1 11 12 1 9 100 12 1 1 1 11 12 1 1 11 100 12 1 1 1 10 12 1 1 9 12 1 11 12 1 9 12 1 9 12 1 9 12 1 11 12 1 1 9 12 1 9 12 1 9 12 1 9 12 1 9 12 1 9 12 1 9 12 1 8 1 10 12 1 10 12 1 8 1 10 12 1 10 12 1 10 12 1 1 10 10 10 7 12 1 1 10 12 1 1 100 1 100 1 8 1 8 1 10 10 12 1 1 10 12 1 10 12 1 7 1 10 100 12 1 1 1 10 9 7 12 1 1 1 10 12 1 1 10 12 1 1 8 1 8 1 10 7 12 1 1 9 12 1 9 12 1 1 9 12 1 1 10 12 1 7 1 10 12 1 10 12 1 1 9 12 1 1 9 12 1 1 10 7 12 1 1 1 11 7 12 1 1 9 12 1 10 12 1 1 10 12 1 9 12 1 10 12 1 8 10 12 1 1 8 1 1 1 1 1 1 1 1 7 1 1 1 1 1 1 1 1 1 1 1 1 1 1 1 1 1 1 1 1 1 1 1 1 1 1 1 1 1 1 100 1 1 1 1 1 1 1 1 1 1 1 1 1 1 1 1 1 1 1 1 1 1 1 1 1 1 1 1 1 1 1 1 1 1 1 1 1 1 1 1 1 1 1 1 1 1 1 1 1 1 1 1 1 1 1 1 1 1 1 1 1 1 1 1 1 1 1 1 1 1 1 1 1 1 1 1 1 1 1 1 1 1 1 1 1 1 100 1 1 100 1 7 1 100 1 1 100 1 1 100 1 1 1 1
staticfield java/lang/invoke/MethodHandle FORM_OFFSET J 20
staticfield java/lang/invoke/MethodHandle UPDATE_OFFSET J 13
staticfield java/lang/invoke/MethodHandle $assertionsDisabled Z 1
ciInstanceKlass java/util/concurrent/ConcurrentHashMap 1 1 1210 7 1 7 1 3 10 12 1 1 3 7 1 10 7 12 1 1 1 7 1 10 7 12 1 1 1 100 1 11 12 1 1 11 12 1 11 12 1 1 9 12 1 1 9 12 1 1 9 12 1 10 7 12 1 1 1 7 1 10 12 1 1 10 12 1 1 10 7 12 1 1 1 4 10 12 1 9 12 1 10 12 1 1 100 1 10 5 0 10 12 1 10 12 1 1 5 0 10 12 1 1 10 12 1 9 12 1 1 10 12 1 1 9 12 1 9 12 1 1 10 12 1 1 9 12 1 10 12 1 1 9 12 1 1 10 12 1 1 100 1 10 7 1 10 12 1 10 12 1 1 10 12 1 1 10 12 1 1 10 12 1 10 12 1 1 10 12 1 1 7 1 10 12 1 1 7 1 100 1 8 1 10 12 1 10 12 1 1 10 12 1 1 11 7 12 1 1 10 12 1 1 11 12 1 1 11 7 12 1 1 1 11 7 12 1 1 1 11 12 1 7 1 11 12 1 11 12 1 10 12 1 1 10 12 1 1 9 12 1 1 10 7 12 1 1 1 9 10 12 1 1 9 12 1 10 12 1 1 5 0 9 12 1 1 7 1 10 12 1 9 12 1 1 7 1 10 12 1 9 12 1 7 1 10 7 1 10 10 12 1 1 8 1 10 12 1 10 12 1 1 11 100 1 10 12 1 10 100 12 1 1 1 8 1 10 100 12 1 1 1 8 1 10 12 1 8 1 10 12 1 10 12 1 1 10 100 12 1 1 10 12 1 10 12 1 10 12 1 9 12 1 9 10 12 1 9 12 1 1 11 7 12 1 1 1 11 7 12 1 1 1 100 1 10 12 11 100 12 1 1 10 11 7 12 1 10 12 1 100 1 10 12 1 100 1 10 10 9 7 12 1 1 1 10 12 3 10 7 12 1 1 9 12 1 10 12 1 1 9 12 1 1 9 12 1 10 12 1 1 10 100 12 1 1 9 12 1 9 7 12 1 1 10 12 1 1 10 12 1 3 9 12 1 9 12 1 10 12 1 1 7 1 9 3 9 12 1 7 1 10 12 1 9 12 1 10 12 1 9 12 1 10 12 1 9 12 1 10 100 12 1 1 1 100 10 12 1 7 1 5 0 10 100 12 1 1 100 1 10 12 1 1 10 12 1 10 12 1 100 1 10 12 1 10 100 1 100 1 10 10 12 1 10 100 1 10 12 1 10 100 1 10 12 1 10 7 1 10 12 1 1 100 1 10 12 1 10 10 12 1 100 1 10 12 1 10 10 12 1 100 1 10 12 1 10 100 1 10 12 1 10 100 1 10 12 1 10 100 1 10 12 1 10 100 1 10 12 1 10 100 1 10 12 1 10 100 1 10 12 1 10 100 1 10 12 1 10 100 1 10 10 100 1 10 10 100 1 10 10 100 1 10 12 1 10 100 1 10 12 1 10 100 1 10 12 1 10 100 1 10 12 1 10 100 1 10 12 1 10 100 1 10 10 100 1 10 10 100 1 10 10 100 1 10 12 1 10 100 1 10 12 1 10 100 1 10 12 1 10 100 1 10 12 1 10 100 1 10 12 1 10 10 12 1 10 7 12 1 1 1 10 12 1 7 1 7 1 10 12 1 9 12 1 1 9 12 1 1 10 12 1 1 8 10 12 1 1 8 8 8 8 7 10 12 1 1 10 12 1 100 1 8 1 10 7 1 7 1 7 1 1 1 5 0 1 1 3 1 3 1 1 1 1 3 1 3 1 3 1 1 1 1 1 3 1 3 1 3 1 1 1 1 1 1 1 1 1 1 1 1 1 1 1 1 1 1 1 1 1 1 1 1 1 100 1 1 1 1 1 1 1 1 1 1 1 1 1 1 1 1 1 1 1 1 1 1 1 1 1 1 1 1 1 1 1 1 1 1 1 1 1 1 1 1 1 1 1 1 1 1 1 1 1 1 1 1 1 1 1 1 1 1 1 1 1 1 1 1 1 1 1 1 1 1 1 1 1 1 1 1 1 1 1 1 1 1 1 1 100 1 1 1 1 1 1 1 1 1 1 1 7 1 1 1 1 1 1 1 1 1 1 1 1 1 1 1 1 1 1 1 1 1 1 1 1 1 1 1 1 1 1 1 1 1 1 1 1 1 1 1 1 1 1 1 1 1 1 1 1 1 1 1 1 1 1 1 1 1 1 1 1 1 1 1 1 1 1 1 1 1 1 1 1 1 1 1 1 1 1 1 1 1 1 1 1 1 1 1 1 1 1 1 1 1 1 1 1 1 1 1 1 1 1 1 1 1 1 1 1 1 1 1 1 1 1 1 1 1 1 1 1 1 1 1 1 1 1 1 1 1 1 1 1 1 1 1 1 1 1 1 1 1 1 1 1 1 1 1 1 1 1 1 1 1 1 1 1 1 1 1 1 1 1 1 1 1 1 1 1 1 1 1 1 1 1 1 1 1 1 1 1 1 1 1 1 1 1 1 1 1 1 1 1 1 1 1 1 1 1 1 1 1 1 1 1 1 1 1 1 1 1 1 1 1 1 1 1 1 1 1 1 1 1 1 100 1 100 1 100 1 100 1 100 1 100 1 100 1 100 1 100 1 1 1 1 1 1 1 1 1 1 1 1 1 1 1 1 1 1 1 1 1 1 1 1 1 1 1 1 1 1 1 1 1 1 1 1 1 1 1 1 1 1 1 1 1 1 1 1 1 1 1 1 1 1 1 1 1 1
staticfield java/util/concurrent/ConcurrentHashMap NCPU I 12
staticfield java/util/concurrent/ConcurrentHashMap serialPersistentFields [Ljava/io/ObjectStreamField; 3 [Ljava/io/ObjectStreamField;
staticfield java/util/concurrent/ConcurrentHashMap U Ljdk/internal/misc/Unsafe; jdk/internal/misc/Unsafe
staticfield java/util/concurrent/ConcurrentHashMap SIZECTL J 20
staticfield java/util/concurrent/ConcurrentHashMap TRANSFERINDEX J 32
staticfield java/util/concurrent/ConcurrentHashMap BASECOUNT J 24
staticfield java/util/concurrent/ConcurrentHashMap CELLSBUSY J 36
staticfield java/util/concurrent/ConcurrentHashMap CELLVALUE J 144
staticfield java/util/concurrent/ConcurrentHashMap ABASE I 16
staticfield java/util/concurrent/ConcurrentHashMap ASHIFT I 2
ciInstanceKlass java/util/concurrent/ConcurrentMap 1 1 208 11 7 12 1 1 1 10 100 12 1 1 11 12 1 1 11 100 12 1 1 1 11 7 12 1 1 1 11 12 1 1 100 1 11 12 1 11 12 1 100 1 11 100 12 1 1 1 18 12 1 11 12 1 1 11 100 12 1 1 11 12 1 1 11 100 12 1 11 12 1 1 11 12 1 1 7 1 7 1 1 1 1 1 1 1 1 1 1 1 1 1 1 1 1 1 1 1 1 1 1 1 1 1 1 1 1 1 1 1 1 1 1 1 1 1 1 1 1 1 1 1 1 1 1 1 1 1 1 1 1 1 1 1 1 1 1 1 1 16 15 11 12 15 10 100 12 1 1 1 1 1 100 1 100 1 1 1 100 1 8 1 1 12 10 1 1 1 8 1 1 1 8 1 1 8 1 1 1 8 1 1 1 8 1 1 1 8 1 1 1 8 1 1 1 8 1 1 1 8 1 1 1 8 1 1 8 1
instanceKlass java/util/concurrent/ConcurrentSkipListMap
instanceKlass org/apache/maven/project/DefaultProjectBuilder$1
instanceKlass java/util/Collections$SingletonMap
instanceKlass org/eclipse/sisu/wire/EntryMapAdapter
instanceKlass com/google/common/collect/Maps$ViewCachingAbstractMap
instanceKlass com/google/common/collect/MapMakerInternalMap
instanceKlass org/eclipse/sisu/wire/MergedProperties
instanceKlass com/google/common/cache/LocalCache
instanceKlass java/util/EnumMap
instanceKlass java/util/TreeMap
instanceKlass java/util/IdentityHashMap
instanceKlass java/util/WeakHashMap
instanceKlass java/util/Collections$EmptyMap
instanceKlass sun/util/PreHashedMap
instanceKlass java/util/HashMap
instanceKlass java/util/ImmutableCollections$AbstractImmutableMap
instanceKlass java/util/concurrent/ConcurrentHashMap
ciInstanceKlass java/util/AbstractMap 1 1 196 10 7 12 1 1 1 10 7 12 1 1 1 11 7 12 1 1 1 10 11 12 1 1 11 7 12 1 1 1 11 12 1 1 7 1 11 12 1 10 12 1 1 11 12 1 100 1 10 11 12 1 11 7 1 10 12 1 1 11 12 1 9 12 1 1 7 1 10 12 1 9 12 1 1 7 1 10 11 11 12 1 1 11 12 1 7 1 100 1 11 12 1 8 1 7 1 10 10 12 1 1 8 1 10 12 1 10 12 1 1 10 12 1 1 1 1 1 1 1 1 1 1 1 1 1 1 1 1 1 1 1 1 1 1 1 1 1 1 1 1 1 1 1 1 1 1 1 1 1 1 1 1 7 1 1 1 1 1 1 1 7 1 1 1 1 1 1 1 1 1 7 1 1 1 1 1 1 1 1 1 100 1 100 1 100 1 100 1 100 1 1 1 1 1 1
ciInstanceKlass jdk/internal/loader/ClassLoaders 1 1 183 10 7 12 1 1 1 10 7 12 1 1 1 10 12 1 1 10 100 12 1 1 1 9 7 12 1 1 1 9 12 1 1 9 12 1 1 7 1 11 100 12 1 1 1 100 1 11 12 1 1 11 12 1 1 10 100 12 1 1 1 10 100 12 1 1 1 100 1 100 1 10 7 12 1 1 1 9 12 1 1 10 12 1 1 7 1 10 12 1 1 10 12 1 7 1 8 1 10 7 12 1 1 1 10 12 1 1 7 1 10 12 1 10 12 1 10 12 1 8 1 10 7 12 1 1 8 1 8 1 10 12 1 7 1 10 12 1 10 12 1 10 12 1 1 1 1 1 1 1 1 1 1 1 1 1 1 1 1 1 1 1 1 7 1 1 1 1 1 1 1 1 1 1 1 1 1 1 1 1 1 1 1
staticfield jdk/internal/loader/ClassLoaders JLA Ljdk/internal/access/JavaLangAccess; java/lang/System$2
staticfield jdk/internal/loader/ClassLoaders BOOT_LOADER Ljdk/internal/loader/ClassLoaders$BootClassLoader; jdk/internal/loader/ClassLoaders$BootClassLoader
staticfield jdk/internal/loader/ClassLoaders PLATFORM_LOADER Ljdk/internal/loader/ClassLoaders$PlatformClassLoader; jdk/internal/loader/ClassLoaders$PlatformClassLoader
staticfield jdk/internal/loader/ClassLoaders APP_LOADER Ljdk/internal/loader/ClassLoaders$AppClassLoader; jdk/internal/loader/ClassLoaders$AppClassLoader
instanceKlass jdk/internal/loader/ClassLoaders$BootClassLoader
instanceKlass jdk/internal/loader/ClassLoaders$PlatformClassLoader
instanceKlass jdk/internal/loader/ClassLoaders$AppClassLoader
ciInstanceKlass jdk/internal/loader/BuiltinClassLoader 1 1 737 9 7 12 1 1 1 10 7 12 1 1 1 10 7 12 1 1 1 9 12 1 1 9 12 1 1 7 1 10 12 1 9 12 1 10 12 1 9 12 1 10 7 12 1 1 1 10 7 12 1 1 1 10 7 12 1 1 1 11 7 12 1 1 1 7 1 7 1 10 10 12 1 1 8 1 10 12 1 10 12 7 1 10 12 1 10 12 1 1 11 7 12 1 1 1 11 7 12 1 1 1 11 12 1 1 7 1 8 1 8 1 10 9 12 1 1 10 7 12 1 1 11 12 1 1 10 12 1 1 10 12 1 1 10 12 1 1 10 7 12 1 1 1 10 12 1 10 7 12 1 1 1 10 12 1 1 11 7 12 1 1 1 10 7 12 1 1 7 1 10 7 12 1 1 1 10 12 1 100 1 8 1 10 12 1 1 10 8 1 10 12 1 1 10 12 1 1 10 12 1 1 11 7 12 1 1 11 12 1 7 1 10 11 12 1 1 11 10 12 1 1 7 1 10 12 1 10 7 12 1 10 12 1 7 1 10 12 1 10 7 12 1 1 1 100 1 10 12 1 1 11 12 1 100 1 100 1 10 12 1 10 12 1 1 100 1 100 1 10 12 1 10 12 1 18 12 1 1 10 12 1 10 12 1 1 18 100 1 10 7 12 1 1 1 7 1 10 10 12 1 1 10 12 1 1 10 12 1 1 10 12 1 9 12 1 1 100 1 10 10 12 1 1 10 12 1 1 10 12 1 10 12 10 12 1 1 10 12 1 1 10 12 1 1 10 12 1 10 12 1 1 18 12 1 7 1 10 12 1 1 10 12 1 10 12 1 1 10 12 1 100 1 10 12 1 7 1 10 12 1 10 7 12 1 1 1 10 12 1 11 12 1 7 1 10 12 1 7 1 100 1 10 12 1 10 12 1 11 12 1 1 10 12 1 1 10 12 1 1 10 12 1 1 10 12 1 1 10 12 1 10 12 1 10 12 1 10 12 1 8 1 10 12 1 1 10 7 12 1 1 10 12 1 100 1 8 1 8 1 10 10 12 1 8 1 8 1 10 7 12 1 1 1 11 7 12 1 1 1 9 7 12 1 1 1 10 7 12 1 1 1 9 12 1 9 12 1 9 12 1 9 12 1 9 12 1 9 12 1 10 7 12 1 1 1 8 1 10 12 1 7 1 10 12 1 1 10 12 1 7 1 10 11 12 1 1 10 12 10 12 1 10 12 1 100 1 10 12 1 10 12 1 10 10 12 1 10 7 12 1 1 8 1 10 7 12 1 1 10 12 1 1 1 1 1 1 1 1 1 1 1 1 1 1 1 1 1 1 1 1 1 1 1 1 1 1 1 1 1 1 1 1 1 1 1 1 1 1 1 1 1 1 1 1 1 1 1 1 1 1 1 1 1 1 1 1 7 1 1 1 1 1 1 1 1 1 1 1 1 1 1 1 1 1 1 7 1 7 1 1 1 1 1 1 1 1 1 1 1 1 1 1 1 1 1 1 1 1 1 1 1 1 1 1 1 1 1 1 1 1 1 1 1 1 1 1 1 1 1 1 1 1 1 1 1 1 1 1 1 100 1 1 16 15 10 12 16 15 10 12 16 15 10 12 16 1 15 10 100 12 1 1 1 1 1 100 1 1 1 1 1 100 1 100 1 1
staticfield jdk/internal/loader/BuiltinClassLoader packageToModule Ljava/util/Map; java/util/concurrent/ConcurrentHashMap
staticfield jdk/internal/loader/BuiltinClassLoader $assertionsDisabled Z 1
ciInstanceKlass jdk/internal/loader/ClassLoaders$AppClassLoader 1 1 119 8 1 10 7 12 1 1 1 10 7 12 1 1 1 10 7 12 1 1 1 10 12 1 1 10 7 12 1 1 1 10 12 1 1 10 12 1 1 7 1 8 1 10 12 10 7 12 1 1 1 10 7 12 1 1 10 12 1 1 10 12 1 1 10 7 12 1 1 1 7 1 10 12 1 1 1 1 1 1 1 1 1 1 1 1 1 1 1 1 1 1 1 1 1 7 1 1 1 1 1 1 1 1 1 1 1 1 1 1 1 1 1 1 1 7 1 1 1
ciInstanceKlass jdk/internal/loader/ClassLoaders$PlatformClassLoader 1 1 42 8 1 10 7 12 1 1 1 10 7 12 1 1 1 7 1 10 12 1 7 1 1 1 1 1 1 1 1 1 1 1 1 1 1 7 1 1 1 100 1 1
ciInstanceKlass java/lang/ArithmeticException 1 1 26 10 100 12 1 1 1 10 12 1 100 1 1 1 1 5 0 1 1 1 1 1 1 1 1 1
ciInstanceKlass java/lang/ArrayStoreException 1 1 26 10 100 12 1 1 1 10 12 1 100 1 1 1 1 5 0 1 1 1 1 1 1 1 1 1
ciInstanceKlass java/lang/ClassCastException 1 1 26 10 100 12 1 1 1 10 12 1 100 1 1 1 1 5 0 1 1 1 1 1 1 1 1 1
ciInstanceKlass java/lang/ClassNotFoundException 1 1 96 7 1 10 7 12 1 1 1 10 12 1 10 12 1 1 10 100 12 1 1 1 8 1 10 100 12 1 1 1 10 7 12 1 1 10 100 12 1 1 1 10 100 12 1 1 1 10 12 1 1 7 1 10 12 1 9 12 1 1 1 1 1 5 0 1 1 1 1 1 1 1 1 1 1 1 1 1 1 1 1 1 1 100 1 1 1 1 1 1 1 1 1 1 1 1
staticfield java/lang/ClassNotFoundException serialPersistentFields [Ljava/io/ObjectStreamField; 1 [Ljava/io/ObjectStreamField;
instanceKlass java/util/regex/PatternSyntaxException
instanceKlass java/nio/file/ProviderMismatchException
instanceKlass java/nio/file/InvalidPathException
instanceKlass java/nio/charset/IllegalCharsetNameException
instanceKlass java/security/InvalidParameterException
instanceKlass java/nio/charset/UnsupportedCharsetException
instanceKlass java/lang/NumberFormatException
instanceKlass org/apache/maven/cli/MavenCli$IllegalUseOfUndefinedProperty
ciInstanceKlass java/lang/IllegalArgumentException 1 1 35 10 7 12 1 1 1 10 12 1 10 12 1 10 12 1 100 1 1 1 1 5 0 1 1 1 1 1 1 1 1 1 1 1 1
ciInstanceKlass java/lang/IllegalMonitorStateException 1 1 26 10 100 12 1 1 1 10 12 1 100 1 1 1 1 5 0 1 1 1 1 1 1 1 1 1
ciInstanceKlass java/lang/BootstrapMethodError 0 0 45 10 100 12 1 1 1 10 12 1 10 12 1 10 100 12 1 1 1 10 100 12 1 1 1 1 1 1 5 0 1 1 1 1 1 1 1 1 1 1 1 100 1 1 1
instanceKlass java/lang/ClassFormatError
instanceKlass java/lang/UnsatisfiedLinkError
instanceKlass java/lang/IncompatibleClassChangeError
instanceKlass java/lang/BootstrapMethodError
instanceKlass java/lang/NoClassDefFoundError
ciInstanceKlass java/lang/LinkageError 1 1 31 10 7 12 1 1 1 10 12 1 10 12 1 100 1 1 1 1 5 0 1 1 1 1 1 1 1 1 1 1 1
ciInstanceKlass java/lang/NullPointerException 1 1 52 10 7 12 1 1 1 10 12 1 9 7 12 1 1 1 10 12 1 1 9 12 1 1 10 12 1 1 10 12 1 1 1 1 5 0 1 1 1 1 1 1 1 1 100 1 100 1 100 1 1 1
ciInstanceKlass java/lang/NoClassDefFoundError 1 1 26 10 7 12 1 1 1 10 12 1 100 1 1 1 1 5 0 1 1 1 1 1 1 1 1 1
ciInstanceKlass java/lang/StackOverflowError 1 1 26 10 100 12 1 1 1 10 12 1 100 1 1 1 1 5 0 1 1 1 1 1 1 1 1 1
ciInstanceKlass java/lang/StackTraceElement 1 1 235 10 7 12 1 1 1 10 7 12 1 1 9 12 1 1 9 12 1 1 9 12 1 9 12 1 8 1 10 100 12 1 1 1 7 1 9 12 1 8 1 9 12 1 9 12 1 9 12 1 1 10 12 1 1 10 12 1 8 1 10 7 12 1 1 1 7 1 10 12 1 10 12 1 1 10 12 1 10 12 1 1 10 12 1 10 12 1 10 10 12 1 8 1 10 12 1 10 12 1 1 10 12 1 1 10 12 1 10 12 1 10 12 1 9 12 1 1 10 7 12 1 1 1 10 12 1 1 7 1 10 12 1 1 10 7 12 1 1 10 7 12 1 1 1 10 7 12 1 1 10 7 12 1 1 10 10 12 1 1 10 12 1 1 10 12 1 1 10 12 1 7 1 1 1 1 1 1 1 3 1 3 1 1 5 0 1 1 1 1 1 1 1 1 1 1 1 1 1 1 1 1 1 1 1 1 1 1 1 1 1 1 1 1 1 7 1 7 1 1 1 1 1 1 1 100 1 1 1 1 1 1 1 1 1
instanceKlass java/util/concurrent/locks/AbstractQueuedSynchronizer
ciInstanceKlass java/util/concurrent/locks/AbstractOwnableSynchronizer 1 1 32 10 7 12 1 1 1 9 7 12 1 1 1 100 1 1 1 1 5 0 1 1 1 1 1 1 1 1 1 1 1 1
ciInstanceKlass jdk/internal/vm/Continuation 0 0 549 9 100 12 1 1 1 9 12 1 9 12 1 100 1 7 1 10 12 1 1 8 1 10 12 1 1 10 12 1 10 12 1 1 10 12 1 9 7 12 1 1 1 11 100 12 1 1 1 10 7 1 9 12 1 1 9 12 1 1 10 8 1 10 12 1 9 12 1 1 10 11 12 1 1 100 1 10 100 12 1 1 1 10 12 1 1 10 12 1 10 12 1 1 11 12 1 1 9 12 1 1 10 12 1 1 18 12 1 1 10 7 12 1 1 1 100 1 10 12 1 11 100 12 1 1 1 10 12 1 9 12 1 10 12 1 1 100 1 8 1 10 12 1 10 12 1 1 9 12 1 1 11 12 1 1 9 12 1 1 8 1 10 11 12 1 1 11 12 1 1 10 12 1 1 10 12 1 1 9 12 1 10 12 1 10 10 12 1 8 1 10 12 1 8 1 8 1 10 7 12 1 1 1 10 7 12 1 1 1 10 12 1 9 12 1 11 12 1 7 1 10 12 1 10 12 1 1 9 12 1 1 7 1 10 12 1 1 9 12 1 1 10 12 1 10 12 1 11 7 12 1 1 10 7 1 10 12 1 8 1 9 12 1 10 12 1 1 9 12 1 1 10 7 12 1 1 8 1 8 1 8 1 8 1 10 12 1 1 10 12 1 10 12 1 10 12 1 10 12 1 1 10 12 1 1 8 1 10 12 1 1 9 12 1 1 10 12 1 1 9 12 1 8 1 10 7 12 1 1 1 10 12 1 8 1 100 1 8 1 10 9 12 1 1 8 1 10 7 12 1 1 10 100 12 1 1 8 1 8 1 10 12 10 100 12 1 1 1 10 7 1 10 7 12 1 1 1 18 11 100 12 1 1 1 18 12 1 11 12 1 1 7 1 10 7 12 1 1 10 12 1 1 8 10 12 1 1 10 100 12 1 1 1 10 100 12 1 1 10 12 1 8 1 10 12 1 7 1 7 1 10 12 1 1 1 1 1 1 1 1 1 1 1 1 1 1 1 1 1 1 1 1 1 1 1 1 1 1 1 1 1 1 1 1 1 1 1 1 1 1 1 1 1 1 1 1 1 1 1 1 1 1 1 1 1 1 1 1 1 1 1 1 1 1 1 1 1 1 1 1 1 1 1 1 1 1 1 100 1 1 16 1 15 10 12 16 15 11 7 12 1 1 1 16 1 16 1 15 10 12 16 15 10 100 12 1 1 1 1 1 1 1 1 100 1 100 1 1
ciInstanceKlass jdk/internal/misc/UnsafeConstants 1 1 34 10 100 12 1 1 1 9 7 12 1 1 1 9 12 1 9 12 1 1 9 12 1 9 12 1 1 1 1 1 1 1 1 1
staticfield jdk/internal/misc/UnsafeConstants ADDRESS_SIZE0 I 8
staticfield jdk/internal/misc/UnsafeConstants PAGE_SIZE I 4096
staticfield jdk/internal/misc/UnsafeConstants BIG_ENDIAN Z 0
staticfield jdk/internal/misc/UnsafeConstants UNALIGNED_ACCESS Z 1
staticfield jdk/internal/misc/UnsafeConstants DATA_CACHE_LINE_FLUSH_SIZE I 0
ciInstanceKlass jdk/internal/misc/ScopedMemoryAccess 1 1 1425 10 7 12 1 1 1 10 7 12 1 1 1 9 12 1 1 10 12 1 1 100 1 10 12 1 1 10 100 12 1 1 9 12 1 1 10 7 12 1 1 1 10 7 12 1 1 1 10 12 1 1 10 12 1 1 10 12 1 1 10 12 1 1 10 12 1 1 10 7 12 1 1 1 10 12 1 1 10 100 12 1 1 1 11 100 12 1 1 1 10 12 1 1 11 12 1 1 10 12 1 11 12 1 10 12 1 1 11 12 1 1 10 100 12 1 1 1 100 1 10 10 12 1 1 10 12 1 1 10 12 1 1 10 12 1 10 100 12 1 1 100 1 10 12 1 1 10 12 1 1 10 12 1 1 10 12 1 1 10 12 1 1 10 12 1 1 10 12 1 1 10 12 1 1 10 12 1 1 10 12 1 1 10 12 1 10 12 1 10 12 1 10 12 1 10 12 1 10 12 1 10 12 1 10 12 1 10 12 1 10 12 1 10 12 1 10 12 1 10 12 1 1 10 12 1 1 10 12 1 10 12 1 10 12 1 10 12 1 10 12 1 10 12 1 10 12 1 10 12 1 10 12 1 10 12 1 10 12 1 10 12 1 10 12 1 10 12 1 10 12 1 10 12 1 10 12 1 10 12 1 10 12 1 10 12 1 10 12 1 10 12 1 10 12 1 1 10 12 1 1 10 12 1 1 10 12 1 1 10 12 1 1 10 12 1 1 10 12 1 1 10 12 1 1 10 12 1 10 12 1 10 12 1 10 12 1 10 12 1 10 12 1 10 12 1 10 12 1 10 12 1 10 12 1 10 12 1 10 12 1 10 12 1 1 10 12 1 1 10 12 1 10 12 1 10 12 1 10 12 1 10 12 1 10 12 1 10 12 1 10 12 1 10 12 1 10 12 1 10 12 1 10 12 1 10 12 1 10 12 1 10 12 1 10 12 1 10 12 1 10 12 1 10 12 1 10 12 1 10 12 1 10 12 1 10 12 1 1 10 12 1 1 10 12 1 1 10 12 1 1 10 12 1 1 10 12 1 1 10 12 1 1 10 12 1 1 10 12 1 10 12 1 10 12 1 10 12 1 10 12 1 10 12 1 10 12 1 10 12 1 10 12 1 10 12 1 10 12 1 10 12 1 10 12 1 1 10 12 1 1 10 12 1 10 12 1 10 12 1 10 12 1 10 12 1 10 12 1 10 12 1 10 12 1 10 12 1 10 12 1 10 12 1 10 12 1 10 12 1 10 12 1 10 12 1 10 12 1 10 12 1 10 12 1 10 12 1 10 12 1 10 12 1 10 12 1 10 12 1 1 10 12 1 1 10 12 1 1 10 12 1 1 10 12 1 1 10 12 1 1 10 12 1 1 10 12 1 1 10 12 1 10 12 1 10 12 1 10 12 1 10 12 1 10 12 1 10 12 1 10 12 1 10 12 1 10 12 1 10 12 1 10 12 1 10 12 1 1 10 12 1 1 10 12 1 1 10 12 1 1 10 12 1 10 12 1 10 12 1 10 12 1 10 12 1 10 12 1 10 12 1 10 12 1 10 12 1 10 12 1 10 12 1 10 12 1 10 12 1 1 10 12 1 1 10 12 1 10 12 1 10 12 1 10 12 1 10 12 1 10 12 1 10 12 1 10 12 1 10 12 1 10 12 1 10 12 1 10 12 1 10 12 1 10 12 1 10 12 1 10 12 1 10 12 1 10 12 1 10 12 1 10 12 1 10 12 1 10 12 1 10 12 1 10 12 1 10 12 1 10 12 1 10 12 1 10 12 1 10 12 1 1 10 12 1 1 10 12 1 1 10 12 1 1 10 12 1 1 10 12 1 1 10 12 1 1 10 12 1 1 10 12 1 10 12 1 10 12 1 10 12 1 10 12 1 10 12 1 10 12 1 10 12 1 10 12 1 10 12 1 10 12 1 10 12 1 10 12 1 1 10 12 1 1 10 12 1 1 10 12 1 1 10 12 1 10 12 1 10 12 1 10 12 1 10 12 1 10 12 1 10 12 1 10 12 1 10 12 1 10 12 1 10 12 1 10 12 1 10 12 1 1 10 12 1 1 10 12 1 10 12 1 10 12 1 10 12 1 10 12 1 10 12 1 10 12 1 10 12 1 10 12 1 10 12 1 10 12 1 10 12 1 10 12 1 10 12 1 10 12 1 10 12 1 10 12 1 10 12 1 10 12 1 10 12 1 10 12 1 10 12 1 10 12 1 10 12 1 10 12 1 10 12 1 10 12 1 10 12 1 10 12 1 1 10 12 1 1 10 12 1 1 10 12 1 1 10 12 1 10 12 1 10 12 1 10 12 1 10 12 1 10 12 1 10 12 1 10 12 1 10 12 1 10 12 1 10 12 1 10 12 1 10 12 1 1 10 12 1 1 10 12 1 1 10 12 1 1 10 12 1 10 12 1 10 12 1 10 12 1 10 12 1 10 12 1 10 12 1 10 12 1 10 12 1 10 12 1 10 12 1 10 12 1 10 12 1 1 10 12 1 1 10 12 1 10 12 1 10 12 1 10 12 1 10 12 1 10 12 1 10 12 1 10 12 1 10 12 1 10 12 1 10 12 1 1 10 12 1 1 10 12 1 1 10 12 1 1 10 12 1 10 12 1 10 12 1 10 12 1 10 12 1 10 12 1 10 12 1 10 12 1 10 12 1 10 12 1 10 12 1 10 12 1 10 12 1 1 10 12 1 1 10 12 1 1 10 12 1 1 10 12 1 10 12 1 10 12 1 10 12 1 10 12 1 10 12 1 10 12 1 10 12 1 10 12 1 10 12 1 10 12 1 10 12 1 10 12 1 1 10 12 1 1 10 12 1 10 12 1 10 12 1 10 12 1 10 12 1 10 12 1 10 12 1 10 12 1 10 12 1 10 12 1 10 12 1 1 10 12 1 10 1 1 1 1 1 1 1 1 1 1 1 1 1 1 1 1 1 1 1 1 1 1 1 100 1 1 1 1 1 1 1 1 1 1 1 1 1 1 1 1 1 1 1 1 1 1 1 1 1 1 1 1 1 1 1 1 1 1 1 1 1 1 1 1 1 1 1 1 1 1 1 1 1 1 1 1 1 1 1 1 1 1 1 1 1 1 1 1 1 1 1 1 1 1 1 1 1 1 1 1 1 1 1 1 1 100 1 1 1 100 1 1 100 1 1 1 100 1 1 100 1 1 100 1 1 100 1 1 100 1 1 1
staticfield jdk/internal/misc/ScopedMemoryAccess UNSAFE Ljdk/internal/misc/Unsafe; jdk/internal/misc/Unsafe
staticfield jdk/internal/misc/ScopedMemoryAccess theScopedMemoryAccess Ljdk/internal/misc/ScopedMemoryAccess; jdk/internal/misc/ScopedMemoryAccess
ciMethod jdk/internal/misc/ScopedMemoryAccess getIntUnaligned (Ljdk/internal/foreign/MemorySessionImpl;Ljava/lang/Object;JZ)I 1024 0 7729 0 -1
ciMethod jdk/internal/misc/ScopedMemoryAccess getIntUnalignedInternal (Ljdk/internal/foreign/MemorySessionImpl;Ljava/lang/Object;JZ)I 1024 0 7729 0 -1
ciInstanceKlass java/lang/invoke/MethodHandleStatics 1 1 320 10 7 12 1 1 1 9 7 12 1 1 1 9 12 1 1 10 7 12 1 1 1 9 12 1 9 12 1 9 12 1 9 12 1 9 7 12 1 1 1 7 1 10 8 1 10 12 1 1 10 7 12 1 1 1 8 1 10 7 12 1 1 1 10 12 1 1 8 1 8 1 10 12 1 10 100 12 1 1 1 10 7 12 1 1 8 1 10 12 1 1 8 1 8 1 8 1 8 1 10 12 1 1 7 1 10 12 10 12 1 10 12 1 100 1 10 10 12 1 1 100 1 10 10 12 1 7 1 7 1 8 1 8 1 10 12 1 8 1 10 7 12 1 1 1 9 12 1 1 10 7 12 1 1 1 10 12 1 1 9 12 1 1 10 7 12 1 1 1 8 1 10 7 12 1 1 10 7 12 1 1 1 8 1 8 1 8 1 8 1 8 1 10 12 1 10 7 12 1 1 1 9 12 1 8 1 8 1 8 1 8 1 9 12 1 8 1 9 12 1 8 1 8 1 9 12 1 8 1 8 1 9 12 1 8 1 9 12 1 8 1 9 12 1 8 1 8 1 9 12 1 8 1 8 1 10 12 1 1 8 1 10 12 1 1 1 1 1 1 1 1 1 1 1 1 1 1 1 1 1 1 1 1 1 1 1 7 1 7 1 7 1 1 1 1 1 1 1 1 1 1 1 1 1 1 1 1 1 1 1 1 1 1 1 1 1 1 1 1
staticfield java/lang/invoke/MethodHandleStatics UNSAFE Ljdk/internal/misc/Unsafe; jdk/internal/misc/Unsafe
staticfield java/lang/invoke/MethodHandleStatics CLASSFILE_VERSION I 65
staticfield java/lang/invoke/MethodHandleStatics DEBUG_METHOD_HANDLE_NAMES Z 0
staticfield java/lang/invoke/MethodHandleStatics TRACE_INTERPRETER Z 0
staticfield java/lang/invoke/MethodHandleStatics TRACE_METHOD_LINKAGE Z 0
staticfield java/lang/invoke/MethodHandleStatics TRACE_RESOLVE Z 0
staticfield java/lang/invoke/MethodHandleStatics COMPILE_THRESHOLD I 0
staticfield java/lang/invoke/MethodHandleStatics LOG_LF_COMPILATION_FAILURE Z 0
staticfield java/lang/invoke/MethodHandleStatics DONT_INLINE_THRESHOLD I 30
staticfield java/lang/invoke/MethodHandleStatics PROFILE_LEVEL I 0
staticfield java/lang/invoke/MethodHandleStatics PROFILE_GWT Z 1
staticfield java/lang/invoke/MethodHandleStatics CUSTOMIZE_THRESHOLD I 127
staticfield java/lang/invoke/MethodHandleStatics VAR_HANDLE_GUARDS Z 1
staticfield java/lang/invoke/MethodHandleStatics MAX_ARITY I 255
staticfield java/lang/invoke/MethodHandleStatics VAR_HANDLE_IDENTITY_ADAPT Z 0
staticfield java/lang/invoke/MethodHandleStatics DUMP_CLASS_FILES Ljdk/internal/util/ClassFileDumper; jdk/internal/util/ClassFileDumper
ciInstanceKlass java/lang/invoke/LambdaForm 1 1 1059 7 1 100 1 10 7 12 1 1 1 9 12 1 1 9 12 1 9 12 1 9 12 1 1 9 12 1 1 9 12 1 1 9 12 1 1 9 12 1 1 9 12 1 10 7 12 1 1 9 12 1 10 12 1 1 100 1 10 10 12 1 1 10 12 1 10 12 1 10 12 1 1 10 12 1 9 12 1 9 12 1 10 12 1 1 10 7 12 1 1 1 10 12 1 1 9 100 12 1 1 1 10 12 1 1 9 7 12 1 1 10 12 1 10 12 1 1 10 12 1 1 10 12 1 1 7 1 10 7 12 1 1 1 10 12 1 1 10 12 1 10 12 1 1 9 12 1 1 9 12 1 9 12 1 1 10 12 1 9 12 1 10 100 12 1 1 1 10 12 1 1 7 1 10 12 1 9 12 1 1 10 7 12 1 1 1 10 12 1 10 12 1 7 1 10 12 1 10 12 1 10 12 1 1 10 12 1 1 10 12 1 10 12 1 10 12 1 10 12 1 1 8 1 10 12 1 10 12 1 10 10 12 1 8 1 8 1 9 12 1 9 12 1 1 10 12 1 1 10 12 1 9 12 1 10 12 1 1 10 7 12 1 1 1 10 12 1 1 10 12 1 10 12 1 10 100 12 1 1 1 9 12 1 10 12 1 8 1 8 1 8 1 8 1 8 1 8 1 8 1 8 1 10 12 1 9 12 1 7 1 10 12 1 1 9 12 1 10 12 1 10 12 1 1 10 12 10 12 1 10 12 1 1 10 12 1 1 10 10 12 1 1 10 12 1 1 7 1 8 1 10 12 1 1 10 12 1 10 12 1 1 10 8 1 10 12 1 1 8 1 8 1 8 1 10 12 1 10 12 1 10 12 1 1 100 1 10 12 1 1 10 12 1 1 10 7 12 1 1 1 10 12 1 1 9 12 1 1 8 1 10 100 12 1 1 1 10 7 12 1 1 10 12 10 12 1 1 10 12 1 1 9 12 1 8 10 12 1 1 100 1 10 12 1 1 10 12 1 9 7 12 1 1 9 7 12 1 1 1 8 1 10 100 12 1 1 10 12 1 1 7 1 7 1 10 10 12 1 1 10 12 1 1 8 1 8 1 7 1 8 1 10 12 10 12 1 10 12 1 10 12 1 1 8 1 8 1 10 12 1 10 12 1 1 8 1 8 1 8 1 7 1 8 1 7 1 8 1 7 1 8 1 10 12 1 8 1 9 10 7 12 1 1 1 10 12 1 9 12 1 1 10 12 1 10 10 12 1 10 12 1 10 12 1 10 12 1 1 10 12 1 10 12 1 1 10 12 1 1 10 12 1 1 10 12 1 1 8 1 100 10 12 1 10 12 1 9 12 1 1 10 7 12 1 1 8 1 8 1 7 1 8 1 8 1 8 1 8 1 8 1 8 1 8 1 8 1 10 12 1 1 10 12 1 1 10 12 1 10 12 1 10 12 1 10 12 1 8 1 8 1 8 1 10 12 1 8 1 10 12 1 8 1 8 1 8 1 8 1 8 1 10 12 1 10 12 1 10 12 1 1 10 7 12 1 1 1 10 12 1 10 12 1 10 12 1 10 12 1 10 12 1 10 12 1 10 12 1 9 12 1 1 8 1 10 12 1 1 9 12 1 1 10 12 1 1 9 12 1 9 12 1 1 9 12 1 9 12 1 1 7 1 10 7 12 1 1 1 9 12 1 10 12 1 10 12 1 8 1 10 12 1 9 12 1 1 7 1 10 7 12 1 1 1 8 1 100 1 10 12 1 9 12 1 9 12 1 10 12 1 10 12 1 10 7 12 1 1 1 10 12 1 9 7 12 1 1 10 12 1 1 10 12 1 10 12 1 10 12 1 9 12 10 12 1 10 10 12 1 9 12 1 9 9 12 1 7 9 12 1 1 10 12 1 1 9 12 1 10 12 1 10 7 1 9 1 1 1 1 3 1 3 1 1 3 1 3 1 1 1 1 1 1 1 1 1 1 1 1 1 1 1 1 1 1 1 1 1 1 1 1 1 1 1 1 1 1 1 1 1 1 1 1 1 1 1 1 1 1 1 1 1 1 1 1 1 1 1 100 1 1 1 1 1 1 1 1 1 1 1 1 1 1 1 1 1 1 1 1 1 1 1 1 1 1 1 1 1 1 1 1 1 1 1 1 1 1 1 1 1 1 1 1 1 1 1 1 1 1 1 1 1 1 1 1 1 1 1 1 1 1 100 1 1 1 1 1 1 1 1 1 1 1 1 1 1 1 1 1 1 1 1 1 1 1 1 1 1 1 1 1 1 1 1 1 1 7 1 1 1 1 1 1 1 1 1 1 1 1 1 1 1 1 1 1 1 1 1 1 100 1 1 1 100 1 1 7 1 1 1 1 1 1 1 1 1 1 1
staticfield java/lang/invoke/LambdaForm DEFAULT_CUSTOMIZED Ljava/lang/invoke/MethodHandle; null
staticfield java/lang/invoke/LambdaForm DEFAULT_KIND Ljava/lang/invoke/LambdaForm$Kind; java/lang/invoke/LambdaForm$Kind
staticfield java/lang/invoke/LambdaForm COMPILE_THRESHOLD I 0
staticfield java/lang/invoke/LambdaForm INTERNED_ARGUMENTS [[Ljava/lang/invoke/LambdaForm$Name; 5 [[Ljava/lang/invoke/LambdaForm$Name;
staticfield java/lang/invoke/LambdaForm IMPL_NAMES Ljava/lang/invoke/MemberName$Factory; java/lang/invoke/MemberName$Factory
staticfield java/lang/invoke/LambdaForm LF_identity [Ljava/lang/invoke/LambdaForm; 6 [Ljava/lang/invoke/LambdaForm;
staticfield java/lang/invoke/LambdaForm LF_zero [Ljava/lang/invoke/LambdaForm; 6 [Ljava/lang/invoke/LambdaForm;
staticfield java/lang/invoke/LambdaForm NF_identity [Ljava/lang/invoke/LambdaForm$NamedFunction; 6 [Ljava/lang/invoke/LambdaForm$NamedFunction;
staticfield java/lang/invoke/LambdaForm NF_zero [Ljava/lang/invoke/LambdaForm$NamedFunction; 6 [Ljava/lang/invoke/LambdaForm$NamedFunction;
staticfield java/lang/invoke/LambdaForm createFormsLock Ljava/lang/Object; java/lang/Object
staticfield java/lang/invoke/LambdaForm DEBUG_NAME_COUNTERS Ljava/util/HashMap; null
staticfield java/lang/invoke/LambdaForm DEBUG_NAMES Ljava/util/HashMap; null
staticfield java/lang/invoke/LambdaForm TRACE_INTERPRETER Z 0
staticfield java/lang/invoke/LambdaForm $assertionsDisabled Z 1
ciInstanceKlass java/lang/invoke/MemberName 1 1 724 7 1 7 1 100 1 9 12 1 1 10 7 12 1 1 1 9 12 1 1 10 12 1 1 10 12 1 1 10 12 1 1 10 12 1 10 12 1 1 10 7 12 1 1 1 10 12 1 9 7 12 1 1 10 12 1 7 1 7 1 10 12 1 8 1 10 12 1 1 10 12 1 10 12 1 1 10 12 1 9 12 1 1 8 1 10 100 12 1 1 1 7 1 10 10 12 1 1 100 1 100 1 10 12 1 9 12 1 1 100 1 8 1 10 12 1 10 12 1 10 12 1 10 12 1 10 12 1 1 10 12 1 10 12 1 10 12 1 1 8 1 8 1 10 12 1 8 1 9 12 1 1 3 10 12 1 10 12 1 10 12 1 10 10 7 12 1 1 1 10 12 1 10 12 1 10 12 1 10 12 1 7 1 8 10 12 1 1 10 12 1 1 8 1 9 7 1 8 9 7 1 10 12 1 1 10 12 1 10 12 1 8 1 10 12 1 1 10 12 1 10 12 1 10 12 1 10 12 1 1 7 1 10 12 1 1 10 12 1 8 1 10 12 1 10 12 1 8 1 10 12 1 1 10 12 1 1 7 1 10 12 1 1 10 12 8 1 8 1 7 1 10 12 1 10 100 12 1 1 1 100 1 10 12 10 12 1 10 12 1 10 12 1 10 12 1 10 10 12 1 10 12 1 10 12 1 3 10 12 1 3 10 12 1 3 3 3 3 3 3 10 12 1 3 9 12 1 10 12 1 1 3 10 12 1 10 10 7 12 1 1 1 10 12 1 1 10 7 12 1 1 10 10 12 1 10 12 1 1 10 12 1 10 10 12 1 1 10 12 1 10 12 1 10 12 1 7 1 10 10 10 12 100 1 10 10 10 12 1 1 10 12 1 1 10 10 12 1 8 10 7 1 10 12 1 10 7 1 10 12 1 10 12 1 10 12 1 10 10 12 1 10 12 1 1 10 12 1 1 10 12 1 10 12 1 10 12 1 100 1 10 12 1 1 100 1 8 1 10 7 1 10 12 1 10 12 10 12 1 1 10 12 1 10 12 1 8 1 8 1 8 1 8 1 10 12 1 10 12 1 10 7 12 1 1 1 8 1 8 1 10 12 1 8 1 10 10 10 12 1 10 12 1 8 1 8 1 10 10 12 1 8 1 10 100 12 1 1 1 8 1 100 1 10 12 1 10 12 1 1 10 12 1 8 1 8 1 8 1 8 1 100 1 10 8 1 8 1 8 1 8 1 10 12 1 100 1 100 1 100 1 10 100 1 10 7 1 10 7 12 1 1 1 9 7 12 1 1 1 7 1 7 1 1 1 1 1 1 1 3 1 3 1 3 1 3 1 3 1 3 1 1 1 1 1 1 1 1 3 1 3 1 1 1 1 1 1 1 1 1 1 1 1 1 1 1 1 1 1 1 1 1 1 1 1 1 1 1 1 1 1 1 1 1 1 1 1 1 1 1 1 1 1 1 1 1 1 1 1 1 1 1 1 1 1 1 1 1 1 1 1 1 1 1 1 1 1 1 1 1 1 1 1 1 1 1 1 1 1 1 1 1 1 1 1 1 1 1 1 1 1 1 1 1 1 1 1 7 1 1 1 1 1 1 1 1 1 1 1 1 1 1 1
staticfield java/lang/invoke/MemberName $assertionsDisabled Z 1
instanceKlass java/lang/invoke/VarHandleBooleans$FieldInstanceReadOnly
instanceKlass java/lang/invoke/VarHandleLongs$FieldInstanceReadOnly
instanceKlass java/lang/invoke/VarHandleReferences$FieldStaticReadOnly
instanceKlass java/lang/invoke/VarHandleInts$FieldInstanceReadOnly
instanceKlass java/lang/invoke/VarHandleReferences$Array
instanceKlass java/lang/invoke/VarHandleReferences$FieldInstanceReadOnly
instanceKlass java/lang/invoke/VarHandleByteArrayAsDoubles$ByteArrayViewVarHandle
instanceKlass java/lang/invoke/VarHandleByteArrayAsLongs$ByteArrayViewVarHandle
instanceKlass java/lang/invoke/VarHandleByteArrayAsFloats$ByteArrayViewVarHandle
instanceKlass java/lang/invoke/VarHandleByteArrayAsInts$ByteArrayViewVarHandle
instanceKlass java/lang/invoke/VarHandleByteArrayAsChars$ByteArrayViewVarHandle
instanceKlass java/lang/invoke/VarHandleByteArrayAsShorts$ByteArrayViewVarHandle
ciInstanceKlass java/lang/invoke/VarHandle 1 1 473 10 7 12 1 1 1 10 7 12 1 1 9 12 1 1 9 12 1 1 100 1 10 8 1 10 12 1 1 10 7 12 1 1 1 10 12 1 1 10 7 12 1 1 1 9 100 12 1 1 1 10 12 1 1 10 7 12 1 1 1 10 12 1 1 9 12 1 10 12 1 9 12 1 1 10 7 12 1 1 10 12 1 9 100 12 1 1 1 9 12 1 1 10 12 1 1 100 1 7 1 10 8 1 10 12 1 1 10 12 1 8 1 10 12 1 10 12 1 9 12 1 1 9 12 1 10 12 1 10 12 1 1 10 12 1 10 10 100 12 1 1 1 10 12 1 1 10 12 1 1 10 7 12 1 1 1 10 100 12 1 1 1 10 100 12 1 1 1 9 12 1 1 9 10 12 1 10 12 1 10 12 1 1 10 12 1 10 7 12 1 1 1 9 12 1 1 10 12 1 1 9 12 1 10 12 1 10 12 1 10 7 12 1 1 100 1 10 9 7 12 1 1 1 9 12 1 1 10 7 12 1 1 1 10 12 1 10 12 1 10 12 1 10 12 1 10 12 1 10 12 1 1 8 10 12 1 1 7 1 10 12 1 1 7 1 1 1 1 1 1 1 1 1 1 1 1 1 1 1 1 1 1 1 1 1 1 1 1 1 1 1 1 1 1 1 1 1 1 1 1 1 1 1 1 1 1 1 1 1 1 1 1 1 1 1 1 1 1 1 1 1 1 1 1 1 1 1 1 1 1 1 1 100 1 1 1 1 1 1 1 1 100 1 1 1 1 1 1 1 1 1 1 1 1 100 1 100 1 1 100 1 100 1 100 1 100 1 100 1 100 1 100 1 100 1 100 1 100 1 100 1 100 1 100 1 100 1 100 1 100 1 100 1 100 1 100 1 100 1 100 1 100 1 100 1 100 1 100 1 100 1 100 1 100 1 100 1 100 1 100 1 100 1 100 1 100 1 100 1 1 1 1 1 1 100 1 1 1 100 1 1 100 1 100 1 100 1 100 1 100 1 100 1 1 1 1 100 1 100 1 100 1 100 1 100 1 100 1 100 1 100 1
staticfield java/lang/invoke/VarHandle VFORM_OFFSET J 16
staticfield java/lang/invoke/VarHandle $assertionsDisabled Z 1
ciMethod java/lang/invoke/VarHandle asDirect ()Ljava/lang/invoke/VarHandle; 0 0 1 0 -1
ciMethod java/lang/invoke/VarHandle checkAccessModeThenIsDirect (Ljava/lang/invoke/VarHandle$AccessDescriptor;)Z 1024 0 133971 0 -1
instanceKlass jdk/internal/reflect/FieldAccessorImpl
instanceKlass jdk/internal/reflect/ConstructorAccessorImpl
instanceKlass jdk/internal/reflect/MethodAccessorImpl
ciInstanceKlass jdk/internal/reflect/MagicAccessorImpl 1 1 16 10 7 12 1 1 1 100 1 1 1 1 1 1 1 1
instanceKlass jdk/internal/reflect/DirectMethodHandleAccessor
ciInstanceKlass jdk/internal/reflect/MethodAccessorImpl 1 1 38 10 7 12 1 1 1 10 100 12 1 1 1 100 1 1 1 1 1 1 1 100 1 100 1 1 1 1 1 1 1 1 1 1 1 1 1 1
ciInstanceKlass jdk/internal/reflect/MethodAccessor 1 0 17 100 1 100 1 1 1 1 100 1 100 1 1 1 1 1 1
instanceKlass jdk/internal/reflect/DirectConstructorHandleAccessor$NativeAccessor
instanceKlass jdk/internal/reflect/DirectConstructorHandleAccessor
instanceKlass jdk/internal/reflect/NativeConstructorAccessorImpl
ciInstanceKlass jdk/internal/reflect/ConstructorAccessorImpl 1 1 27 10 7 12 1 1 1 100 1 100 1 1 1 1 1 1 1 1 1 100 1 100 1 100 1 1 1
ciInstanceKlass jdk/internal/reflect/ConstructorAccessor 1 0 16 100 1 100 1 1 1 1 100 1 100 1 100 1 1 1
ciInstanceKlass jdk/internal/reflect/DelegatingClassLoader 0 0 18 10 100 12 1 1 1 100 1 1 1 1 1 1 1 1 1 1
ciInstanceKlass jdk/internal/reflect/CallerSensitive 0 0 17 100 1 100 1 100 1 1 1 1 1 1 1 1 1 1 1
ciInstanceKlass jdk/internal/reflect/NativeConstructorAccessorImpl 0 0 125 10 7 12 1 1 1 9 7 12 1 1 1 100 1 10 12 1 9 12 1 1 9 12 1 1 10 100 12 1 1 1 10 7 12 1 1 1 10 7 12 1 1 1 9 12 1 9 12 1 1 9 12 1 1 10 7 12 1 1 1 100 1 10 10 12 1 1 10 12 1 10 12 1 1 10 12 1 7 1 10 12 1 1 10 12 1 1 8 10 12 1 1 1 1 1 1 1 1 1 1 1 1 1 1 1 1 1 1 1 1 1 1 100 1 100 1 100 1 1 1 1 1 1 1
ciInstanceKlass jdk/internal/reflect/ConstantPool 1 1 142 10 7 12 1 1 1 9 7 12 1 1 1 10 12 1 1 10 12 1 1 10 12 1 10 12 1 1 10 12 1 1 10 12 1 10 12 1 1 10 12 1 10 12 1 1 10 12 1 10 12 1 10 12 1 10 12 1 1 10 12 1 1 10 12 1 1 10 12 1 1 10 12 1 10 12 1 1 10 100 12 1 1 1 8 11 7 12 1 1 1 10 7 12 1 1 1 1 1 1 1 1 1 1 1 1 1 1 1 1 1 1 1 1 1 1 1 1 1 1 1 1 1 1 1 1 1 1 1 1 1 1 1 1 1 1 1 1 1 1 1 1
ciInstanceKlass jdk/internal/reflect/UnsafeStaticFieldAccessorImpl 0 0 47 10 7 12 1 1 1 9 7 12 1 1 1 10 7 12 1 1 1 9 12 1 1 8 11 100 12 1 1 1 10 100 12 1 1 1 1 1 1 1 1 1 1 1 1 1 1
ciInstanceKlass jdk/internal/reflect/FieldAccessor 1 0 48 100 1 100 1 1 1 1 100 1 1 1 1 1 1 1 1 1 1 1 1 1 1 1 1 1 1 1 100 1 1 1 1 1 1 1 1 1 1 1 1 1 1 1 1 1 1 1
instanceKlass jdk/internal/reflect/MethodHandleFieldAccessorImpl
instanceKlass jdk/internal/reflect/UnsafeFieldAccessorImpl
ciInstanceKlass jdk/internal/reflect/FieldAccessorImpl 1 1 269 10 7 12 1 1 1 9 7 12 1 1 1 10 7 12 1 1 1 10 7 12 1 1 10 7 12 1 1 1 10 12 1 1 7 1 10 10 12 1 1 10 12 1 1 8 1 10 10 12 1 100 1 8 1 10 12 1 8 1 10 12 1 8 1 10 12 1 100 1 10 12 1 1 10 8 1 10 12 1 1 8 1 10 7 12 1 1 8 1 10 7 12 1 1 8 1 10 7 12 1 1 8 1 10 7 12 1 1 8 1 10 7 12 1 1 8 1 10 7 12 1 1 8 1 10 7 12 1 1 8 1 10 7 12 1 1 10 12 1 1 8 1 10 12 1 1 10 100 12 1 1 1 8 1 10 12 1 8 1 8 1 8 1 8 1 10 7 12 1 1 1 8 1 8 1 8 1 10 12 7 1 1 1 1 1 1 1 1 1 1 1 1 1 1 1 1 1 1 1 1 1 1 1 1 1 1 1 1 1 1 1 1 1 1 1 1 1 1 1 1 1 1 1 1 1 1 1 1 1 1 1 1 1 1 1 1 1 1 1 1 1 1 1 1 1 1 1 1 1 1 1 1 1 1 1 1 1 1 1 1 1 1 1 1 1 1 1 1
instanceKlass jdk/internal/reflect/UnsafeStaticFieldAccessorImpl
ciInstanceKlass jdk/internal/reflect/UnsafeFieldAccessorImpl 0 0 62 10 100 12 1 1 1 10 100 12 1 1 1 10 100 12 1 1 1 9 100 12 1 1 10 12 1 9 12 1 1 10 100 12 1 1 1 9 12 1 1 10 12 1 10 12 1 1 1 1 1 1 1 1 1 1 1 1 1 1 1 1
instanceKlass java/lang/invoke/VolatileCallSite
instanceKlass java/lang/invoke/MutableCallSite
instanceKlass java/lang/invoke/ConstantCallSite
ciInstanceKlass java/lang/invoke/CallSite 1 1 307 10 7 12 1 1 1 10 7 12 1 1 1 9 7 12 1 1 1 10 12 1 1 9 12 1 1 10 7 12 1 1 1 10 12 1 7 1 10 12 1 1 10 12 1 1 9 100 12 1 1 1 10 7 12 1 1 10 12 1 1 100 1 7 1 10 10 7 12 1 1 1 10 12 1 1 8 1 10 12 1 10 12 1 1 10 12 1 10 12 1 1 10 12 1 1 10 10 100 12 1 1 10 12 1 1 9 12 1 9 100 12 1 1 1 8 1 10 7 12 1 1 1 10 12 1 1 7 1 10 12 1 1 9 12 1 8 1 100 1 10 12 1 10 12 1 100 1 8 1 10 10 12 1 10 12 1 1 100 1 10 12 1 1 10 12 1 10 12 1 10 12 1 1 10 12 1 1 9 12 1 1 8 10 12 1 1 9 12 1 1 100 1 10 10 12 1 10 7 12 1 1 1 10 12 1 1 10 12 1 1 10 12 1 10 7 12 1 1 1 7 1 8 1 10 10 12 10 12 1 1 7 1 7 1 7 1 8 1 10 12 1 10 7 12 1 1 1 1 1 1 1 1 1 1 1 1 1 1 1 1 1 1 1 1 1 1 1 1 1 1 1 1 1 1 1 1 1 1 1 1 1 1 1 1 1 1 1 1 1 1 1 1 1 1 1 1 1 1 1 7 1 7 1 1 1 1
staticfield java/lang/invoke/CallSite $assertionsDisabled Z 1
ciInstanceKlass java/lang/invoke/ConstantCallSite 1 1 65 10 7 12 1 1 1 9 7 12 1 1 1 9 12 1 1 10 7 12 1 1 1 10 12 1 100 1 10 12 9 12 1 1 100 1 10 10 12 1 1 10 12 1 1 1 1 1 1 1 1 1 1 1 1 1 100 1 1 1 1 1 1 1 1
staticfield java/lang/invoke/ConstantCallSite UNSAFE Ljdk/internal/misc/Unsafe; jdk/internal/misc/Unsafe
instanceKlass java/lang/invoke/DirectMethodHandle$StaticAccessor
instanceKlass java/lang/invoke/DirectMethodHandle$Interface
instanceKlass java/lang/invoke/DirectMethodHandle$Special
instanceKlass java/lang/invoke/DirectMethodHandle$Accessor
instanceKlass java/lang/invoke/DirectMethodHandle$Constructor
ciInstanceKlass java/lang/invoke/DirectMethodHandle 1 1 923 7 1 7 1 100 1 7 1 7 1 10 7 12 1 1 1 10 7 12 1 1 1 7 1 10 12 1 10 12 1 1 10 7 12 1 1 10 12 1 1 10 12 1 10 12 1 7 1 10 12 1 1 10 12 1 1 10 12 1 10 12 1 1 10 7 12 1 1 1 10 12 1 9 12 1 1 100 1 10 9 12 1 1 9 12 1 10 12 1 10 12 1 10 12 1 1 10 12 1 10 12 1 10 12 1 10 7 12 1 1 1 10 12 1 10 12 1 1 8 1 10 12 1 1 7 1 10 12 1 7 1 10 10 12 1 10 12 1 10 12 1 10 7 12 1 1 1 10 12 1 1 7 1 10 12 1 10 12 1 7 1 10 12 1 10 12 1 1 10 12 1 1 10 12 1 8 10 7 12 1 1 1 10 12 1 10 12 1 10 12 1 1 10 12 1 9 7 12 1 1 1 7 1 10 12 1 10 7 12 1 1 1 10 12 1 10 12 1 1 9 12 1 1 7 1 10 8 1 10 12 1 1 10 12 1 1 8 1 10 12 1 10 12 1 10 10 12 1 10 12 1 10 12 1 10 12 1 10 12 1 1 10 12 1 10 12 1 1 10 12 1 10 12 1 1 10 10 7 12 1 1 1 10 12 1 10 12 1 1 10 12 1 10 12 1 1 8 1 9 7 12 1 1 1 8 1 9 12 1 9 12 1 8 1 9 12 1 9 12 1 8 1 9 12 1 9 12 1 8 1 10 12 1 10 12 1 1 9 12 1 1 7 1 10 12 1 1 7 1 10 7 12 1 1 1 10 12 1 1 10 12 1 10 12 1 1 7 1 10 12 1 1 10 12 1 10 12 1 1 7 1 10 12 1 1 10 12 1 10 7 12 1 1 1 10 12 1 10 12 1 1 10 12 1 9 12 1 1 10 7 1 9 12 9 12 1 10 7 12 1 1 1 10 12 1 7 1 7 1 7 1 9 12 1 1 10 7 12 1 1 1 10 12 10 12 1 7 1 10 12 1 10 12 1 1 8 1 9 12 1 9 12 1 10 12 1 1 9 12 1 1 10 7 12 1 1 1 9 12 1 1 9 12 1 1 10 12 1 10 12 1 10 12 1 10 12 1 1 10 12 1 9 12 1 10 12 1 10 12 1 10 12 1 10 12 1 1 10 12 1 1 9 12 1 1 10 12 1 1 9 7 12 1 1 1 9 12 1 9 12 1 9 12 1 9 12 1 9 12 1 9 12 1 9 12 1 9 12 1 9 12 1 9 12 1 9 12 1 9 12 1 9 12 1 9 12 1 9 12 1 9 12 1 9 12 1 9 12 1 9 12 1 9 12 1 9 12 1 9 12 1 9 12 1 9 12 1 9 12 1 9 12 1 9 12 1 9 12 1 9 12 1 9 12 1 9 12 1 9 12 1 9 12 1 9 12 1 9 12 1 9 12 1 8 1 9 12 1 1 9 12 1 1 10 12 1 10 12 1 1 9 7 1 10 12 1 9 12 1 1 10 12 10 12 1 10 12 1 10 12 1 10 12 1 10 8 1 8 1 8 1 8 1 10 12 1 1 9 12 1 1 10 12 1 10 100 12 1 1 1 8 9 12 1 1 10 12 1 1 8 1 8 8 9 12 1 8 1 8 8 8 8 8 1 8 10 12 1 7 1 10 12 1 8 1 8 1 10 12 1 10 12 1 10 12 1 10 12 1 1 7 1 1 1 1 3 1 3 1 3 1 3 1 3 1 3 1 3 1 3 1 3 1 3 1 1 1 1 1 1 1 1 1 1 3 1 3 1 1 1 1 3 1 1 1 1 1 1 1 1 1 1 1 1 1 1 1 1 1 1 1 1 1 1 1 1 1 1 1 1 1 1 1 1 1 1 1 1 1 1 1 1 1 1 1 1 1 1 1 1 1 1 1 1 1 1 1 1 1 100 1 1 1 1 1 1 1 1 1 100 1 1 1 1 1 1 1 1 1 1 1 1 1 1 1 1 1 1 1 1 1 1 1 1 1 1 1 1 1 1 1 1 1 1 1 1 1 1 1 1 1 1 1 1 1 1 1 1 1 1 1 1
staticfield java/lang/invoke/DirectMethodHandle IMPL_NAMES Ljava/lang/invoke/MemberName$Factory; java/lang/invoke/MemberName$Factory
staticfield java/lang/invoke/DirectMethodHandle FT_UNCHECKED_REF I 8
staticfield java/lang/invoke/DirectMethodHandle ACCESSOR_FORMS [Ljava/lang/invoke/LambdaForm; 132 [Ljava/lang/invoke/LambdaForm;
staticfield java/lang/invoke/DirectMethodHandle ALL_WRAPPERS [Lsun/invoke/util/Wrapper; 10 [Lsun/invoke/util/Wrapper;
staticfield java/lang/invoke/DirectMethodHandle NFS [Ljava/lang/invoke/LambdaForm$NamedFunction; 12 [Ljava/lang/invoke/LambdaForm$NamedFunction;
staticfield java/lang/invoke/DirectMethodHandle OBJ_OBJ_TYPE Ljava/lang/invoke/MethodType; java/lang/invoke/MethodType
staticfield java/lang/invoke/DirectMethodHandle LONG_OBJ_TYPE Ljava/lang/invoke/MethodType; java/lang/invoke/MethodType
staticfield java/lang/invoke/DirectMethodHandle $assertionsDisabled Z 1
ciInstanceKlass java/lang/invoke/MutableCallSite 0 0 63 10 100 12 1 1 1 10 12 1 9 100 12 1 1 1 10 12 1 10 12 1 1 9 12 1 1 10 100 12 1 1 1 10 100 12 1 1 1 10 12 1 1 1 1 1 1 1 1 1 1 1 1 1 1 1 1 1 1 100 1 1 1
ciInstanceKlass java/lang/invoke/VolatileCallSite 0 0 37 10 100 12 1 1 1 10 12 1 10 100 12 1 1 1 10 12 1 10 12 1 1 1 1 1 1 1 1 1 1 1 1 1 1 1 1
ciInstanceKlass java/lang/invoke/ResolvedMethodName 1 1 16 10 100 12 1 1 1 100 1 1 1 1 1 1 1 1
ciInstanceKlass java/lang/invoke/MethodHandleNatives 1 1 690 100 1 10 7 12 1 1 1 9 7 12 1 1 1 10 12 1 1 100 1 10 10 12 1 1 10 12 1 10 12 1 8 1 8 1 8 1 8 1 8 1 8 1 8 1 8 1 8 1 8 1 10 12 1 1 7 1 10 7 12 1 1 1 10 7 12 1 1 1 7 1 10 10 12 1 1 8 1 10 12 1 8 1 10 12 1 1 8 1 10 12 1 1 9 7 12 1 1 1 8 1 10 100 12 1 1 1 7 1 10 12 100 1 100 1 8 1 7 1 10 10 12 1 7 1 9 7 12 1 1 10 12 1 1 10 12 1 10 7 12 1 1 1 10 12 1 1 9 12 1 8 1 10 12 1 1 10 12 1 8 1 10 12 1 1 7 1 10 12 1 10 7 12 1 1 1 10 12 1 10 12 1 1 10 12 1 1 8 1 10 12 1 1 8 1 10 12 1 8 1 8 1 8 1 7 1 10 12 1 8 1 10 7 12 1 1 1 10 12 1 1 10 7 12 1 1 10 10 12 1 1 10 12 1 10 100 12 1 1 1 100 1 8 1 10 100 12 1 1 1 7 1 8 1 10 12 1 8 1 8 1 8 1 8 1 8 1 10 12 1 1 10 12 1 1 10 12 1 10 12 1 1 10 12 1 1 7 1 10 12 1 7 1 7 1 10 12 1 10 12 1 8 1 8 1 10 10 12 1 1 10 12 1 1 8 1 10 7 12 1 1 8 1 8 1 10 12 1 1 10 7 12 1 1 1 100 1 10 12 1 1 7 1 9 12 1 1 10 7 12 1 1 1 10 10 12 1 9 12 1 10 12 1 9 12 1 9 12 1 10 12 1 1 10 12 1 10 12 1 1 7 1 7 1 10 12 1 1 10 12 1 10 12 1 1 10 7 12 1 1 1 10 12 1 8 1 10 12 1 10 12 1 10 12 1 1 10 12 1 10 7 12 1 1 1 10 12 1 1 100 1 8 1 10 9 7 12 1 1 1 10 12 1 1 10 12 1 1 7 1 10 12 1 1 10 12 1 1 100 1 100 1 10 10 100 1 100 1 10 100 1 10 10 12 1 1 10 7 1 10 12 1 10 12 1 1 10 12 1 1 10 12 1 1 10 12 1 10 12 1 1 10 8 1 10 12 1 10 12 1 10 12 1 10 12 1 10 12 1 1 10 12 1 10 12 1 10 12 1 10 10 7 12 1 1 10 12 1 1 1 1 1 1 1 1 1 1 1 1 1 7 1 1 1 1 1 1 1 1 1 1 1 1 1 1 1 1 1 1 1 1 1 1 1 1 1 1 1 1 1 1 1 1 1 1 1 1 1 1 1 1 1 1 1 1 1 1 1 1 1 1 1 1 1 1 1 1 1 1 1 1 1 1 1 1 1 100 1 1 1 1 1 1 1 1 1 1 1 1 1 1 1 1 1 1 1 1 1 1 1 1 1 1 1 1 1 1 1 1 1 100 1 1 1 1 1 1 1 1 1 1 1 1 1 1 1 1 1 1 1 1 1 1 1 1 1 1 7 1 1 1 1 1 1 1 100 1 1 1
staticfield java/lang/invoke/MethodHandleNatives $assertionsDisabled Z 1
ciInstanceKlass java/lang/invoke/MethodHandleNatives$CallSiteContext 1 1 49 10 7 12 1 1 1 7 1 10 10 7 12 1 1 1 10 7 12 1 1 1 10 7 12 1 1 1 100 1 1 1 1 1 1 1 1 1 1 1 1 1 1 1 1 1 100 1 1
ciInstanceKlass jdk/internal/foreign/abi/NativeEntryPoint 0 0 194 10 7 12 1 1 1 9 7 12 1 1 1 9 12 1 1 100 1 8 1 10 12 1 10 12 1 1 100 1 10 100 12 1 1 1 10 12 1 9 12 1 1 18 12 1 1 10 100 12 1 1 1 10 7 12 1 1 1 9 7 12 1 1 1 7 1 10 8 1 10 12 1 1 10 12 1 10 12 1 1 8 1 10 12 1 1 7 1 8 1 10 12 1 10 12 1 1 10 12 1 9 12 1 1 18 12 1 1 10 100 12 1 1 1 10 12 1 1 10 12 1 10 100 12 1 1 1 10 1 1 1 1 1 1 1 1 1 1 1 1 1 1 1 1 1 1 1 1 1 1 1 1 1 1 1 1 1 1 1 1 1 1 1 1 1 16 1 15 10 12 16 1 16 15 10 12 15 10 100 12 1 1 1 1 1 100 1 1 100 1 100 1 1
ciInstanceKlass jdk/internal/foreign/abi/ABIDescriptor 0 0 55 10 100 12 1 1 1 9 100 12 1 1 1 9 12 1 1 9 12 1 9 12 1 9 12 1 1 9 12 1 9 12 1 1 9 12 1 9 12 1 9 12 1 9 12 1 1 1 1 1 1 1 1 1 1
ciInstanceKlass jdk/internal/foreign/abi/VMStorage 0 0 91 10 7 12 1 1 1 9 7 12 1 1 1 9 12 1 1 9 12 1 1 9 12 1 1 7 1 10 8 1 10 12 1 1 10 12 1 10 12 1 1 10 12 1 18 12 1 18 12 1 1 18 12 1 1 1 1 1 1 1 1 1 1 1 1 1 1 1 1 1 1 1 8 1 15 15 15 15 15 10 100 12 1 1 1 1 100 1 100 1 1
ciInstanceKlass jdk/internal/foreign/abi/UpcallLinker$CallRegs 0 0 66 10 7 12 1 1 1 9 7 12 1 1 1 9 12 1 18 12 1 1 18 12 1 1 18 12 1 1 1 1 1 1 1 1 1 1 1 1 1 1 1 1 1 1 100 1 1 1 8 1 15 15 15 10 100 12 1 1 1 1 1 100 1 100 1 1
ciInstanceKlass java/lang/StackWalker 1 1 271 9 7 12 1 1 1 7 1 10 7 12 1 1 1 10 12 1 1 10 7 12 1 1 1 10 12 1 1 10 12 1 11 7 12 1 1 1 10 12 1 1 10 12 1 1 10 12 1 1 100 1 8 1 10 12 1 10 12 1 10 12 1 10 7 12 1 1 9 12 1 1 9 12 1 1 9 12 1 1 9 12 1 1 10 12 1 1 9 12 1 1 9 12 1 1 9 12 1 1 10 7 12 1 1 1 11 12 1 1 100 1 8 1 10 10 7 12 1 1 9 12 1 1 10 12 1 1 10 100 12 1 1 1 10 100 12 1 1 1 18 12 1 1 100 1 8 1 10 8 1 10 12 1 1 10 100 12 1 1 1 10 12 1 1 9 100 12 1 1 11 100 12 1 1 1 10 12 1 1 1 1 1 1 1 1 1 1 1 1 1 1 1 1 1 1 1 1 1 1 1 1 1 1 1 1 1 1 1 1 1 1 1 1 1 1 1 1 1 1 1 1 1 1 1 1 1 1 1 1 1 1 1 1 1 1 1 1 1 1 1 1 1 1 7 1 1 16 15 10 12 16 1 15 10 100 12 1 1 1 1 1 1 1 1 1 100 1 100 1 1
staticfield java/lang/StackWalker DEFAULT_EMPTY_OPTION Ljava/util/EnumSet; java/util/RegularEnumSet
staticfield java/lang/StackWalker DEFAULT_WALKER Ljava/lang/StackWalker; java/lang/StackWalker
ciInstanceKlass java/lang/StackWalker$StackFrame 0 0 41 100 1 10 12 1 1 100 1 100 1 1 1 1 1 1 1 1 1 1 1 1 1 1 1 1 1 1 1 1 1 1 1 1 1 1 1 100 1 1 1
instanceKlass java/lang/LiveStackFrameInfo
ciInstanceKlass java/lang/StackFrameInfo 0 0 142 10 7 12 1 1 1 9 7 12 1 1 1 9 7 1 9 12 1 1 11 100 12 1 1 1 9 12 1 1 11 12 1 1 10 12 1 1 10 7 12 1 1 1 10 12 1 11 12 1 11 12 1 1 11 12 1 10 12 1 1 9 12 1 1 10 12 1 1 10 7 12 1 1 10 12 1 1 11 12 1 1 9 12 1 1 10 7 1 10 12 1 9 12 1 1 10 12 1 1 100 1 8 1 10 12 1 10 100 12 1 1 1 7 1 1 1 1 1 1 1 1 1 1 1 1 1 1 1 1 1 1 7 1 1 7 1 1 1 1 1 1
ciInstanceKlass java/lang/LiveStackFrameInfo 0 0 97 10 7 12 1 1 1 9 7 12 1 1 1 9 12 1 9 12 1 9 12 1 9 12 1 1 7 1 10 12 1 1 10 12 1 8 1 10 12 1 1 8 1 8 1 8 1 10 100 1 10 12 1 100 1 10 12 1 7 1 7 1 1 1 3 1 3 1 1 1 1 1 1 1 1 1 1 1 1 1 1 1 1 1 1 1 1 1 1 1 1 1 1 1 100 1 1
ciInstanceKlass java/lang/LiveStackFrame 0 0 135 100 1 10 100 12 1 1 1 11 7 12 1 1 1 11 12 1 10 7 12 1 1 1 100 1 8 1 10 12 1 1 10 7 12 1 1 1 9 100 12 1 1 1 10 7 12 1 1 1 10 7 12 1 1 1 11 12 1 10 12 1 7 1 7 1 1 1 1 1 1 1 1 1 1 1 1 1 1 1 1 1 1 1 1 1 1 1 1 1 1 1 1 100 1 1 1 1 1 1 1 100 1 8 1 1 12 10 1 1 1 8 1 1 1 8 1 1 1 8 1 1 1 8 1 1 8 1 1 1 8 1 1 8 1
ciInstanceKlass java/lang/StackStreamFactory$AbstractStackWalker 1 0 375 100 1 7 1 3 10 7 12 1 1 1 10 7 12 1 1 10 7 12 1 1 1 9 12 1 1 10 12 1 1 9 12 1 1 9 12 1 1 9 12 1 1 9 12 1 10 7 12 1 1 1 10 12 1 1 10 7 12 1 1 9 12 1 1 9 12 1 1 10 12 1 1 9 100 12 1 1 1 10 12 1 1 10 12 1 9 12 1 1 10 100 12 1 1 1 10 12 1 1 9 12 1 1 9 7 12 1 1 1 7 1 10 8 1 10 12 1 1 10 12 1 8 1 10 12 1 1 10 100 12 1 1 1 100 1 8 1 10 12 1 8 1 10 12 10 100 12 1 1 9 12 1 8 1 5 0 8 1 8 1 9 12 1 1 10 12 1 1 18 12 1 1 10 7 12 1 1 1 10 12 1 1 10 12 1 10 12 1 9 12 1 10 12 1 10 12 1 10 12 1 10 12 1 10 12 1 10 12 1 1 8 1 10 12 1 10 12 1 10 12 1 10 12 1 1 8 1 10 12 1 1 10 12 1 1 10 12 1 1 10 12 1 10 12 1 10 100 12 1 1 1 10 12 1 10 12 1 9 12 1 8 1 10 12 1 10 12 1 10 12 1 1 10 12 1 10 12 1 10 12 1 1 10 12 1 10 12 1 10 12 1 10 12 1 10 12 1 10 12 1 1 10 12 1 1 10 12 1 8 1 1 1 1 1 1 1 1 1 1 1 1 1 7 1 1 1 1 1 1 1 7 1 1 1 1 7 1 1 1 1 1 1 1 1 1 1 1 1 1 1 1 1 1 1 1 16 15 15 10 100 12 1 1 1 1 1 1 1 1 100 1 100 1 1
ciInstanceKlass jdk/internal/module/Modules 1 1 504 10 7 12 1 1 1 9 7 12 1 1 1 11 7 12 1 1 1 11 12 1 1 11 12 1 1 11 12 1 1 11 12 1 11 12 1 11 12 1 11 12 1 11 12 1 1 10 7 12 1 1 1 10 100 12 1 1 1 18 12 1 1 10 7 12 1 1 1 7 1 10 7 12 1 1 1 10 100 12 1 1 1 10 100 12 1 1 10 12 1 1 11 12 1 9 12 1 1 11 100 12 1 1 1 10 12 1 1 10 10 12 1 10 9 12 1 1 10 100 12 1 1 10 12 1 1 10 100 12 1 1 100 1 11 100 12 1 1 1 10 100 12 1 1 1 11 100 12 1 1 10 12 1 1 10 100 12 1 1 10 100 12 1 1 1 10 12 1 1 10 12 1 1 11 12 1 1 18 12 1 1 11 100 12 1 1 10 100 12 1 1 1 11 100 12 1 1 1 7 1 11 12 1 1 11 7 12 1 1 1 11 12 1 1 10 12 1 1 10 100 12 1 1 18 12 1 1 11 12 1 1 18 12 1 1 11 12 1 1 10 12 1 18 18 10 12 1 1 9 12 1 1 11 7 12 1 1 1 100 1 10 11 12 1 11 12 1 1 11 12 1 1 10 100 1 10 12 1 1 10 100 12 1 1 10 12 1 1 11 12 10 12 1 1 7 1 10 18 12 1 10 12 1 1 7 1 8 1 10 12 1 10 100 12 1 1 18 12 1 11 11 12 10 12 1 10 10 100 1 18 12 1 10 10 10 7 12 1 1 10 7 12 1 1 1 10 12 1 1 1 1 1 1 1 1 1 1 1 1 1 1 1 1 1 1 1 1 1 1 1 1 1 1 1 1 1 1 1 1 1 100 1 1 1 1 1 1 1 1 1 1 1 1 1 1 1 1 1 1 1 1 1 1 1 1 1 1 1 1 1 1 1 1 1 1 1 7 1 1 1 1 1 1 1 1 1 1 1 1 1 1 1 1 1 1 1 1 1 1 1 16 15 10 12 1 16 16 15 10 12 1 16 1 16 1 15 10 12 1 16 1 16 1 15 10 12 16 1 15 10 16 1 15 10 12 16 1 15 10 12 16 15 10 12 16 15 10 12 15 10 100 12 1 1 1 1 1 1 100 1 100 1 1
staticfield jdk/internal/module/Modules JLA Ljdk/internal/access/JavaLangAccess; java/lang/System$2
staticfield jdk/internal/module/Modules JLMA Ljdk/internal/access/JavaLangModuleAccess; java/lang/module/ModuleDescriptor$1
staticfield jdk/internal/module/Modules $assertionsDisabled Z 1
instanceKlass org/apache/maven/artifact/versioning/ComparableVersion$ListItem
instanceKlass org/eclipse/sisu/bean/BeanScheduler$Pending
ciInstanceKlass java/util/ArrayList 1 1 509 10 7 12 1 1 1 7 1 9 7 12 1 1 1 9 12 1 100 1 7 1 10 8 1 10 12 1 1 10 12 1 10 12 1 1 10 12 1 9 12 1 11 7 12 1 1 1 9 12 1 1 11 12 1 1 7 10 7 12 1 1 1 9 12 1 10 12 1 10 12 1 1 10 7 12 1 1 1 10 7 12 1 1 1 10 12 1 1 10 12 1 1 10 12 1 1 10 12 1 10 12 1 1 100 1 7 1 10 12 1 10 10 7 12 1 1 1 10 7 12 1 1 10 12 1 100 1 10 10 12 10 12 1 1 10 12 1 1 10 12 1 10 12 10 12 1 1 7 1 10 12 1 1 10 12 1 1 10 12 1 100 1 10 11 12 1 1 11 7 12 1 1 1 11 12 1 10 12 1 10 12 1 10 12 1 1 100 1 10 12 1 1 10 10 12 1 1 10 12 1 8 1 8 1 8 1 8 1 10 12 1 1 10 12 1 1 11 12 1 7 1 10 100 12 1 1 10 12 1 10 12 1 1 10 100 12 1 1 10 12 1 10 100 12 1 1 1 11 100 12 1 1 1 10 12 1 100 1 8 1 10 7 1 10 12 1 7 1 10 12 1 10 12 1 1 7 1 10 12 1 10 12 1 1 11 7 12 1 1 7 1 10 12 1 10 12 1 1 11 7 12 1 1 10 12 1 1 10 12 1 1 10 12 1 1 10 12 1 1 11 100 12 1 1 10 12 1 1 7 1 7 1 7 1 1 1 1 5 0 1 3 1 1 1 1 1 1 1 1 1 1 1 1 1 1 1 1 1 1 1 1 1 1 1 1 1 1 1 1 1 1 1 1 1 1 1 1 1 1 1 1 1 1 1 1 1 1 1 1 1 1 1 1 1 1 1 1 1 1 1 1 1 1 1 1 1 1 1 1 1 1 1 1 1 1 1 1 1 1 1 1 1 1 1 1 1 1 1 1 1 1 1 1 1 1 1 1 1 1 1 1 1 1 1 1 100 1 1 1 1 7 1 1 1 1 1 1 1 1 1 1 1 1 1 1 1 1 1 1 1 1 1 1 1 1 1 1 1 1 1 100 1 1 1 1 1 1 1 1 1 1 1 1 1 1 1 1 1 1 100 1 100 1 1 1 1 1 1
staticfield java/util/ArrayList EMPTY_ELEMENTDATA [Ljava/lang/Object; 0 [Ljava/lang/Object;
staticfield java/util/ArrayList DEFAULTCAPACITY_EMPTY_ELEMENTDATA [Ljava/lang/Object; 0 [Ljava/lang/Object;
ciInstanceKlass java/util/RandomAccess 1 0 7 100 1 100 1 1 1
instanceKlass java/nio/MappedByteBuffer
instanceKlass java/nio/HeapByteBuffer
ciInstanceKlass java/nio/ByteBuffer 1 1 446 10 7 12 1 1 1 9 7 12 1 1 1 10 7 12 1 1 1 9 12 1 1 9 12 1 9 12 1 1 9 12 1 1 10 12 1 10 12 1 7 1 10 12 1 10 12 1 1 7 1 10 12 1 10 12 1 100 1 100 1 10 12 1 10 12 1 1 10 7 12 1 1 1 10 12 1 1 10 12 1 100 1 10 10 12 1 1 10 12 1 10 12 1 10 12 100 1 5 0 9 12 1 1 9 12 1 9 12 1 1 10 12 1 1 10 12 1 1 10 7 12 1 1 1 10 7 12 1 1 1 10 12 1 10 12 1 1 10 12 1 1 100 1 10 100 1 10 10 12 1 1 9 12 1 10 12 1 100 1 10 10 12 1 10 12 1 10 12 10 12 1 9 12 100 1 10 10 12 1 10 12 10 12 1 1 10 12 1 10 12 1 10 12 1 10 12 1 7 1 10 10 7 12 1 1 1 10 7 12 1 1 1 10 12 1 1 8 1 10 12 1 8 1 8 1 10 12 1 8 1 10 12 1 10 7 12 1 1 1 10 7 12 1 1 1 10 12 1 1 10 7 1 9 12 1 8 1 10 12 1 8 1 8 1 10 10 12 1 10 12 1 1 10 12 1 1 10 12 10 12 1 1 10 12 10 12 10 12 10 12 10 12 10 12 10 12 1 1 10 12 1 9 12 1 1 7 10 7 12 1 1 1 7 1 1 1 1 1 1 1 1 1 1 1 1 100 1 1 1 1 1 1 1 1 1 1 1 1 1 1 1 1 1 1 1 1 1 7 1 1 1 1 1 1 1 1 1 1 1 1 1 1 1 1 1 1 1 1 1 1 1 1 1 1 1 1 1 1 1 1 1 1 1 1 1 1 1 1 1 1 1 1 1 1 1 1 1 1 1 1 1 1 1 1 1 1 1 1 1 1 1 1 1 1 1 1 1 1 1 1 1 1 1 1 1 1 1 1 1 1 1 1 1 1 1 1 1 1 1 1 1 1 1 100 1
staticfield java/nio/ByteBuffer ARRAY_BASE_OFFSET J 16
staticfield java/nio/ByteBuffer $assertionsDisabled Z 1
ciMethod java/nio/ByteBuffer position (I)Ljava/nio/Buffer; 1024 0 43624 0 200
ciMethod java/nio/ByteBuffer limit (I)Ljava/nio/Buffer; 512 0 5412 0 216
ciMethod java/nio/ByteBuffer isDirect ()Z 0 0 1 0 -1
ciMethod java/nio/ByteBuffer hasArray ()Z 1024 0 25298 0 128
ciMethod java/nio/ByteBuffer arrayOffset ()I 1024 0 95148 0 128
ciMethod java/nio/ByteBuffer reset ()Ljava/nio/ByteBuffer; 514 0 3604 0 0
ciMethod java/nio/ByteBuffer get ()B 0 0 1 0 -1
ciMethod java/nio/ByteBuffer get ([BII)Ljava/nio/ByteBuffer; 1024 0 3698 0 -1
ciMethod java/nio/ByteBuffer put (Ljava/nio/ByteBuffer;)Ljava/nio/ByteBuffer; 512 0 5553 0 -1
ciMethod java/nio/ByteBuffer put ([BII)Ljava/nio/ByteBuffer; 122 0 61 0 -1
ciMethod java/nio/ByteBuffer put (B)Ljava/nio/ByteBuffer; 0 0 1 0 -1
ciMethod java/nio/ByteBuffer getInt ()I 0 0 1 0 -1
ciMethod java/nio/ByteBuffer position (I)Ljava/nio/ByteBuffer; 1024 0 55365 0 176
ciMethod java/nio/ByteBuffer limit (I)Ljava/nio/ByteBuffer; 512 0 11892 0 192
ciMethod java/nio/ByteBuffer mark ()Ljava/nio/ByteBuffer; 512 0 4758 0 0
ciMethod java/nio/ByteBuffer flip ()Ljava/nio/ByteBuffer; 768 0 10098 0 -1
ciMethod java/nio/ByteBuffer duplicate ()Ljava/nio/ByteBuffer; 0 0 1 0 -1
ciMethod java/nio/ByteBuffer <init> (IIII[BILjava/lang/foreign/MemorySegment;)V 518 0 6915 0 704
ciMethod java/nio/ByteBuffer wrap ([BII)Ljava/nio/ByteBuffer; 522 0 7445 0 672
ciMethod java/nio/ByteBuffer wrap ([B)Ljava/nio/ByteBuffer; 522 0 3674 0 -1
ciMethod java/nio/ByteBuffer array ()[B 1024 0 55141 0 128
ciMethod java/nio/ByteBuffer allocate (I)Ljava/nio/ByteBuffer; 50 0 1906 0 -1
ciMethod java/nio/ByteBuffer order (Ljava/nio/ByteOrder;)Ljava/nio/ByteBuffer; 514 0 4489 0 0
ciInstanceKlass java/lang/annotation/Annotation 1 0 17 100 1 100 1 1 1 1 1 1 1 1 1 1 1 1 1
ciInstanceKlass java/util/function/BiFunction 1 1 65 10 100 12 1 1 1 18 12 1 1 11 7 12 1 1 11 100 12 1 7 1 1 1 1 1 1 1 1 1 1 1 1 1 1 1 1 1 1 1 1 1 1 1 1 1 1 1 16 15 11 12 15 10 100 12 1 1 1 1 100 1 100 1 1
ciInstanceKlass java/lang/invoke/VarHandle$AccessDescriptor 1 1 61 10 7 12 1 1 1 9 7 12 1 1 1 10 7 12 1 1 1 9 12 1 7 1 7 1 10 12 1 1 9 12 1 10 12 1 1 9 12 1 9 12 1 1 9 12 1 1 1 1 1 1 1 1 1 1 1 1 1 1 1
ciInstanceKlass java/lang/invoke/VarForm 1 1 194 100 1 10 7 12 1 1 1 9 7 12 1 1 1 7 1 9 7 12 1 1 1 9 7 1 7 1 9 12 1 1 9 12 1 1 10 12 1 1 7 1 10 7 12 1 1 1 7 1 10 12 1 1 10 12 1 1 10 12 1 1 9 12 1 1 10 12 1 1 9 12 1 10 12 1 1 9 12 1 9 7 12 1 1 10 12 1 1 9 12 1 9 12 1 9 7 1 10 12 1 1 100 1 10 10 12 1 1 10 12 1 1 9 12 1 7 1 10 12 1 1 9 7 12 1 1 1 10 12 1 1 10 12 1 9 12 1 10 12 1 1 1 1 1 1 1 1 1 1 1 1 1 1 1 1 1 1 1 1 100 1 1 1 1 1 1 1 1 1 1 1 1 1 1 1 1 1 1 1 1 100 1 1 1 1 100 1 1 1 1 100 1 1
ciMethod java/lang/invoke/VarForm getMemberName (I)Ljava/lang/invoke/MemberName; 1024 0 133966 0 -1
ciMethod java/lang/invoke/VarForm resolveMemberName (I)Ljava/lang/invoke/MemberName; 40 0 20 0 -1
ciMethod java/lang/invoke/VarForm getMethodType_V (I)Ljava/lang/invoke/MethodType; 0 0 1 0 -1
ciInstanceKlass java/lang/invoke/VarHandleGuards 1 1 746 10 100 12 1 1 1 10 7 12 1 1 1 9 12 1 1 9 7 12 1 1 1 9 7 12 1 1 1 9 12 1 1 9 12 1 10 12 1 1 10 7 12 1 1 1 9 12 1 1 10 7 12 1 1 1 10 12 1 1 9 12 1 10 12 1 1 10 12 1 1 10 12 1 1 10 12 1 10 12 1 1 10 12 1 10 12 1 10 12 1 10 12 1 10 12 1 10 12 1 10 12 1 10 12 1 10 12 1 10 12 1 10 12 1 10 12 1 10 12 1 10 12 1 10 12 1 10 12 1 10 12 1 10 12 1 10 12 1 10 12 1 10 12 1 10 12 1 10 12 1 10 12 1 10 12 1 10 12 1 10 12 1 10 12 1 10 12 1 10 12 1 10 12 1 10 12 1 10 12 1 10 12 1 10 12 1 10 12 1 10 12 1 10 12 1 10 12 1 10 12 1 10 12 1 10 12 1 10 12 1 10 12 1 10 12 1 10 12 1 10 12 1 10 12 1 10 12 1 10 12 1 10 12 1 10 12 1 10 12 1 10 12 1 10 12 1 10 12 1 10 12 1 10 12 1 10 12 1 10 12 1 10 12 1 10 12 1 10 12 1 10 12 1 10 12 1 10 12 1 10 12 1 10 12 1 10 12 1 10 12 1 10 12 1 10 12 1 10 12 1 10 12 1 10 12 1 10 12 1 10 12 1 10 12 1 10 12 1 10 12 1 10 12 1 10 12 1 10 12 1 10 12 1 10 12 1 10 12 1 10 12 1 10 12 1 10 12 1 10 12 1 10 12 1 10 12 1 10 12 1 10 12 1 10 12 1 10 12 1 10 12 1 10 12 1 10 12 1 10 12 1 10 12 1 10 12 1 10 12 1 10 12 1 10 12 1 10 12 1 10 12 1 10 12 1 10 12 1 10 12 1 10 12 1 10 12 1 10 12 1 10 12 1 10 12 1 10 12 1 10 12 1 10 12 1 10 12 1 10 12 1 10 12 1 10 12 1 10 12 1 10 12 1 10 12 1 10 12 1 10 12 1 10 12 1 10 12 1 10 12 1 10 12 1 10 12 1 10 12 1 10 12 1 10 12 1 10 12 1 10 12 1 10 12 1 10 12 1 10 12 1 10 12 1 10 12 1 10 12 1 10 12 1 10 12 1 10 12 1 10 12 1 10 12 1 10 12 1 10 12 1 10 12 1 10 12 1 10 12 1 10 12 1 10 12 1 100 1 1 1 1 1 1 1 1 1 1 1 1 1 1 1 1 1 1 1 1 1 100 1 1 1 1 1 1 1 1 1 1 1 1 1 1 1 1 1 1 1 1 1 1 1 1 1 1 1 1 1 1 1 1 1 1 1 1 1 1 1 1 1 1 1 1 1 1 1 1 1 1 1 1 1 1 1 1 1 1 1 1 1 1 1 1 1 1 1 1 1 1 1 1 1 1 1 1 1 1 1 1 1 1 1 1 1 1 1 1 1 1 1 1 1 1 1 1 1 1 1 1 1 1 1 1 1 1 1 1 1 1 1 1 1 1 1 1 1 1 1 1 1 1 1 1 1 1 1 1 1 1 1 1 1 1 1 1 1 1 1 1 1 1 1 1 1 1 1 1 1 1 1 1 1 1 1 1 1 1 1 1 1 1 1 1 1 1 1 1 1 1 1 100 1 100 1 1
ciMethod java/lang/invoke/VarHandleGuards guard_LIJ_V (Ljava/lang/invoke/VarHandle;Ljava/lang/Object;IJLjava/lang/invoke/VarHandle$AccessDescriptor;)V 548 0 6560 0 -1
instanceKlass java/lang/invoke/VarHandleByteArrayAsLongs$ArrayHandle
ciInstanceKlass java/lang/invoke/VarHandleByteArrayAsLongs$ByteArrayViewVarHandle 1 1 36 10 7 12 1 1 1 9 7 12 1 1 1 1 1 1 1 1 1 1 1 1 1 1 1 100 1 1 100 1 100 1 1 1 1 1
ciInstanceKlass sun/nio/ch/DirectBuffer 1 1 13 100 1 100 1 1 1 1 1 1 1 1 1
ciMethod sun/nio/ch/DirectBuffer attachment ()Ljava/lang/Object; 0 0 1 0 -1
ciMethod sun/nio/ch/DirectBuffer address ()J 0 0 1 0 -1
ciInstanceKlass jdk/internal/access/JavaNioAccess 1 0 47 100 1 100 1 1 1 1 1 1 1 1 1 1 1 1 1 1 1 1 1 1 1 1 1 1 1 1 1 1 1 1 1 1 1 1 1 1 1 1 1 1 100 1 100 1 1
ciMethod jdk/internal/access/JavaNioAccess acquireSession (Ljava/nio/Buffer;)V 0 0 1 0 -1
ciMethod jdk/internal/access/JavaNioAccess releaseSession (Ljava/nio/Buffer;)V 0 0 1 0 -1
ciInstanceKlass jdk/internal/util/Preconditions$4 1 1 61 9 7 12 1 1 1 10 7 12 1 1 1 10 100 12 1 1 1 11 100 12 1 1 1 100 1 100 1 100 1 10 12 1 100 1 1 1 1 1 1 1 1 1 1 1 1 1 1 1 1 1 1 1 1 1 12 1 1 1 1
ciInstanceKlass java/nio/ByteOrder 1 1 50 10 7 12 1 1 1 9 7 12 1 1 1 9 12 1 1 8 1 10 12 1 9 12 8 1 9 12 10 7 12 1 1 1 10 12 1 1 1 1 1 1 1 1 1 1 1 1 1 1
staticfield java/nio/ByteOrder BIG_ENDIAN Ljava/nio/ByteOrder; java/nio/ByteOrder
staticfield java/nio/ByteOrder LITTLE_ENDIAN Ljava/nio/ByteOrder; java/nio/ByteOrder
staticfield java/nio/ByteOrder NATIVE_ORDER Ljava/nio/ByteOrder; java/nio/ByteOrder
ciMethod java/nio/ByteOrder nativeOrder ()Ljava/nio/ByteOrder; 512 0 11286 0 88
ciInstanceKlass java/nio/HeapByteBuffer 1 1 360 10 7 12 1 1 1 9 7 12 1 1 1 9 12 1 9 12 1 10 12 1 1 10 12 1 9 12 1 1 9 12 1 1 9 12 1 1 10 12 1 10 7 12 1 1 1 10 12 1 10 12 1 100 1 10 10 12 1 10 12 1 1 10 12 1 10 12 1 1 100 1 10 12 10 7 12 1 1 1 10 12 1 10 12 1 100 1 10 10 12 1 1 10 12 1 9 12 1 1 100 1 10 10 12 10 12 1 9 12 1 1 10 12 1 1 10 12 10 12 1 1 9 12 1 10 7 12 1 1 1 10 12 1 10 12 10 12 1 1 100 1 10 12 1 7 1 10 10 12 1 1 10 12 1 1 100 1 10 100 1 10 10 12 1 1 10 12 1 1 100 1 10 100 1 10 10 12 1 1 10 12 1 1 100 1 10 100 1 10 10 100 12 1 1 1 10 12 1 1 100 1 10 100 1 10 10 100 12 1 1 1 10 12 1 1 100 1 10 100 1 10 10 12 1 1 10 12 1 1 10 12 10 7 12 1 1 1 9 12 1 1 7 10 7 12 1 1 1 10 12 1 1 1 1 1 1 1 1 1 1 1 1 1 1 1 1 1 1 1 1 1 1 1 1 1 1 1 1 1 1 1 1 1 1 1 1 1 1 1 1 1 1 1 1 1 1 1 1 1 1 1 100 1 1 1 1 1 1 1 1 1 1 100 1 1 1 1 1 100 1 1 1 1 1 1 1 1 1 100 1 1 1 1 1 1 1 1 1 1 100 1 1 1 1 1 1 1 1 1 1 100 1 1 1 1 1 1 1 1
staticfield java/nio/HeapByteBuffer ARRAY_BASE_OFFSET J 16
staticfield java/nio/HeapByteBuffer ARRAY_INDEX_SCALE J 1
staticfield java/nio/HeapByteBuffer $assertionsDisabled Z 1
ciMethod java/nio/HeapByteBuffer isDirect ()Z 258 0 129 0 0
ciMethod java/nio/HeapByteBuffer isReadOnly ()Z 258 0 129 0 0
ciMethod java/nio/HeapByteBuffer get ()B 940 0 5596 0 176
ciMethod java/nio/HeapByteBuffer get ([BII)Ljava/nio/ByteBuffer; 786 0 2450 0 0
ciMethod java/nio/HeapByteBuffer put ([BII)Ljava/nio/ByteBuffer; 444 0 222 0 0
ciMethod java/nio/HeapByteBuffer getInt ()I 1024 0 7729 0 208
ciMethod java/nio/HeapByteBuffer duplicate ()Ljava/nio/ByteBuffer; 514 0 3513 0 0
ciMethod java/nio/HeapByteBuffer ix (I)I 512 0 25305 0 88
ciMethod java/nio/HeapByteBuffer <init> ([BIIIIILjava/lang/foreign/MemorySegment;)V 512 0 4695 0 0
ciMethod java/nio/HeapByteBuffer <init> ([BIILjava/lang/foreign/MemorySegment;)V 522 0 7445 0 888
ciMethod java/nio/HeapByteBuffer byteOffset (J)J 514 0 67321 0 88
instanceKlass sun/security/ssl/HandshakeOutStream
instanceKlass sun/security/ssl/OutputRecord
instanceKlass sun/security/util/DerOutputStream
ciInstanceKlass java/io/ByteArrayOutputStream 1 1 145 10 7 12 1 1 1 10 7 12 1 1 100 1 7 1 10 8 1 10 12 1 1 10 12 1 10 12 1 1 10 12 1 9 12 1 1 10 7 12 1 1 1 10 7 12 1 1 1 9 12 1 1 10 12 1 10 7 12 1 1 10 7 12 1 1 1 10 12 1 1 10 7 12 1 1 1 10 12 1 1 10 12 1 10 7 1 10 12 10 12 1 10 12 1 10 12 1 1 1 1 1 1 1 1 1 1 1 1 1 1 1 1 1 1 1 1 7 1 7 1 100 1 100 1 1 1 1 1 1 1 1 100 1 1 1 1 1 1 1 1 1 1 1 1
ciMethod java/io/ByteArrayOutputStream size ()I 438 0 219 0 0
ciMethod java/io/ByteArrayOutputStream toByteArray ()[B 468 0 1685 0 0
ciInstanceKlass java/lang/invoke/VarHandleByteArrayAsLongs$ArrayHandle 1 1 294 100 1 10 7 12 1 1 1 9 12 1 1 10 7 12 1 1 10 12 1 1 9 12 1 1 7 1 9 7 12 1 1 1 7 1 9 7 1 10 7 12 1 1 1 9 7 12 1 1 1 10 12 1 1 9 7 12 1 1 1 5 0 10 100 12 1 1 1 9 7 12 1 1 1 10 12 1 1 10 12 1 1 10 12 1 1 10 12 1 1 10 12 1 1 10 12 1 1 10 12 1 1 10 12 1 10 12 1 10 12 1 10 12 1 10 12 1 1 10 12 1 1 10 12 1 10 12 1 10 12 1 10 12 1 10 12 1 10 12 1 10 12 1 1 10 12 1 10 12 1 9 12 1 10 12 1 10 12 1 1 10 12 1 10 12 1 10 12 1 1 10 12 1 10 12 1 10 12 1 10 12 1 10 12 1 10 12 1 10 12 1 10 12 1 10 12 1 10 12 1 10 12 1 10 12 1 10 12 1 1 10 12 1 7 1 10 12 1 1 1 1 1 1 1 1 1 1 1 1 1 1 1 1 1 1 1 1 1 1 1 1 1 1 1 1 1 1 1 1 1 1 1 1 1 1 1 1 1 1 1 1 1 1 1 1 1 1 1 1 1 1 1 1 1 1 1 1 1 1 1 1 1 1 1 1 1 1 1 1 1 100 1 1
staticfield java/lang/invoke/VarHandleByteArrayAsLongs$ArrayHandle FORM Ljava/lang/invoke/VarForm; java/lang/invoke/VarForm
ciMethod java/lang/invoke/VarHandleByteArrayAsLongs$ArrayHandle index ([BI)I 836 0 31639 0 -1
ciMethod java/lang/invoke/VarHandleByteArrayAsLongs$ArrayHandle set (Ljava/lang/invoke/VarHandle;Ljava/lang/Object;IJ)V 768 0 6555 0 -1
ciInstanceKlass java/nio/HeapCharBuffer 1 1 253 10 7 12 1 1 1 9 7 12 1 1 1 9 12 1 9 12 1 10 12 1 1 10 12 1 9 12 1 1 9 12 1 1 9 12 1 1 10 12 1 10 100 12 1 1 1 10 12 1 10 12 1 100 1 10 10 12 1 10 12 1 1 10 12 1 10 12 1 1 100 1 10 12 10 7 12 1 1 1 10 12 1 10 12 1 100 1 10 10 12 1 1 10 12 1 11 100 12 1 1 10 12 1 7 1 10 12 1 1 100 1 10 100 1 10 10 12 1 1 10 12 1 1 10 12 10 9 12 1 1 100 1 10 10 12 10 12 1 10 12 1 100 1 100 1 10 10 7 12 1 1 1 10 12 1 10 10 10 12 1 1 10 12 1 1 10 12 1 10 12 10 7 12 1 1 1 9 12 1 1 7 10 7 12 1 1 1 10 12 1 1 1 1 1 1 1 1 1 1 1 1 1 1 1 1 1 1 1 1 1 1 1 1 1 1 1 1 1 1 1 1 1 1 1 1 1 1 1 1 1 1 1 1 1 1 1 1 1 1 1 1 100 1 1 1 1 1 1 1 1 1 1
staticfield java/nio/HeapCharBuffer ARRAY_BASE_OFFSET J 16
staticfield java/nio/HeapCharBuffer ARRAY_INDEX_SCALE J 2
staticfield java/nio/HeapCharBuffer $assertionsDisabled Z 1
ciMethod java/lang/invoke/VarHandle getMethodHandle (I)Ljava/lang/invoke/MethodHandle; 0 0 1 0 -1
ciMethod java/lang/invoke/VarHandle throwWrongMethodTypeException (Ljava/lang/invoke/VarHandle$AccessDescriptor;)V 0 0 1 0 -1
ciMethod java/lang/invoke/VarHandle accessModeType (I)Ljava/lang/invoke/MethodType; 0 0 85028 0 -1
ciMethod java/lang/invoke/MethodHandle asType (Ljava/lang/invoke/MethodType;)Ljava/lang/invoke/MethodHandle; 76 0 1930 0 -1
ciMethod jdk/internal/util/Preconditions outOfBoundsCheckFromIndexSize (Ljava/util/function/BiFunction;III)Ljava/lang/RuntimeException; 0 0 1 0 -1
ciMethod jdk/internal/util/Preconditions checkFromIndexSize (IIILjava/util/function/BiFunction;)I 546 0 129506 0 168
ciMethod jdk/internal/util/Preconditions checkIndex (IILjava/util/function/BiFunction;)I 1024 0 5811 0 -1
ciMethod java/lang/Integer reverseBytes (I)I 988 0 8676 0 -1
ciMethod java/util/Arrays fill ([BIIB)V 20 608 29 0 -1
ciMethod java/util/Arrays fill ([BB)V 2 126 1259 0 -1
ciMethod java/util/Arrays copyOf ([BI)[B 122 0 5188 0 920
ciMethod java/lang/Math subtractExact (II)I 770 0 1259 0 -1
ciMethod java/lang/Math min (II)I 802 0 132676 0 -1
ciMethod jdk/internal/misc/Unsafe convEndian (ZJ)J 1024 0 12492 0 0
ciMethod jdk/internal/misc/Unsafe convEndian (ZI)I 1024 0 16204 0 0
ciMethod jdk/internal/misc/Unsafe setMemory (JJB)V 30 0 56 0 -1
ciMethod jdk/internal/misc/Unsafe getUnsafe ()Ljdk/internal/misc/Unsafe; 96 0 49 0 -1
ciMethod jdk/internal/misc/Unsafe putLongUnaligned (Ljava/lang/Object;JJ)V 768 0 384 0 -1
ciMethod jdk/internal/misc/Unsafe putLongUnaligned (Ljava/lang/Object;JJZ)V 768 0 5510 0 152
ciMethod jdk/internal/misc/Unsafe getIntUnaligned (Ljava/lang/Object;JZ)I 1024 0 14064 0 120
ciMethod jdk/internal/misc/Unsafe getIntUnaligned (Ljava/lang/Object;J)I 632 0 1721 0 -1
ciMethod java/lang/Object <init> ()V 1024 0 1371749 0 136
instanceKlass java/nio/file/ReadOnlyFileSystemException
instanceKlass com/google/common/cache/CacheLoader$UnsupportedLoadingOperationException
ciInstanceKlass java/lang/UnsupportedOperationException 1 1 34 10 7 12 1 1 1 10 12 1 10 12 1 10 12 1 100 1 1 1 1 5 0 1 1 1 1 1 1 1 1 1 1 1
instanceKlass org/objectweb/asm/MethodTooLargeException
instanceKlass org/objectweb/asm/ClassTooLargeException
instanceKlass java/lang/ArrayIndexOutOfBoundsException
instanceKlass java/lang/StringIndexOutOfBoundsException
ciInstanceKlass java/lang/IndexOutOfBoundsException 0 0 49 10 100 12 1 1 1 10 12 1 100 1 10 8 1 10 12 1 1 10 12 1 10 12 1 1 10 12 1 100 1 1 1 1 5 0 1 1 1 1 1 1 1 1 1 1 1 1 1
ciInstanceKlass java/lang/foreign/MemorySegment 0 0 449 10 100 12 1 1 1 11 100 12 1 1 1 11 12 1 11 100 12 1 1 1 11 11 12 1 1 11 12 1 1 10 100 12 1 1 1 9 100 12 1 1 1 10 100 12 1 1 1 11 12 1 11 100 12 1 1 1 10 100 12 1 1 1 10 100 12 1 1 1 10 100 12 1 1 1 10 100 12 1 1 10 100 12 1 1 10 100 12 1 1 10 100 12 1 1 10 100 12 1 1 10 100 12 1 1 10 100 12 1 1 1 9 100 12 1 1 1 11 12 1 10 100 1 10 12 1 1 10 100 12 1 1 1 10 12 1 1 100 1 10 10 12 1 10 12 1 100 1 10 10 12 1 10 12 1 100 1 10 10 12 1 10 12 1 100 1 10 10 12 1 10 12 1 100 1 10 10 12 1 10 12 1 100 1 10 10 12 1 10 12 1 100 1 10 10 12 1 10 12 1 100 1 10 10 12 1 10 12 1 8 1 10 12 1 1 11 100 1 11 100 1 11 100 1 11 100 1 11 100 1 11 100 1 11 100 1 11 100 1 11 100 1 10 12 1 10 12 1 10 10 12 1 1 9 12 1 1 100 1 1 1 1 1 1 1 1 1 1 1 1 1 1 1 1 1 1 1 1 1 1 1 1 1 1 1 1 1 1 1 1 1 1 1 1 1 1 1 1 1 1 1 1 1 1 1 1 1 1 1 1 1 1 1 1 1 1 1 1 1 1 1 1 1 1 1 1 1 1 1 1 1 1 1 1 1 1 1 1 1 1 1 1 1 1 1 1 1 1 1 1 1 1 1 1 1 1 1 1 1 1 1 1 1 1 1 1 1 1 1 1 1 1 1 1 1 1 1 1 1 1 1 1 1 1 1 1 1 1 1 1 1 1 1 1 1 1 1 1 1 1 1 1 1 1 1 1 1 1 1 1 1 1 1 1 1 1 1 100 1 1 1 100 1 1 1 1 1 1 1 1 100 1 1 1 1 1 1 1 1 1 1 1 1 100 1 100 1 1
ciInstanceKlass java/lang/foreign/MemorySegment$Scope 0 0 31 100 1 100 1 1 1 1 1 1 1 1 1 1 1 1 1 1 1 100 1 1 100 1 1 1 100 1 100 1 1
ciInstanceKlass jdk/internal/foreign/MemorySessionImpl 0 0 326 100 1 100 1 10 12 1 1 11 100 12 1 1 1 100 1 10 100 12 1 1 1 10 12 1 1 9 12 1 1 10 100 12 1 1 1 10 12 1 1 100 1 10 12 1 1 10 12 1 9 12 1 1 10 100 12 1 1 10 100 12 1 9 12 1 1 100 1 10 12 1 100 1 10 100 1 10 12 1 10 100 12 1 1 1 10 100 12 1 1 1 10 12 1 11 100 12 1 1 10 12 1 10 100 12 1 1 1 9 12 1 1 9 12 1 10 12 1 100 1 10 12 1 1 100 1 10 12 1 1 100 1 10 10 12 1 10 100 1 10 12 1 100 1 8 1 10 12 1 8 1 10 12 1 1 10 100 12 1 1 1 8 1 100 1 8 1 10 100 1 8 1 10 9 12 1 1 18 12 1 1 10 12 1 18 10 100 12 1 1 1 8 9 12 1 1 10 100 12 1 1 1 9 12 1 1 100 1 100 1 10 12 1 100 1 1 1 3 1 3 1 3 1 3 1 1 1 1 1 1 1 1 1 1 1 1 1 1 1 1 1 1 1 1 1 1 1 1 1 1 1 1 1 1 1 1 1 1 1 1 1 1 1 1 1 1 1 1 1 1 1 1 1 1 1 1 1 1 1 1 1 1 1 1 1 1 1 1 1 1 1 1 1 1 100 1 100 1 1 1 16 15 10 12 16 15 10 12 15 10 100 12 1 1 1 1 100 1 1 1 1 100 1 1 1
ciInstanceKlass java/security/ProviderException 1 0 35 10 100 12 1 1 1 10 12 1 10 12 1 10 12 1 100 1 1 1 1 5 0 1 1 1 1 1 1 1 1 1 1 1 1
instanceKlass com/sun/crypto/provider/ChaCha20Cipher
instanceKlass com/sun/crypto/provider/GaloisCounterMode
instanceKlass com/sun/crypto/provider/AESCipher
instanceKlass com/sun/crypto/provider/DESedeCipher
instanceKlass com/sun/crypto/provider/DESCipher
instanceKlass com/sun/crypto/provider/ARCFOURCipher
ciInstanceKlass javax/crypto/CipherSpi 1 1 193 10 7 12 1 1 1 10 100 12 1 1 1 100 1 100 1 100 1 8 1 10 12 1 10 100 12 1 1 1 100 1 8 1 10 10 100 12 1 1 1 10 12 1 10 12 1 1 10 12 1 100 1 100 1 10 8 1 10 12 1 1 10 12 1 8 1 10 12 1 1 10 10 12 1 1 10 12 1 1 10 12 1 10 12 1 1 10 12 1 10 12 1 1 10 12 1 10 12 1 10 12 10 12 1 10 12 1 10 12 1 100 1 10 8 1 10 1 1 1 1 1 1 1 100 1 1 100 1 1 1 1 1 1 1 100 1 1 100 1 1 1 1 1 1 1 1 1 100 1 1 1 1 1 1 1 1 1 1 1 1 1 1 1 1 1 1 1 1 1 1 1 100 1 1 1 1 1 1 1 1 1 1 1 1 1 1 1 1 1 1 1 1
instanceKlass com/sun/crypto/provider/AESCrypt
instanceKlass com/sun/crypto/provider/DESCrypt
ciInstanceKlass com/sun/crypto/provider/SymmetricCipher 1 1 26 10 7 12 1 1 1 100 1 1 1 1 1 1 1 1 1 1 1 100 1 1 1 1 1 1
instanceKlass com/sun/crypto/provider/CounterMode
instanceKlass com/sun/crypto/provider/CipherBlockChaining
instanceKlass com/sun/crypto/provider/ElectronicCodeBook
ciInstanceKlass com/sun/crypto/provider/FeedbackCipher 1 1 70 10 7 12 1 1 1 9 7 12 1 1 1 10 7 12 1 1 1 9 12 1 1 9 12 1 1 10 12 1 1 10 12 1 1 1 1 1 1 1 1 1 1 1 1 1 1 1 1 100 1 100 1 1 1 1 1 1 1 1 1 1 100 1 100 1 1 1 1 1
ciInstanceKlass com/sun/crypto/provider/AESConstants 1 1 19 9 7 12 1 1 1 100 1 1 1 1 3 1 1 1 1 1 1
staticfield com/sun/crypto/provider/AESConstants AES_KEYSIZES [I 3
ciInstanceKlass com/sun/crypto/provider/AESCrypt 1 1 2262 10 7 12 1 1 1 9 7 12 1 1 1 9 12 1 9 12 1 1 9 12 1 1 9 12 1 1 9 12 1 1 100 1 8 1 10 7 12 1 1 1 8 1 100 1 8 1 10 12 1 8 1 10 7 12 1 1 1 10 12 1 1 10 7 12 1 1 1 10 7 12 1 1 9 12 1 10 12 1 1 9 12 1 9 12 1 9 12 1 9 12 1 9 12 1 10 12 1 9 12 1 9 12 1 9 12 1 9 12 1 9 12 1 10 12 1 1 100 1 10 8 1 10 12 1 1 10 12 1 8 1 10 12 1 1 10 12 1 1 9 12 1 9 12 1 9 12 1 9 12 1 9 12 1 10 7 12 1 1 1 10 12 1 7 3 3 3 3 3 3 3 3 3 3 3 3 3 3 3 3 3 3 3 3 3 3 3 3 3 3 3 3 3 3 3 3 3 3 3 3 3 3 3 3 3 3 3 3 3 3 3 3 3 3 3 3 3 3 3 3 3 3 3 3 3 3 3 3 3 3 3 3 3 3 3 3 3 3 3 3 3 3 3 3 3 3 3 3 3 3 3 3 3 3 3 3 3 3 3 3 3 3 3 3 3 3 3 3 3 3 3 3 3 3 3 3 3 3 3 3 3 3 3 3 3 3 3 3 3 3 3 3 3 3 3 3 3 3 3 3 3 3 3 3 3 3 3 3 3 3 3 3 3 3 3 3 3 3 3 3 3 3 3 3 3 3 3 3 3 3 3 3 3 3 3 3 3 3 3 3 3 3 3 3 3 3 3 3 3 3 3 3 3 3 3 3 3 3 3 3 3 3 3 3 3 3 3 3 3 3 3 3 3 3 3 3 3 3 3 3 3 3 3 3 3 3 3 3 3 3 3 3 3 3 3 3 3 3 3 3 3 3 3 3 3 3 3 3 3 3 3 3 3 3 3 3 3 3 3 3 3 3 3 3 3 3 3 3 3 3 3 3 3 3 3 3 3 3 3 3 3 3 3 3 3 3 3 3 3 3 3 3 3 3 3 3 3 3 3 3 3 3 3 3 3 3 3 3 3 3 3 3 3 3 3 3 3 3 3 3 3 3 3 3 3 3 3 3 3 3 3 3 3 3 3 3 3 3 3 3 3 3 3 3 3 3 3 3 3 3 3 3 3 3 3 3 3 3 3 3 3 3 3 3 3 3 3 3 3 3 3 3 3 3 3 3 3 3 3 3 3 3 3 3 3 3 3 3 3 3 3 3 3 3 3 3 3 3 3 3 3 3 3 3 3 3 3 3 3 3 3 3 3 3 3 3 3 3 3 3 3 3 3 3 3 3 3 3 3 3 3 3 3 3 3 3 3 3 3 3 3 3 3 3 3 3 3 3 3 3 3 3 3 3 3 3 3 3 3 3 3 3 3 3 3 3 3 3 3 3 3 3 3 3 3 3 3 3 3 3 3 3 3 3 3 3 3 3 3 3 3 3 3 3 3 3 3 3 3 3 3 3 3 3 3 3 3 3 3 3 3 3 3 3 3 3 3 3 3 3 3 3 3 3 3 3 3 3 3 3 3 3 3 3 3 3 3 3 3 3 3 3 3 3 3 3 3 3 3 3 3 3 3 3 3 3 3 3 3 3 3 3 3 3 3 3 3 3 3 3 3 3 3 3 3 3 3 3 3 3 3 3 3 3 3 3 3 3 3 3 3 3 3 3 3 3 3 3 3 3 3 3 3 3 3 3 3 3 3 3 3 3 3 3 3 3 3 3 3 3 3 3 3 3 3 3 3 3 3 3 3 3 3 3 3 3 3 3 3 3 3 3 3 3 3 3 3 3 3 3 3 3 3 3 3 3 3 3 3 3 3 3 3 3 3 3 3 3 3 3 3 3 3 3 3 3 3 3 3 3 3 3 3 3 3 3 3 3 3 3 3 3 3 3 3 3 3 3 3 3 3 3 3 3 3 3 3 3 3 3 3 3 3 3 3 3 3 3 3 3 3 3 3 3 3 3 3 3 3 3 3 3 3 3 3 3 3 3 3 3 3 3 3 3 3 3 3 3 3 3 3 3 3 3 3 3 3 3 3 3 3 3 3 3 3 3 3 3 3 3 3 3 3 3 3 3 3 3 3 3 3 3 3 3 3 3 3 3 3 3 3 3 3 3 3 3 3 3 3 3 3 3 3 3 3 3 3 3 3 3 3 3 3 3 3 3 3 3 3 3 3 3 3 3 3 3 3 3 3 3 3 3 3 3 3 3 3 3 3 3 3 3 3 3 3 3 3 3 3 3 3 3 3 3 3 3 3 3 3 3 3 3 3 3 3 3 3 3 3 3 3 3 3 3 3 3 3 3 3 3 3 3 3 3 3 3 3 3 3 3 3 3 3 3 3 3 3 3 3 3 3 3 3 3 3 3 3 3 3 3 3 3 3 3 3 3 3 3 3 3 3 3 3 3 3 3 3 3 3 3 3 3 3 3 3 3 3 3 3 3 3 3 3 3 3 3 3 3 3 3 3 3 3 3 3 3 3 3 3 3 3 3 3 3 3 3 3 3 3 3 3 3 3 3 3 3 3 3 3 3 3 3 3 3 3 3 3 3 3 3 3 3 3 3 3 3 3 3 3 3 3 3 3 3 3 3 3 3 3 3 3 3 3 3 3 3 3 3 3 3 3 3 3 3 3 3 3 3 3 3 3 3 3 3 3 3 3 3 3 3 3 3 3 3 3 3 3 3 3 3 3 3 3 3 3 3 3 3 3 3 3 3 3 3 3 3 3 3 3 3 3 3 3 3 3 3 3 3 3 3 3 3 3 3 3 3 3 3 3 3 3 3 3 3 3 3 3 3 3 3 3 3 3 3 3 3 3 3 3 3 3 3 3 3 3 3 3 3 3 3 3 3 3 3 3 3 3 3 3 3 3 3 3 3 3 3 3 3 3 3 3 3 3 3 3 3 3 3 3 3 3 3 3 3 3 3 3 3 3 3 3 3 3 3 3 3 3 3 3 3 3 3 3 3 3 3 3 3 3 3 3 3 3 3 3 3 3 3 3 3 3 3 3 3 3 3 3 3 3 3 3 3 3 3 3 3 3 3 3 3 3 3 3 3 3 3 3 3 3 3 3 3 3 3 3 3 3 3 3 3 3 3 3 3 3 3 3 3 3 3 3 3 3 3 3 3 3 3 3 3 3 3 3 3 3 3 3 3 3 3 3 3 3 3 3 3 3 3 3 3 3 3 3 3 3 3 3 3 3 3 3 3 3 3 3 3 3 3 3 3 3 3 3 3 3 3 3 3 3 3 3 3 3 3 3 3 3 3 3 3 3 3 3 3 3 3 3 3 3 3 3 3 3 3 3 3 3 3 3 3 3 3 3 3 3 3 3 3 3 3 3 3 3 3 3 3 3 3 3 3 3 3 3 3 3 3 3 3 3 3 3 3 3 3 3 3 3 3 3 3 3 3 3 3 3 3 3 3 3 3 3 3 3 3 3 3 3 3 3 3 3 3 3 3 3 3 3 3 3 3 3 3 3 3 3 3 3 3 3 3 3 3 3 3 3 3 3 3 3 3 3 3 3 3 3 3 3 3 3 3 3 3 3 3 3 3 3 3 3 3 3 3 3 3 3 3 3 3 3 3 3 3 3 3 3 3 3 3 3 3 3 3 3 3 3 3 3 3 3 3 3 3 3 3 3 3 3 3 3 3 3 3 3 3 3 3 3 3 3 3 3 3 3 3 3 3 3 3 3 3 3 3 3 3 3 3 3 3 3 3 3 3 3 3 3 3 3 3 3 3 3 3 3 3 3 3 3 3 3 3 3 3 3 3 3 3 3 3 3 3 3 3 3 3 3 3 3 3 3 3 3 3 3 3 3 3 3 3 3 3 3 3 3 3 3 3 3 3 3 3 3 3 3 3 3 3 3 3 3 3 3 3 3 3 3 3 3 3 3 3 3 3 3 3 3 3 3 3 3 3 3 3 3 3 3 3 3 3 3 3 3 3 3 3 3 3 3 3 3 3 3 3 3 3 3 3 3 3 3 3 3 3 3 3 3 3 3 3 3 3 3 3 3 3 3 3 3 3 3 3 3 3 3 3 3 3 3 3 3 3 3 3 3 3 3 3 3 3 3 3 3 3 3 3 3 3 3 3 3 3 3 3 3 3 3 3 3 3 3 3 3 3 3 3 3 3 3 3 3 3 3 3 3 3 3 3 3 3 3 3 3 3 3 3 3 3 3 3 3 3 3 3 3 3 3 3 3 3 3 3 3 3 3 3 3 3 3 3 3 3 3 3 3 3 3 3 3 3 3 3 3 3 3 3 3 3 3 3 3 3 3 3 3 3 3 3 3 3 3 3 3 3 3 3 3 3 3 3 3 3 3 3 3 3 3 3 3 3 3 3 3 3 3 3 3 3 3 3 3 3 3 3 3 3 3 3 3 3 3 3 3 3 3 3 3 3 3 3 3 3 3 3 3 3 3 3 3 3 3 3 3 3 3 3 3 3 3 3 3 3 3 3 3 3 3 3 3 3 3 3 3 3 3 3 3 3 3 3 3 3 3 3 3 3 3 3 3 3 3 3 3 3 3 3 3 3 3 3 3 3 3 3 3 3 3 3 3 3 3 3 3 3 3 3 3 3 3 3 3 3 3 3 3 3 3 3 3 3 3 3 3 3 3 3 3 3 3 3 3 3 3 3 3 3 3 3 3 3 3 3 3 3 3 3 3 3 3 3 3 3 3 3 3 3 3 3 3 3 3 3 3 3 3 3 3 3 3 3 3 3 3 3 3 3 3 3 3 3 3 3 3 3 3 3 3 3 3 3 3 3 3 3 3 3 3 3 3 3 3 3 3 3 3 3 3 3 3 3 3 3 3 3 3 3 3 3 3 3 3 3 3 3 3 3 3 3 3 3 3 3 3 3 3 3 3 3 3 3 3 3 3 3 3 3 3 3 3 3 3 3 3 3 3 3 1 1 1 1 1 1 1 1 1 1 1 1 1 1 100 1 1 1 1 1 1 1 1 1 1 1 1 1 1 1 1 1 1 1 1 1 1 1 1 1 1 1 1 1 1 1 1 1 1 1 1 1 1 1 1 1 1
staticfield com/sun/crypto/provider/AESCrypt S [B 256
staticfield com/sun/crypto/provider/AESCrypt Si [B 256
staticfield com/sun/crypto/provider/AESCrypt T1 [I 256
staticfield com/sun/crypto/provider/AESCrypt T2 [I 256
staticfield com/sun/crypto/provider/AESCrypt T3 [I 256
staticfield com/sun/crypto/provider/AESCrypt T4 [I 256
staticfield com/sun/crypto/provider/AESCrypt T5 [I 256
staticfield com/sun/crypto/provider/AESCrypt T6 [I 256
staticfield com/sun/crypto/provider/AESCrypt T7 [I 256
staticfield com/sun/crypto/provider/AESCrypt T8 [I 256
staticfield com/sun/crypto/provider/AESCrypt U1 [I 256
staticfield com/sun/crypto/provider/AESCrypt U2 [I 256
staticfield com/sun/crypto/provider/AESCrypt U3 [I 256
staticfield com/sun/crypto/provider/AESCrypt U4 [I 256
staticfield com/sun/crypto/provider/AESCrypt rcon [I 30
instanceKlass com/sun/crypto/provider/GaloisCounterMode$AESGCM
ciInstanceKlass com/sun/crypto/provider/GaloisCounterMode 1 1 567 100 1 10 7 12 1 1 1 9 7 12 1 1 1 9 12 1 9 12 1 1 9 12 1 9 12 1 9 12 1 1 9 12 1 9 12 1 9 12 1 9 12 1 1 9 12 1 1 9 12 1 100 1 10 7 12 1 1 1 100 1 8 1 10 12 1 100 1 8 1 10 11 7 12 1 1 1 8 1 10 7 12 1 1 1 100 1 10 8 1 10 12 1 1 10 12 1 8 1 10 12 1 1 10 7 12 1 1 1 8 1 11 12 1 10 7 12 1 1 1 8 1 10 100 12 1 1 1 100 1 8 1 10 8 1 100 1 8 1 10 10 12 1 10 12 1 9 12 1 1 10 7 12 1 1 1 10 100 12 1 1 1 8 1 10 100 12 1 1 1 10 100 12 1 1 9 12 1 10 100 12 1 1 1 10 100 12 1 1 1 10 12 1 1 10 12 1 10 100 12 1 1 1 10 100 12 1 1 10 12 1 100 1 100 1 10 12 1 8 1 100 1 10 12 1 1 8 1 10 12 1 8 1 8 1 10 12 1 10 12 1 1 10 100 1 8 1 10 7 1 10 12 1 7 1 10 8 1 10 100 12 1 1 1 10 12 1 1 100 1 8 1 8 1 10 10 12 1 10 100 12 1 1 8 1 10 12 1 10 12 1 10 12 1 1 10 12 1 10 12 1 10 12 1 10 12 1 10 12 1 1 100 1 100 1 8 1 10 10 12 1 100 1 10 10 12 8 1 10 12 1 100 1 8 1 8 1 10 100 12 1 1 1 9 12 1 1 5 0 10 7 12 1 1 1 8 1 8 1 10 10 7 12 1 1 1 10 12 1 1 7 1 10 12 10 12 1 1 10 12 1 10 12 1 1 10 12 1 3 10 12 1 1 10 7 12 1 3 9 12 1 10 7 12 1 1 1 9 12 1 1 7 1 9 7 12 1 1 1 10 7 12 1 1 1 1 1 3 1 1 3 1 1 1 1 1 1 1 1 1 1 1 1 1 1 1 1 100 1 1 1 1 1 1 1 1 1 1 1 1 1 1 1 1 1 1 1 1 1 1 100 1 1 1 1 1 1 1 1 1 1 1 1 1 1 1 1 1 1 1 1 1 1 1 1 1 1 1 1 1 1 1 1 1 1 1 1 1 1 1 1 1 1 1 1 1 1 1 1 1 1 1 1 1 1 1 1 1 1 1 1 1 1 1 1 1 1 1 1 1 1 100 1 100 1 100 1 100 1 100 1 100 1 100 1 1 1 1 1 1 1 1 1 1 1 1
staticfield com/sun/crypto/provider/GaloisCounterMode EMPTY_BUF [B 0
staticfield com/sun/crypto/provider/GaloisCounterMode NIO_ACCESS Ljdk/internal/access/JavaNioAccess; java/nio/Buffer$2
staticfield com/sun/crypto/provider/GaloisCounterMode wrapToByteArray Ljava/lang/invoke/VarHandle; java/lang/invoke/VarHandleByteArrayAsLongs$ArrayHandle
ciInstanceKlass com/sun/crypto/provider/GaloisCounterMode$AESGCM 1 1 24 7 1 10 12 1 1 10 7 12 1 1 100 1 1 1 1 1 1 1 1 1 1 1
ciInstanceKlass sun/security/util/ArrayUtil 1 1 54 10 100 12 1 1 1 100 1 8 1 10 12 1 9 7 12 1 1 1 10 12 1 1 10 7 12 1 1 1 1 1 1 1 1 1 1 1 1 1 1 1 1 1 1 1 1 1 1 1 1 1 1 1
ciInstanceKlass javax/crypto/ShortBufferException 0 0 26 10 100 12 1 1 1 10 12 1 100 1 1 1 1 5 0 1 1 1 1 1 1 1 1 1
instanceKlass com/sun/crypto/provider/GaloisCounterMode$GCMEncrypt
instanceKlass com/sun/crypto/provider/GaloisCounterMode$GCMDecrypt
ciInstanceKlass com/sun/crypto/provider/GaloisCounterMode$GCMEngine 1 1 330 7 1 9 7 12 1 1 1 10 7 12 1 1 1 9 12 1 1 9 12 1 1 9 12 1 1 9 12 1 9 12 1 1 9 12 1 1 9 12 1 9 12 1 10 7 12 1 1 1 9 12 1 10 12 1 1 9 12 1 10 12 1 1 9 12 1 10 7 12 1 1 10 12 1 1 7 1 10 12 1 9 12 1 1 7 1 10 12 9 12 1 1 7 1 10 12 1 10 12 1 10 7 12 1 1 10 12 1 1 9 12 1 10 12 1 1 10 12 1 10 12 1 10 12 1 1 10 12 1 10 12 1 1 10 12 1 10 12 1 1 100 1 100 1 10 8 1 10 12 1 1 10 12 1 8 1 10 12 1 1 10 12 1 10 100 12 1 1 1 10 100 12 1 1 1 10 12 1 100 1 8 1 10 10 12 1 1 10 12 1 10 12 1 1 10 12 1 1 10 12 1 10 12 1 11 7 12 1 11 12 1 11 12 1 1 11 12 10 12 1 100 1 11 12 1 1 11 12 1 10 12 1 10 12 1 1 10 12 1 10 12 1 10 12 10 12 1 10 12 1 1 1 1 1 1 1 1 1 1 1 1 1 1 1 1 1 100 1 100 1 100 1 1 1 1 1 1 1 1 1 1 1 1 1 1 1 1 1 1 1 1 1 1 1 1 1 1 1 1 1 1 1 1 1 1 1 1 1 1 1 1 1 1 1 1 1 1 1 1 1 1 1 1 1 1 1 1 1 1
ciInstanceKlass com/sun/crypto/provider/GaloisCounterMode$GCMDecrypt 1 1 376 7 1 9 7 12 1 1 1 10 7 12 1 1 1 9 12 1 1 3 10 7 12 1 1 1 100 1 8 1 10 12 1 10 12 1 1 9 12 1 10 12 1 9 12 1 1 10 100 12 1 1 1 9 12 1 1 10 100 12 1 1 1 10 12 1 1 10 12 1 1 100 1 10 12 1 1 10 12 1 1 10 12 1 1 10 7 12 1 1 10 12 1 1 10 12 1 10 12 1 10 12 1 10 12 1 10 12 1 10 12 1 1 10 12 1 100 1 8 1 10 12 1 100 1 100 1 10 12 8 1 10 12 1 1 10 12 1 8 1 10 12 1 1 10 10 100 12 1 1 100 1 8 1 10 8 1 8 1 10 12 1 1 10 12 1 10 12 1 1 7 1 9 12 1 1 9 12 1 1 10 12 1 10 12 1 1 9 12 1 10 12 1 1 10 7 12 1 1 1 10 12 1 7 1 9 12 1 1 9 12 1 10 12 1 10 12 1 9 12 1 1 10 100 12 1 1 1 8 1 10 12 1 1 10 12 1 1 10 12 1 10 12 10 12 1 10 12 1 10 12 1 1 10 12 1 10 12 1 10 12 1 10 12 1 1 10 12 1 9 12 1 1 11 100 12 1 1 1 10 100 12 1 1 1 100 1 11 12 1 1 10 12 1 1 11 12 1 9 12 1 1 10 12 1 1 10 12 1 1 9 12 1 11 100 12 1 10 12 1 11 1 1 1 1 1 1 1 1 1 1 100 1 1 1 1 1 1 1 1 1 1 1 1 1 1 1 1 1 1 1 100 1 1 1 1 100 1 1 1 100 1 1 1 1 1 1 1 1 1 1 1 1 1 1 1
ciInstanceKlass com/sun/crypto/provider/GCM 1 0 12 100 1 100 1 1 1 1 1 1 1 1
instanceKlass com/sun/crypto/provider/GCTR
ciInstanceKlass com/sun/crypto/provider/CounterMode 1 1 116 10 7 12 1 1 1 9 7 12 1 1 1 9 12 1 9 12 1 1 9 12 1 9 12 1 9 12 1 8 1 9 12 1 10 7 12 1 1 1 9 12 1 100 1 8 1 10 12 1 10 12 1 1 9 12 1 1 10 7 12 1 1 1 10 12 1 1 10 7 12 1 1 1 10 12 1 10 12 1 1 10 12 1 1 1 1 1 1 1 1 1 1 1 1 1 1 1 1 1 1 1 1 1 1 1 1 1 1 1 1 1 1 1 1 1
ciInstanceKlass com/sun/crypto/provider/GCTR 1 1 208 10 7 12 1 1 1 9 7 12 1 1 1 100 1 100 1 10 12 1 8 1 10 12 1 1 10 12 1 8 1 8 1 10 12 1 1 10 12 1 9 12 1 1 10 12 1 8 1 9 12 1 10 7 12 1 1 1 9 7 12 1 1 1 10 12 1 1 5 0 10 12 1 1 5 0 9 12 1 10 100 12 1 1 1 8 1 8 1 8 1 10 12 1 1 10 12 1 9 12 1 1 10 7 12 1 1 1 10 100 12 1 1 1 10 12 1 1 10 12 1 1 10 12 1 1 10 12 1 10 12 1 10 12 1 10 12 1 10 12 1 1 10 100 12 1 1 1 10 12 10 12 1 10 12 1 10 12 1 1 10 12 10 12 1 10 12 1 100 1 1 1 3 1 1 1 1 1 1 1 1 1 100 1 1 1 1 1 1 1 1 1 1 1 1 1 1 1 1 1 1 1 1 1 1 1 1 1
ciInstanceKlass com/sun/crypto/provider/GHASH 1 1 229 5 0 10 7 12 1 1 1 7 1 100 1 8 1 10 12 1 9 12 1 1 9 12 1 9 12 1 1 10 7 12 1 1 1 10 7 12 1 1 10 12 1 10 12 1 1 10 12 1 1 10 12 1 1 10 12 1 10 7 12 1 1 1 10 12 1 1 10 12 1 10 12 1 1 10 12 1 1 10 12 1 10 12 1 10 100 12 1 1 1 10 12 1 10 12 1 10 100 12 1 1 1 100 1 100 1 10 8 1 10 12 1 1 10 12 1 10 12 1 1 10 8 1 8 1 8 1 8 1 8 1 8 1 10 12 1 1 10 12 1 1 10 12 1 10 12 1 10 12 10 12 1 9 7 12 1 1 1 10 7 12 1 1 1 100 1 100 1 1 1 1 3 1 3 1 1 1 1 1 1 1 1 1 1 1 1 1 1 1 1 1 1 1 1 100 1 1 1 1 1 1 1 1 1 1 1 1 1 1 1 1 1 1 1 1 1 1 1 1 1 1 1 1 100 1 1 1 1
staticfield com/sun/crypto/provider/GHASH asLongView Ljava/lang/invoke/VarHandle; java/lang/invoke/VarHandleByteArrayAsLongs$ArrayHandle
ciInstanceKlass com/sun/crypto/provider/GaloisCounterMode$GCMOperation 1 0 17 100 1 100 1 1 1 1 1 1 1 1 1 100 1 1 1
ciInstanceKlass com/sun/crypto/provider/GaloisCounterMode$DecryptOp 1 1 94 100 1 10 7 12 1 1 1 9 7 12 1 1 1 9 12 1 1 10 7 12 1 1 1 10 7 12 1 1 10 12 1 10 7 12 1 1 1 10 12 1 1 10 12 1 10 12 1 10 12 1 10 12 1 1 10 12 1 10 12 10 12 10 12 100 1 1 1 1 1 1 1 1 1 1 1 1 1 1 1 1 1 1 1 1 1 100 1 1 1 1 1 1
ciInstanceKlass com/sun/crypto/provider/GaloisCounterMode$EncryptOp 1 1 89 100 1 10 7 12 1 1 1 9 7 12 1 1 1 9 12 1 1 10 7 12 1 1 1 10 7 12 1 1 10 7 12 1 1 1 10 12 1 10 12 1 10 12 1 10 12 1 10 12 1 1 10 12 1 10 12 10 12 10 12 100 1 1 1 1 1 1 1 1 1 1 1 1 1 1 1 1 1 1 1 1 1 1 1 1 1 1 1
ciMethodData java/lang/Object <init> ()V 2 1371237 orig 80 1 0 0 0 0 0 0 0 0 0 0 0 0 0 0 0 0 0 0 0 0 0 0 0 0 0 0 0 0 0 0 0 0 0 0 0 0 0 0 0 0 0 0 0 0 0 0 0 0 0 0 0 0 0 0 0 0 0 0 0 0 0 0 0 0 0 0 0 0 0 0 0 0 0 0 0 0 0 0 0 data 4 0x0 0x9 0x1 0x0 oops 0 methods 0
ciMethodData java/util/Arrays copyOf ([BI)[B 2 5127 orig 80 0 0 0 0 0 0 0 0 0 0 0 0 4 2 0 0 0 0 0 0 0 0 0 0 0 0 0 0 0 0 0 0 0 0 0 0 0 0 0 0 0 0 0 0 0 0 0 0 0 0 0 0 0 0 0 0 0 0 0 0 0 0 0 0 0 0 0 0 0 0 0 0 0 0 0 0 0 0 0 0 data 32 0x30007 0x1405 0x90 0x2 0x70005 0x0 0x0 0x2041600fb18 0x2 0x0 0x0 0xa0004 0x0 0x0 0x2041600fb18 0x2 0x0 0x0 0x190002 0x1405 0x1c0002 0x1405 0x0 0x0 0x0 0x0 0x0 0x0 0x9 0x2 0xffffffffffffffff 0x0 oops 2 7 [B 14 [B methods 0
ciMethodData jdk/internal/util/Preconditions checkFromIndexSize (IIILjava/util/function/BiFunction;)I 2 129233 orig 80 0 0 0 0 0 0 0 0 0 0 0 0 3 2 0 0 0 0 0 0 0 0 0 0 0 0 0 0 0 0 0 0 0 0 0 0 0 0 0 0 0 0 0 0 0 0 0 0 0 0 0 0 0 0 0 0 0 0 0 0 0 0 0 0 0 0 0 0 0 0 0 0 0 0 0 0 0 0 0 0 data 22 0x50007 0x0 0x40 0x1f8d1 0xc0007 0x1f8d3 0x30 0x0 0x130002 0x0 0x0 0x0 0x0 0x0 0x0 0x0 0x9 0x4 0x0 0x0 0x0 0x0 oops 0 methods 0
ciMethodData java/lang/ref/Reference reachabilityFence (Ljava/lang/Object;)V 2 202169 orig 80 0 0 0 0 0 0 0 0 0 0 0 0 3 2 0 0 0 0 0 0 0 0 0 0 0 0 0 0 0 0 0 0 0 0 0 0 0 0 0 0 0 0 0 0 0 0 0 0 0 0 0 0 0 0 0 0 0 0 0 0 0 0 0 0 0 0 0 0 0 0 0 0 0 0 0 0 0 0 0 0 data 4 0x0 0x9 0x1 0x0 oops 0 methods 0
ciMethodData java/nio/Buffer session ()Ljdk/internal/foreign/MemorySessionImpl; 2 138293 orig 80 0 0 0 0 0 0 0 0 0 0 0 0 3 2 0 0 0 0 0 0 0 0 0 0 0 0 0 0 0 0 0 0 0 0 0 0 0 0 0 0 0 0 0 0 0 0 0 0 0 0 0 0 0 0 0 0 0 0 0 0 0 0 0 0 0 0 0 0 0 0 0 0 0 0 0 0 0 0 0 0 data 27 0x40007 0x21c34 0x90 0x0 0xb0004 0x0 0x0 0x0 0x0 0x0 0x0 0xe0005 0x0 0x0 0x0 0x0 0x0 0x0 0x0 0x0 0x0 0x0 0x0 0x0 0x9 0x1 0x0 oops 0 methods 0
ciMethod java/lang/UnsupportedOperationException <init> ()V 2 0 3 0 -1
ciMethodData java/lang/invoke/VarHandle checkAccessModeThenIsDirect (Ljava/lang/invoke/VarHandle$AccessDescriptor;)Z 2 133459 orig 80 0 0 0 0 0 0 0 0 0 0 0 0 0 0 0 0 0 0 0 0 0 0 0 0 0 0 0 0 0 0 0 0 0 0 0 0 0 0 0 0 0 0 0 0 0 0 0 0 0 0 0 0 0 0 0 0 0 0 0 0 0 0 0 0 0 0 0 0 0 0 0 0 0 0 0 0 0 0 0 0 data 32 0x40007 0xbd30 0xb0 0x14c2c 0xc0005 0x14c2d 0x0 0x0 0x0 0x0 0x0 0x130007 0x14c20 0x58 0x0 0x180005 0x0 0x0 0x0 0x0 0x0 0x0 0x0 0x0 0x0 0x0 0x0 0x0 0x9 0x2 0x0 0x0 oops 0 methods 0
ciMethodData java/lang/invoke/VarForm getMemberName (I)Ljava/lang/invoke/MemberName; 2 133454 orig 80 0 0 0 0 0 0 0 0 0 0 0 0 0 0 0 0 0 0 0 0 0 0 0 0 0 0 0 0 0 0 0 0 0 0 0 0 0 0 0 0 0 0 0 0 0 0 0 0 0 0 0 0 0 0 0 0 0 0 0 0 0 0 0 0 0 0 0 0 0 0 0 0 0 0 0 0 0 0 0 0 data 27 0x80007 0x2093b 0x88 0xc 0xd0005 0xc 0x0 0x0 0x0 0x0 0x0 0x120007 0xc 0x30 0x0 0x190002 0x0 0x0 0x0 0x0 0x0 0x0 0x0 0x9 0x2 0x0 0x0 oops 0 methods 0
ciMethodData java/nio/Buffer position (I)Ljava/nio/Buffer; 2 5820 orig 80 0 0 0 0 0 0 0 0 0 0 0 0 3 2 0 0 0 0 0 0 0 0 0 0 0 0 0 0 0 0 0 0 0 0 0 0 0 0 0 0 0 0 0 0 0 0 0 0 0 0 0 0 0 0 0 0 0 0 0 0 0 0 0 0 0 0 0 0 0 0 0 0 0 0 0 0 0 0 0 0 data 39 0x50007 0x16bc 0x38 0x0 0x90003 0x0 0x18 0xe0007 0x16bc 0x38 0x0 0x120003 0x0 0x18 0x170007 0x16bc 0x58 0x0 0x1c0005 0x0 0x0 0x0 0x0 0x0 0x0 0x250007 0x16bc 0x20 0x0 0x0 0x0 0x0 0x0 0x0 0x0 0x9 0x2 0xe 0x0 oops 0 methods 0
ciMethodData java/nio/ByteBuffer arrayOffset ()I 2 94686 orig 80 0 0 0 0 0 0 0 0 0 0 0 0 0 0 0 0 0 0 0 0 0 0 0 0 0 0 0 0 0 0 0 0 0 0 0 0 0 0 0 0 0 0 0 0 0 0 0 0 0 0 0 0 0 0 0 0 0 0 0 0 0 0 0 0 0 0 0 0 0 0 0 0 0 0 0 0 0 0 0 0 data 21 0x40007 0x171e0 0x30 0x0 0xb0002 0x0 0x130007 0x171e0 0x30 0x0 0x1a0002 0x0 0x0 0x0 0x0 0x0 0x0 0x0 0x9 0x1 0x0 oops 0 methods 0
ciMethodData java/nio/Buffer limit (I)Ljava/nio/Buffer; 2 29697 orig 80 1 0 0 0 0 0 0 0 0 0 0 0 0 0 0 0 0 0 0 0 0 0 0 0 0 0 0 0 0 0 0 0 0 0 0 0 0 0 0 1 0 0 0 0 0 0 0 0 0 0 0 0 0 0 0 0 0 0 0 0 0 0 0 0 0 0 0 0 0 0 0 0 0 0 0 0 0 0 0 0 data 43 0x50007 0x7402 0x38 0x0 0x90003 0x0 0x18 0xe0007 0x7402 0x38 0x0 0x120003 0x0 0x18 0x170007 0x7402 0x58 0x0 0x1c0005 0x0 0x0 0x0 0x0 0x0 0x0 0x80000006002a0007 0x722f 0x20 0x1d4 0x370007 0x7403 0x20 0x0 0x0 0x0 0x0 0x0 0x0 0x0 0x9 0x2 0x0 0x0 oops 0 methods 0
ciMethodData java/nio/ByteBuffer position (I)Ljava/nio/ByteBuffer; 2 54859 orig 80 0 0 0 0 0 0 0 0 0 0 0 0 0 0 0 0 0 0 0 0 0 0 0 0 0 0 0 0 0 0 0 0 0 0 0 0 0 0 0 0 0 0 0 0 0 0 0 0 0 0 0 0 0 0 0 0 0 0 0 0 0 0 0 0 0 0 0 0 0 0 0 0 0 0 0 0 0 0 0 0 data 9 0x20002 0xd64e 0x0 0x0 0x0 0x9 0x2 0xe 0x0 oops 0 methods 0
ciMethodData java/nio/Buffer <init> (IIIILjava/lang/foreign/MemorySegment;)V 2 29800 orig 80 3 0 0 0 0 0 0 0 0 0 0 0 0 0 0 0 0 0 0 0 0 0 0 4 0 0 0 0 0 0 0 0 0 0 0 0 0 0 0 1 0 0 0 0 0 0 0 0 0 0 0 0 0 0 0 0 0 0 0 0 0 0 0 0 0 0 0 0 0 0 0 0 0 0 0 0 0 0 0 0 data 90 0x10002 0x7469 0x100007 0x7469 0x30 0x0 0x150002 0x0 0x8000000700270005 0x55e 0x0 0x20416dcac90 0x5ca7 0x2041679af18 0x1268 0x2d0005 0x55d 0x0 0x20416dcac90 0x5ca7 0x2041679af18 0x1268 0x8000000600320007 0x746a 0x1b0 0x5 0x370007 0x5 0x190 0x0 0x420002 0x0 0x470005 0x0 0x0 0x0 0x0 0x0 0x0 0x4b0005 0x0 0x0 0x0 0x0 0x0 0x0 0x500005 0x0 0x0 0x0 0x0 0x0 0x0 0x540005 0x0 0x0 0x0 0x0 0x0 0x0 0x590005 0x0 0x0 0x0 0x0 0x0 0x0 0x5c0005 0x0 0x0 0x0 0x0 0x0 0x0 0x5f0002 0x0 0x0 0x0 0x0 0x0 0x0 0x0 0x9 0x6 0xffffffffffffffff 0x0 0x0 0x0 0x0 0x0 oops 4 11 java/nio/HeapCharBuffer 13 java/nio/HeapByteBuffer 18 java/nio/HeapCharBuffer 20 java/nio/HeapByteBuffer methods 0
ciMethodData java/nio/ByteBuffer position (I)Ljava/nio/Buffer; 2 43112 orig 80 0 0 0 0 0 0 0 0 0 0 0 0 0 0 0 0 0 0 0 0 0 0 0 0 0 0 0 0 0 0 0 0 0 0 0 0 0 0 0 0 0 0 0 0 0 0 0 0 0 0 0 0 0 0 0 0 0 0 0 0 0 0 0 0 0 0 0 0 0 0 0 0 0 0 0 0 0 0 0 0 data 17 0x20005 0x0 0x0 0x2041679af18 0xa869 0x0 0x0 0x0 0x0 0x0 0x0 0x0 0x0 0x9 0x2 0x0 0x0 oops 1 3 java/nio/HeapByteBuffer methods 0
ciMethodData java/nio/ByteBuffer array ()[B 2 54689 orig 80 0 0 0 0 0 0 0 0 0 0 0 0 0 0 0 0 0 0 0 0 0 0 0 0 0 0 0 0 0 0 0 0 0 0 0 0 0 0 0 0 0 0 0 0 0 0 0 0 0 0 0 0 0 0 0 0 0 0 0 0 0 0 0 0 0 0 0 0 0 0 0 0 0 0 0 0 0 0 0 0 data 21 0x40007 0xd5a4 0x30 0x0 0xb0002 0x0 0x130007 0xd5a5 0x30 0x0 0x1a0002 0x0 0x0 0x0 0x0 0x0 0x0 0x0 0x9 0x1 0x0 oops 0 methods 0
ciMethodData java/nio/ByteBuffer hasArray ()Z 2 24846 orig 80 0 0 0 0 0 0 0 0 0 0 0 0 0 0 0 0 0 0 0 0 0 0 0 0 0 0 0 0 0 0 0 0 0 0 0 0 0 0 0 0 0 0 0 0 0 0 0 0 0 0 0 0 0 0 0 0 0 0 0 0 0 0 0 0 0 0 0 0 0 0 0 0 0 0 0 0 0 0 0 0 data 20 0x40007 0x0 0x58 0x6111 0xb0007 0x0 0x38 0x6112 0xf0003 0x6112 0x18 0x0 0x0 0x0 0x0 0x0 0x0 0x9 0x1 0x0 oops 0 methods 0
ciMethodData java/nio/Buffer remaining ()I 2 26899 orig 80 0 0 0 0 0 0 0 0 0 0 0 0 4 2 0 0 0 0 0 0 0 0 0 0 0 0 0 0 0 0 0 0 0 0 0 0 0 0 0 0 0 0 0 0 0 0 0 0 0 0 0 0 0 0 0 0 0 0 0 0 0 0 0 0 0 0 0 0 0 0 0 0 0 0 0 0 0 0 0 0 data 14 0xb0007 0xad4 0x38 0x5e41 0xf0003 0x5e42 0x18 0x0 0x0 0x0 0x0 0x9 0x1 0x0 oops 0 methods 0
ciMethodData java/nio/Buffer nextGetIndex (I)I 2 67062 orig 80 0 0 0 0 0 0 0 0 0 0 0 0 3 2 0 0 0 0 0 0 0 0 0 0 0 0 0 0 0 0 0 0 0 0 0 0 0 0 0 0 0 0 0 0 0 0 0 0 0 0 0 0 0 0 0 0 0 0 0 0 0 0 0 0 0 0 0 0 0 0 0 0 0 0 0 0 0 0 0 0 data 14 0xc0007 0x105f6 0x30 0x0 0x130002 0x0 0x0 0x0 0x0 0x0 0x9 0x2 0x0 0x0 oops 0 methods 0
ciMethodData java/nio/HeapByteBuffer byteOffset (J)J 2 67064 orig 80 0 0 0 0 0 0 0 0 0 0 0 0 3 2 0 0 0 0 0 0 0 0 0 0 0 0 0 0 0 0 0 0 0 0 0 0 0 0 0 0 0 0 0 0 0 0 0 0 0 0 0 0 0 0 0 0 0 0 0 0 0 0 0 0 0 0 0 0 0 0 0 0 0 0 0 0 0 0 0 0 data 8 0x0 0x0 0x0 0x9 0x3 0x0 0x0 0x0 oops 0 methods 0
ciMethod jdk/internal/foreign/MemorySessionImpl checkValidStateRaw ()V 0 0 1 0 -1
ciMethod jdk/internal/foreign/MemorySessionImpl checkValidState ()V 0 0 1 0 -1
ciMethodData java/nio/ByteBuffer limit (I)Ljava/nio/ByteBuffer; 2 11636 orig 80 0 0 0 0 0 0 0 0 0 0 0 0 3 2 0 0 0 0 0 0 0 0 0 0 0 0 0 0 0 0 0 0 0 0 0 0 0 0 0 0 0 0 0 0 0 0 0 0 0 0 0 0 0 0 0 0 0 0 0 0 0 0 0 0 0 0 0 0 0 0 0 0 0 0 0 0 0 0 0 0 data 9 0x20002 0x2d74 0x0 0x0 0x0 0x9 0x2 0x0 0x0 oops 0 methods 0
ciMethodData java/nio/ByteOrder nativeOrder ()Ljava/nio/ByteOrder; 2 11030 orig 80 0 0 0 0 0 0 0 0 0 0 0 0 3 2 0 0 0 0 0 0 0 0 0 0 0 0 0 0 0 0 0 0 0 0 0 0 0 0 0 0 0 0 0 0 0 0 0 0 0 0 0 0 0 0 0 0 0 0 0 0 0 0 0 0 0 0 0 0 0 0 0 0 0 0 0 0 0 0 0 0 data 4 0x0 0x0 0x9 0x0 oops 0 methods 0
ciMethodData java/nio/ByteBuffer <init> (IIII[BILjava/lang/foreign/MemorySegment;)V 2 6656 orig 80 0 0 0 0 0 0 0 0 0 0 0 0 3 2 0 0 0 0 0 0 0 0 0 0 0 0 0 0 0 0 0 0 0 0 0 0 0 0 0 0 0 0 0 0 0 0 0 0 0 0 0 0 0 0 0 0 0 0 0 0 0 0 0 0 0 0 0 0 0 0 0 0 0 0 0 0 0 0 0 0 data 27 0x80002 0x1a00 0x110002 0x1a01 0x170007 0x1a01 0x38 0x0 0x1b0003 0x0 0x18 0x0 0x0 0x0 0x0 0x0 0x0 0x9 0x8 0xffffffffffffffff 0x0 0x0 0x0 0x0 0x0 0x0 0x0 oops 0 methods 0
ciMethodData java/nio/ByteBuffer wrap ([BII)Ljava/nio/ByteBuffer; 2 7184 orig 80 0 0 0 0 0 0 0 0 0 0 0 0 4 2 0 0 0 0 0 0 0 0 0 0 0 0 0 0 0 0 0 0 0 0 0 0 0 0 0 0 0 0 0 0 0 0 0 0 0 0 0 0 0 0 0 0 0 0 0 0 0 0 0 0 0 0 0 0 0 0 0 0 0 0 0 0 0 0 0 0 data 13 0x80002 0x1c13 0x110002 0x0 0x0 0x0 0x0 0x0 0x9 0x3 0x0 0x0 0x0 oops 0 methods 0
ciMethodData java/nio/HeapByteBuffer <init> ([BIILjava/lang/foreign/MemorySegment;)V 2 7184 orig 80 0 0 0 0 0 0 0 0 0 0 0 0 4 2 0 0 0 0 0 0 0 0 0 0 0 0 0 0 0 0 0 0 0 0 0 0 0 0 0 0 0 0 0 0 0 0 0 0 0 0 0 0 0 0 0 0 0 0 0 0 0 0 0 0 0 0 0 0 0 0 0 0 0 0 0 0 0 0 0 0 data 13 0xc0002 0x1c10 0x0 0x0 0x0 0x0 0x9 0x5 0xffffffffffffffff 0x0 0x0 0x0 0x0 oops 0 methods 0
ciMethodData java/nio/HeapByteBuffer ix (I)I 2 25069 orig 80 0 0 0 0 0 0 0 0 0 0 0 0 3 2 0 0 0 0 0 0 0 0 0 0 0 0 0 0 0 0 0 0 0 0 0 0 0 0 0 0 0 0 0 0 0 0 0 0 0 0 0 0 0 0 0 0 0 0 0 0 0 0 0 0 0 0 0 0 0 0 0 0 0 0 0 0 0 0 0 0 data 7 0x0 0x0 0x0 0x9 0x2 0x0 0x0 oops 0 methods 0
ciMethodData java/nio/HeapByteBuffer get ()B 2 5126 orig 80 0 0 0 0 0 0 0 0 0 0 0 0 3 2 0 0 0 0 0 0 0 0 0 0 0 0 0 0 0 0 0 0 0 0 0 0 0 0 0 0 0 0 0 0 0 0 0 0 0 0 0 0 0 0 0 0 0 0 0 0 0 0 0 0 0 0 0 0 0 0 0 0 0 0 0 0 0 0 0 0 data 23 0x60005 0x1406 0x0 0x0 0x0 0x0 0x0 0x90005 0x0 0x0 0x2041679af18 0x1406 0x0 0x0 0x0 0x0 0x0 0x0 0x0 0x0 0x9 0x1 0x0 oops 1 10 java/nio/HeapByteBuffer methods 0
ciMethodData java/nio/Buffer nextGetIndex ()I 2 17352 orig 80 0 0 0 0 0 0 0 0 0 0 0 0 4 2 0 0 0 0 0 0 0 0 0 0 0 0 0 0 0 0 0 0 0 0 0 0 0 0 0 0 0 0 0 0 0 0 0 0 0 0 0 0 0 0 0 0 0 0 0 0 0 0 0 0 0 0 0 0 0 0 0 0 0 0 0 0 0 0 0 0 data 13 0xa0007 0x43c6 0x30 0x0 0x110002 0x0 0x0 0x0 0x0 0x0 0x9 0x1 0x0 oops 0 methods 0
ciMethodData java/io/ByteArrayOutputStream toByteArray ()[B 2 1456 orig 80 0 0 0 0 0 0 0 0 0 0 0 0 4 2 0 0 0 0 0 0 0 0 0 0 0 0 0 0 0 0 0 0 0 0 0 0 0 0 0 0 0 0 0 0 0 0 0 0 0 0 0 0 0 0 0 0 0 0 0 0 0 0 0 0 0 0 0 0 0 0 0 0 0 0 0 0 0 0 0 0 data 11 0x80002 0x5b0 0x0 0x0 0x0 0x0 0x0 0x0 0x9 0x1 0x0 oops 0 methods 0
ciMethodData jdk/internal/misc/Unsafe getIntUnaligned (Ljava/lang/Object;JZ)I 2 13552 orig 80 1 0 0 0 0 0 0 0 0 0 0 0 0 0 0 0 0 0 0 0 0 0 0 0 0 0 0 0 0 0 0 0 0 0 0 0 0 0 0 0 0 0 0 0 0 0 0 0 0 0 0 0 0 0 0 0 0 0 0 0 0 0 0 0 0 0 0 0 0 0 0 0 0 0 0 0 0 0 0 0 data 25 0x5000b 0x42c 0x0 0x0 0x0 0x0 0x0 0x2 0x1 0x2041600fb18 0x80002 0x34f1 0x0 0x0 0x0 0x0 0x0 0x0 0x9 0x5 0x0 0x0 0x0 0x0 0x0 oops 1 9 [B methods 0
ciMethodData jdk/internal/misc/Unsafe convEndian (ZI)I 2 15692 orig 80 0 0 0 0 0 0 0 0 0 0 0 0 0 0 0 0 0 0 0 0 0 0 0 0 0 0 0 0 0 0 0 0 0 0 0 0 0 0 0 2 0 0 0 0 0 0 0 0 0 0 0 0 0 0 0 0 0 0 0 0 0 0 0 0 0 0 0 0 0 0 0 0 0 0 0 0 0 0 0 0 data 19 0x8000000600040007 0x1fe5 0x38 0x1d6a 0x80003 0x1d6a 0x28 0xc0002 0x1fe5 0x0 0x0 0x0 0x0 0x0 0x0 0x9 0x2 0x0 0x0 oops 0 methods 0
ciMethod com/sun/crypto/provider/SymmetricCipher getBlockSize ()I 0 0 1 0 -1
ciMethod com/sun/crypto/provider/SymmetricCipher encryptBlock ([BI[BI)V 0 0 1 0 -1
ciMethod com/sun/crypto/provider/FeedbackCipher <init> (Lcom/sun/crypto/provider/SymmetricCipher;)V 516 0 2429 0 0
ciMethod com/sun/crypto/provider/AESCrypt getBlockSize ()I 258 0 129 0 0
ciMethod com/sun/crypto/provider/AESCrypt encryptBlock ([BI[BI)V 512 0 9513 0 120
ciMethod com/sun/crypto/provider/AESCrypt implEncryptBlock ([BI[BI)V 360 4668 2208 0 -1
ciMethod com/sun/crypto/provider/GaloisCounterMode increment32 ([B)V 254 0 1210 0 -1
ciMethod com/sun/crypto/provider/GaloisCounterMode getLengthBlock (II)[B 312 0 1206 0 0
ciMethod com/sun/crypto/provider/GaloisCounterMode expandToOneBlock ([BIII)[B 1024 0 2416 0 0
ciMethod com/sun/crypto/provider/GaloisCounterMode implGCMCrypt ([BII[BI[BILcom/sun/crypto/provider/GCTR;Lcom/sun/crypto/provider/GHASH;)I 514 0 707 0 0
ciMethod com/sun/crypto/provider/GaloisCounterMode implGCMCrypt0 ([BII[BI[BILcom/sun/crypto/provider/GCTR;Lcom/sun/crypto/provider/GHASH;)I 0 0 1 0 -1
ciMethodData java/nio/HeapByteBuffer getInt ()I 2 7217 orig 80 0 0 0 0 0 0 0 0 0 0 0 0 0 0 0 0 0 0 0 0 0 0 0 0 0 0 0 0 0 0 0 0 0 0 0 0 0 0 0 0 0 0 0 0 0 0 0 0 0 0 0 0 0 0 0 0 0 0 0 0 0 0 0 0 0 0 0 0 0 0 0 0 0 0 0 0 0 0 0 0 data 42 0x40005 0x1c32 0x0 0x0 0x0 0x0 0x0 0xe0005 0x1c32 0x0 0x0 0x0 0x0 0x0 0x120005 0x1c32 0x0 0x0 0x0 0x0 0x0 0x19000b 0x0 0x0 0x20416922308 0x1c32 0x0 0x0 0x4 0x1 0x1 0x2 0x2041600fb18 0x0 0x0 0x0 0x0 0x0 0x0 0x9 0x1 0x0 oops 2 24 jdk/internal/misc/ScopedMemoryAccess 32 [B methods 0
ciMethodData jdk/internal/misc/ScopedMemoryAccess getIntUnaligned (Ljdk/internal/foreign/MemorySessionImpl;Ljava/lang/Object;JZ)I 2 7217 orig 80 0 0 0 0 0 0 0 0 0 0 0 0 0 0 0 0 0 0 0 0 0 0 0 0 0 0 0 0 0 0 0 0 0 0 0 0 0 0 0 0 0 0 0 0 0 0 0 0 0 0 0 0 0 0 0 0 0 0 0 0 0 0 0 0 0 0 0 0 0 0 0 0 0 0 0 0 0 0 0 0 data 33 0x6000b 0x1c32 0x0 0x0 0x0 0x0 0x0 0x4 0x1 0x1 0x2 0x2041600fb18 0xe0005 0x0 0x0 0x0 0x0 0x0 0x0 0x0 0x0 0x0 0x0 0x0 0x0 0x9 0x6 0x0 0x0 0x0 0x0 0x0 0x0 oops 1 11 [B methods 0
ciMethodData jdk/internal/misc/ScopedMemoryAccess getIntUnalignedInternal (Ljdk/internal/foreign/MemorySessionImpl;Ljava/lang/Object;JZ)I 2 7217 orig 80 0 0 0 0 0 0 0 0 0 0 0 0 0 0 0 0 0 0 0 0 0 0 0 0 0 0 0 0 0 0 0 0 0 0 0 0 0 0 0 0 0 0 0 0 0 0 0 0 0 0 0 0 0 0 0 0 0 0 0 0 0 0 0 0 0 0 0 0 0 0 0 0 0 0 0 0 0 0 0 0 data 39 0x10007 0x1c32 0x58 0x0 0x50005 0x0 0x0 0x0 0x0 0x0 0x0 0xf000b 0x1c32 0x0 0x0 0x0 0x0 0x0 0x2 0x1 0x2041600fb18 0x150002 0x1c32 0x1e0002 0x0 0x0 0x0 0x0 0x0 0x0 0x0 0x9 0x6 0x0 0x0 0x0 0x0 0x0 0x0 oops 1 20 [B methods 0
ciMethodData java/lang/invoke/VarHandleGuards guard_LIJ_V (Ljava/lang/invoke/VarHandle;Ljava/lang/Object;IJLjava/lang/invoke/VarHandle$AccessDescriptor;)V 2 6286 orig 80 0 0 0 0 0 0 0 0 0 0 0 0 3 2 0 0 0 0 0 0 0 0 0 0 0 0 0 0 0 0 0 0 0 0 0 0 0 0 0 0 0 0 0 0 0 0 0 0 0 0 0 0 0 0 0 0 0 0 0 0 0 0 0 0 0 0 0 0 0 0 0 0 0 0 0 0 0 0 0 0 data 135 0x3000b 0x0 0x0 0x204160a02a8 0x188f 0x0 0x0 0x2 0x1 0x2041609fbb8 0xa0007 0x0 0xd8 0x188d 0x1f0007 0x0 0xb8 0x188c 0x2f000b 0x188c 0x0 0x0 0x0 0x0 0x0 0x1 0x203d0d07e18 0x32000a 0x1889 0x4 0x0 0x204160a02a8 0x1 0x2041600fb18 0x350003 0x1888 0x280 0x3a0007 0x0 0x120 0x0 0x46000b 0x0 0x0 0x0 0x0 0x0 0x0 0x1 0x203d0d08058 0x4e0007 0x0 0xb8 0x0 0x5e000b 0x0 0x0 0x0 0x0 0x0 0x0 0x1 0x203d0d07e18 0x61000a 0x0 0x4 0x0 0x0 0x1 0x0 0x640003 0x0 0x160 0x6d000b 0x0 0x0 0x0 0x0 0x0 0x0 0x1 0x0 0x79000b 0x0 0x0 0x0 0x0 0x0 0x0 0x3 0x1 0x203d0d08058 0x0 0x7d000b 0x0 0x0 0x0 0x0 0x0 0x0 0x1 0x0 0x83000b 0x0 0x0 0x0 0x0 0x0 0x0 0x4 0x1 0x0 0x2 0x0 0x0 0x0 0x0 0x0 0x0 0x0 0x0 0x9 0x6 0x0 0x0 0x0 0x0 0x0 0x0 0xc 0x4 0x0 0x204160a02a8 0x1 0x2041600fb18 oops 10 3 java/lang/invoke/VarHandleByteArrayAsLongs$ArrayHandle 9 java/lang/invoke/VarHandle$AccessDescriptor 26 java/lang/invoke/MemberName 31 java/lang/invoke/VarHandleByteArrayAsLongs$ArrayHandle 33 [B 49 java/lang/invoke/MethodType 62 java/lang/invoke/MemberName 91 java/lang/invoke/MethodType 132 java/lang/invoke/VarHandleByteArrayAsLongs$ArrayHandle 134 [B methods 0
ciMethodData com/sun/crypto/provider/AESCrypt encryptBlock ([BI[BI)V 2 9257 orig 80 0 0 0 0 0 0 0 0 0 0 0 0 3 2 0 0 0 0 0 0 0 0 0 0 0 0 0 0 0 0 0 0 0 0 0 0 0 0 0 0 0 0 0 0 0 0 0 0 0 0 0 0 0 0 0 0 0 0 0 0 0 0 0 0 0 0 0 0 0 0 0 0 0 0 0 0 0 0 0 0 data 20 0x60005 0x2429 0x0 0x0 0x0 0x0 0x0 0x0 0x0 0x0 0x0 0x0 0x0 0x9 0x5 0x0 0x0 0x0 0x0 0x0 oops 0 methods 0
ciMethodData com/sun/crypto/provider/CounterMode increment ([B)V 2 7020 orig 80 0 0 0 0 0 0 0 0 0 0 0 0 3 2 0 0 0 0 0 0 0 0 0 0 0 0 0 0 0 0 0 0 0 0 0 0 0 0 0 0 0 0 0 0 0 0 0 0 0 0 0 0 0 0 0 0 0 0 0 0 0 0 0 0 0 0 0 0 0 0 0 0 0 0 0 0 0 0 0 0 data 18 0x60007 0x0 0x58 0x1b7d 0x120007 0x1b6c 0x38 0x11 0x180003 0x11 0xffffffffffffffc0 0x0 0x0 0x0 0x0 0x9 0x1 0x0 oops 0 methods 0
ciMethodData java/nio/ByteBuffer limit (I)Ljava/nio/Buffer; 2 5156 orig 80 0 0 0 0 0 0 0 0 0 0 0 0 3 2 0 0 0 0 0 0 0 0 0 0 0 0 0 0 0 0 0 0 0 0 0 0 0 0 0 0 0 0 0 0 0 0 0 0 0 0 0 0 0 0 0 0 0 0 0 0 0 0 0 0 0 0 0 0 0 0 0 0 0 0 0 0 0 0 0 0 data 17 0x20005 0x0 0x0 0x2041679af18 0x1424 0x0 0x0 0x0 0x0 0x0 0x0 0x0 0x0 0x9 0x2 0x0 0x0 oops 1 3 java/nio/HeapByteBuffer methods 0
ciMethod sun/security/util/ArrayUtil nullAndBoundsCheck ([BII)V 512 0 6227 0 0
ciMethodData java/lang/invoke/VarHandleByteArrayAsLongs$ArrayHandle index ([BI)I 2 31221 orig 80 0 0 0 0 0 0 0 0 0 0 0 0 3 2 0 0 0 0 0 0 0 0 0 0 0 0 0 0 0 0 0 0 0 0 0 0 0 0 0 0 0 0 0 0 0 0 0 0 0 0 0 0 0 0 0 0 0 0 0 0 0 0 0 0 0 0 0 0 0 0 0 0 0 0 0 0 0 0 0 0 data 12 0x90002 0x79f2 0x0 0x0 0x0 0x0 0x0 0x0 0x9 0x2 0x0 0x0 oops 0 methods 0
ciMethodData jdk/internal/misc/Unsafe convEndian (ZJ)J 2 11980 orig 80 0 0 0 0 0 0 0 0 0 0 0 0 0 0 0 0 0 0 0 0 0 0 0 0 0 0 0 0 0 0 0 0 0 0 0 0 0 0 0 0 0 0 0 0 0 0 0 0 0 0 0 0 0 0 0 0 0 0 0 0 0 0 0 0 0 0 0 0 0 0 0 0 0 0 0 0 0 0 0 0 data 20 0x40007 0x2ecd 0x38 0x0 0x80003 0x0 0x28 0xc0002 0x2ecd 0x0 0x0 0x0 0x0 0x0 0x0 0x9 0x3 0x0 0x0 0x0 oops 0 methods 0
ciMethod com/sun/crypto/provider/GaloisCounterMode$GCMDecrypt checkDataLength ([I)V 262 262 1151 0 0
ciMethod com/sun/crypto/provider/GaloisCounterMode$GCMDecrypt doFinal (Ljava/nio/ByteBuffer;Ljava/nio/ByteBuffer;)I 256 4096 1151 0 -1
ciMethod com/sun/crypto/provider/GaloisCounterMode$GCMEngine getBufferedLength ()I 356 0 1255 0 0
ciMethod com/sun/crypto/provider/GaloisCounterMode$GCMEngine implGCMCrypt (Ljava/nio/ByteBuffer;Ljava/nio/ByteBuffer;)I 36 0 711 0 0
ciMethod com/sun/crypto/provider/GaloisCounterMode$GCMEngine processAAD ()V 312 0 1203 0 0
ciMethod com/sun/crypto/provider/GaloisCounterMode$GCMEngine doLastBlock (Lcom/sun/crypto/provider/GaloisCounterMode$GCMOperation;Ljava/nio/ByteBuffer;Ljava/nio/ByteBuffer;Ljava/nio/ByteBuffer;)I 314 0 1202 0 0
ciMethod com/sun/crypto/provider/GaloisCounterMode$GCMEngine overlapDetection (Ljava/nio/ByteBuffer;Ljava/nio/ByteBuffer;)Ljava/nio/ByteBuffer; 312 0 1203 0 0
ciMethod com/sun/crypto/provider/GaloisCounterMode$GCMEngine restoreDst (Ljava/nio/ByteBuffer;)V 318 0 1206 0 0
ciMethod com/sun/crypto/provider/GCTR <init> (Lcom/sun/crypto/provider/SymmetricCipher;[B)V 628 0 2409 0 0
ciMethod com/sun/crypto/provider/GCTR blocksUntilRollover ()J 496 0 3108 0 0
ciMethod com/sun/crypto/provider/GCTR checkBlock ()V 254 0 1207 0 0
ciMethod com/sun/crypto/provider/GCTR update ([BII[BI)I 518 0 3127 0 0
ciMethod com/sun/crypto/provider/GCTR update (Ljava/nio/ByteBuffer;Ljava/nio/ByteBuffer;)I 0 0 1 0 -1
ciMethod com/sun/crypto/provider/GCTR doFinal ([BII[BI)I 588 2182 2408 0 0
ciMethod com/sun/crypto/provider/GCTR doFinal (Ljava/nio/ByteBuffer;Ljava/nio/ByteBuffer;)I 1024 0 1205 0 0
ciMethod com/sun/crypto/provider/CounterMode <init> (Lcom/sun/crypto/provider/SymmetricCipher;)V 886 0 2419 0 0
ciMethod com/sun/crypto/provider/CounterMode reset ()V 888 0 2419 0 0
ciMethod com/sun/crypto/provider/CounterMode encrypt ([BII[BI)I 500 0 3112 0 0
ciMethod com/sun/crypto/provider/CounterMode increment ([B)V 554 0 7297 0 248
ciMethod com/sun/crypto/provider/CounterMode crypt ([BII[BI)I 816 0 3113 0 0
ciMethod com/sun/crypto/provider/CounterMode implCrypt ([BII[BI)I 202 83968 153 0 936
ciMethod com/sun/crypto/provider/GHASH update ([B)I 626 0 2409 0 0
ciMethod com/sun/crypto/provider/GHASH update ([BII)I 518 0 5381 0 488
ciMethod com/sun/crypto/provider/GHASH update (Ljava/nio/ByteBuffer;I)I 760 0 1191 0 -1
ciMethod com/sun/crypto/provider/GHASH doFinal (Ljava/nio/ByteBuffer;I)I 782 0 1209 0 0
ciMethod com/sun/crypto/provider/GHASH ghashRangeCheck ([BII[J[J)V 410 0 4403 0 0
ciMethod com/sun/crypto/provider/GHASH processBlocks ([BII[J[J)V 356 4254 1029 0 -1
ciMethod com/sun/crypto/provider/GHASH processBlocksDirect (Ljava/nio/ByteBuffer;I)V 0 0 1 0 -1
ciMethod com/sun/crypto/provider/GHASH digest ()[B 314 0 1204 0 0
ciMethod com/sun/crypto/provider/GaloisCounterMode$GCMOperation update ([BIILjava/nio/ByteBuffer;)I 0 0 1 0 -1
ciMethod com/sun/crypto/provider/GaloisCounterMode$GCMOperation update (Ljava/nio/ByteBuffer;Ljava/nio/ByteBuffer;)I 0 0 1 0 -1
ciMethod com/sun/crypto/provider/GaloisCounterMode$GCMOperation doFinal ([BII[BI)I 0 0 1 0 -1
ciMethod com/sun/crypto/provider/GaloisCounterMode$GCMOperation doFinal (Ljava/nio/ByteBuffer;Ljava/nio/ByteBuffer;)I 0 0 1 0 -1
ciMethod com/sun/crypto/provider/GaloisCounterMode$DecryptOp <init> (Lcom/sun/crypto/provider/GCTR;Lcom/sun/crypto/provider/GHASH;)V 264 0 1155 0 0
ciMethod com/sun/crypto/provider/GaloisCounterMode$DecryptOp doFinal (Ljava/nio/ByteBuffer;Ljava/nio/ByteBuffer;)I 1024 0 1156 0 0
ciMethodData java/lang/invoke/VarHandleByteArrayAsLongs$ArrayHandle set (Ljava/lang/invoke/VarHandle;Ljava/lang/Object;IJ)V 2 6171 orig 80 0 0 0 0 0 0 0 0 0 0 0 0 3 2 0 0 0 0 0 0 0 0 0 0 0 0 0 0 0 0 0 0 0 0 0 0 0 0 0 0 0 0 0 0 0 0 0 0 0 0 0 0 0 0 0 0 0 0 0 0 0 0 0 0 0 0 0 0 0 0 0 0 0 0 0 0 0 0 0 0 data 39 0x10004 0x0 0x0 0x204160a02a8 0xcb0 0x0 0x0 0x70004 0x0 0x0 0x2041600fb18 0xcb1 0x0 0x0 0x140002 0x181f 0x23000b 0x181e 0x0 0x0 0x0 0x0 0x0 0x2 0x1 0x2041600fb18 0x0 0x0 0x0 0x0 0x0 0x0 0x9 0x5 0x0 0x0 0x0 0x0 0x0 oops 3 3 java/lang/invoke/VarHandleByteArrayAsLongs$ArrayHandle 10 [B 25 [B methods 0
ciMethodData jdk/internal/misc/Unsafe putLongUnaligned (Ljava/lang/Object;JJZ)V 2 5126 orig 80 0 0 0 0 0 0 0 0 0 0 0 0 3 2 0 0 0 0 0 0 0 0 0 0 0 0 0 0 0 0 0 0 0 0 0 0 0 0 0 0 0 0 0 0 0 0 0 0 0 0 0 0 0 0 0 0 0 0 0 0 0 0 0 0 0 0 0 0 0 0 0 0 0 0 0 0 0 0 0 0 data 27 0x70002 0x1406 0xa000b 0x0 0x0 0x0 0x0 0x0 0x0 0x2 0x1 0x0 0x0 0x0 0x0 0x0 0x0 0x0 0x9 0x7 0x0 0x0 0x0 0x0 0x0 0x0 0x0 oops 0 methods 0
ciMethodData java/nio/Buffer checkSession ()V 2 6644 orig 80 0 0 0 0 0 0 0 0 0 0 0 0 3 2 0 0 0 0 0 0 0 0 0 0 0 0 0 0 0 0 0 0 0 0 0 0 0 0 0 0 0 0 0 0 0 0 0 0 0 0 0 0 0 0 0 0 0 0 0 0 0 0 0 0 0 0 0 0 0 0 0 0 0 0 0 0 0 0 0 0 data 27 0x10005 0x19f6 0x0 0x0 0x0 0x0 0x0 0x60007 0x19f7 0x58 0x0 0xa0005 0x0 0x0 0x0 0x0 0x0 0x0 0x0 0x0 0x0 0x0 0x0 0x0 0x9 0x1 0x0 oops 0 methods 0
ciMethodData java/nio/ByteBuffer order (Ljava/nio/ByteOrder;)Ljava/nio/ByteBuffer; 2 4235 orig 80 0 0 0 0 0 0 0 0 0 0 0 0 3 2 0 0 0 0 0 0 0 0 0 0 0 0 0 0 0 0 0 0 0 0 0 0 0 0 0 0 0 0 0 0 0 0 0 0 0 0 0 0 0 0 0 0 0 0 0 0 0 0 0 0 0 0 0 0 0 0 0 0 0 0 0 0 0 0 0 0 data 33 0x50007 0x16 0x38 0x1079 0x90003 0x107b 0x18 0x150002 0x1091 0x1b0007 0x1091 0x38 0x0 0x1f0003 0x0 0x18 0x230007 0x107b 0x38 0x16 0x270003 0x16 0x18 0x0 0x0 0x0 0x0 0x0 0x0 0x9 0x2 0x0 0x0 oops 0 methods 0
ciMethodData java/nio/ByteBuffer mark ()Ljava/nio/ByteBuffer; 2 4522 orig 80 0 0 0 0 0 0 0 0 0 0 0 0 3 2 0 0 0 0 0 0 0 0 0 0 0 0 0 0 0 0 0 0 0 0 0 0 0 0 0 0 0 0 0 0 0 0 0 0 0 0 0 0 0 0 0 0 0 0 0 0 0 0 0 0 0 0 0 0 0 0 0 0 0 0 0 0 0 0 0 0 data 8 0x10002 0x11ab 0x0 0x0 0x0 0x9 0x1 0x6 oops 0 methods 0
ciMethodData com/sun/crypto/provider/GHASH update ([BII)I 2 5122 orig 80 0 0 0 0 0 0 0 0 0 0 0 0 3 2 0 0 0 0 0 0 0 0 0 0 0 0 0 0 0 0 0 0 0 0 0 0 0 0 0 0 0 0 0 0 0 0 0 0 0 0 0 0 0 0 0 0 0 0 0 0 0 0 0 0 0 0 0 0 0 0 0 0 0 0 0 0 0 0 0 0 data 20 0x10007 0x1066 0x20 0x39d 0x1a0002 0x1066 0x2c0002 0x1066 0x0 0x0 0x0 0x0 0x0 0x0 0x9 0x4 0x0 0xffffffffffffffff 0x0 0x0 oops 0 methods 0
ciMethodData java/nio/Buffer mark ()Ljava/nio/Buffer; 2 4523 orig 80 0 0 0 0 0 0 0 0 0 0 0 0 3 2 0 0 0 0 0 0 0 0 0 0 0 0 0 0 0 0 0 0 0 0 0 0 0 0 0 0 0 0 0 0 0 0 0 0 0 0 0 0 0 0 0 0 0 0 0 0 0 0 0 0 0 0 0 0 0 0 0 0 0 0 0 0 0 0 0 0 data 7 0x0 0x0 0x0 0x0 0x9 0x1 0x6 oops 0 methods 0
ciMethodData com/sun/crypto/provider/CounterMode implCrypt ([BII[BI)I 2 52 orig 80 0 0 0 0 0 0 0 0 0 0 0 0 3 2 0 0 0 0 0 0 0 0 0 0 0 0 0 0 0 0 0 0 0 0 0 0 0 0 0 0 0 0 0 0 0 0 0 0 0 0 0 0 0 0 0 0 0 0 0 0 0 0 0 0 0 0 0 0 0 0 0 0 0 0 0 0 0 0 0 0 data 34 0x70007 0x2f 0xa0 0x1a40b 0x120007 0x189ca 0x68 0x1a41 0x230005 0x0 0x0 0x2041808d7e0 0x1a41 0x0 0x0 0x2a0002 0x1a41 0x520003 0x1a40b 0xffffffffffffff78 0x0 0x0 0x0 0x0 0x0 0x0 0x9 0x6 0x0 0x0 0x0 0x0 0x0 0x0 oops 1 11 com/sun/crypto/provider/AESCrypt methods 0
ciMethodData java/nio/ByteBuffer reset ()Ljava/nio/ByteBuffer; 2 3377 orig 80 0 0 0 0 0 0 0 0 0 0 0 0 3 2 0 0 0 0 0 0 0 0 0 0 0 0 0 0 0 0 0 0 0 0 0 0 0 0 0 0 0 0 0 0 0 0 0 0 0 0 0 0 0 0 0 0 0 0 0 0 0 0 0 0 0 0 0 0 0 0 0 0 0 0 0 0 0 0 0 0 data 8 0x10002 0xd32 0x0 0x0 0x0 0x9 0x1 0x8 oops 0 methods 0
ciMethodData com/sun/crypto/provider/GHASH ghashRangeCheck ([BII[J[J)V 2 4198 orig 80 0 0 0 0 0 0 0 0 0 0 0 0 4 2 0 0 0 0 0 0 0 0 0 0 0 0 0 0 0 0 0 0 0 0 0 0 0 0 0 0 0 0 0 0 0 0 0 0 0 0 0 0 0 0 0 0 0 0 0 0 0 0 0 0 0 0 0 0 0 0 0 0 0 0 0 0 0 0 0 0 data 205 0x10007 0x1066 0xe8 0x0 0xc0002 0x0 0x110005 0x0 0x0 0x0 0x0 0x0 0x0 0x150005 0x0 0x0 0x0 0x0 0x0 0x0 0x180005 0x0 0x0 0x0 0x0 0x0 0x0 0x1b0002 0x0 0x200007 0x1066 0xe8 0x0 0x2b0002 0x0 0x300005 0x0 0x0 0x0 0x0 0x0 0x0 0x340005 0x0 0x0 0x0 0x0 0x0 0x0 0x370005 0x0 0x0 0x0 0x0 0x0 0x0 0x3a0002 0x0 0x430007 0x1066 0x158 0x0 0x4e0002 0x0 0x530005 0x0 0x0 0x0 0x0 0x0 0x0 0x570005 0x0 0x0 0x0 0x0 0x0 0x0 0x5c0005 0x0 0x0 0x0 0x0 0x0 0x0 0x630005 0x0 0x0 0x0 0x0 0x0 0x0 0x660005 0x0 0x0 0x0 0x0 0x0 0x0 0x690002 0x0 0x710007 0x1066 0xe8 0x0 0x7c0002 0x0 0x810005 0x0 0x0 0x0 0x0 0x0 0x0 0x850005 0x0 0x0 0x0 0x0 0x0 0x0 0x880005 0x0 0x0 0x0 0x0 0x0 0x0 0x8b0002 0x0 0x920007 0x1066 0xe8 0x0 0x9d0002 0x0 0xa20005 0x0 0x0 0x0 0x0 0x0 0x0 0xa70005 0x0 0x0 0x0 0x0 0x0 0x0 0xaa0005 0x0 0x0 0x0 0x0 0x0 0x0 0xad0002 0x0 0xb60007 0x1066 0xe8 0x0 0xc10002 0x0 0xc60005 0x0 0x0 0x0 0x0 0x0 0x0 0xcc0005 0x0 0x0 0x0 0x0 0x0 0x0 0xcf0005 0x0 0x0 0x0 0x0 0x0 0x0 0xd20002 0x0 0x0 0x0 0x0 0x0 0x0 0x0 0x0 0x0 0x0 0x0 0x9 0x5 0x0 0x0 0x0 0x0 0x0 oops 0 methods 0
ciMethodData sun/security/util/ArrayUtil nullAndBoundsCheck ([BII)V 2 5971 orig 80 0 0 0 0 0 0 0 0 0 0 0 0 3 2 0 0 0 0 0 0 0 0 0 0 0 0 0 0 0 0 0 0 0 0 0 0 0 0 0 0 0 0 0 0 0 0 0 0 0 0 0 0 0 0 0 0 0 0 0 0 0 0 0 0 0 0 0 0 0 0 0 0 0 0 0 0 0 0 0 0 data 13 0x70002 0x1753 0x0 0x0 0x0 0x0 0x0 0x0 0x9 0x3 0x0 0x0 0x0 oops 0 methods 0
ciMethodData java/nio/HeapByteBuffer <init> ([BIIIIILjava/lang/foreign/MemorySegment;)V 2 4451 orig 80 0 0 0 0 0 0 0 0 0 0 0 0 3 2 0 0 0 0 0 0 0 0 0 0 0 0 0 0 0 0 0 0 0 0 0 0 0 0 0 0 0 0 0 0 0 0 0 0 0 0 0 0 0 0 0 0 0 0 0 0 0 0 0 0 0 0 0 0 0 0 0 0 0 0 0 0 0 0 0 0 data 16 0xc0002 0x1164 0x0 0x0 0x0 0x0 0x9 0x8 0x0 0x0 0x0 0x0 0x0 0x0 0x0 0x0 oops 0 methods 0
ciMethodData java/nio/Buffer reset ()Ljava/nio/Buffer; 2 3380 orig 80 0 0 0 0 0 0 0 0 0 0 0 0 3 2 0 0 0 0 0 0 0 0 0 0 0 0 0 0 0 0 0 0 0 0 0 0 0 0 0 0 0 0 0 0 0 0 0 0 0 0 0 0 0 0 0 0 0 0 0 0 0 0 0 0 0 0 0 0 0 0 0 0 0 0 0 0 0 0 0 0 data 13 0x60007 0xd35 0x30 0x0 0xd0002 0x0 0x0 0x0 0x0 0x0 0x9 0x1 0x8 oops 0 methods 0
ciMethodData java/nio/HeapByteBuffer duplicate ()Ljava/nio/ByteBuffer; 2 3262 orig 80 0 0 0 0 0 0 0 0 0 0 0 0 3 2 0 0 0 0 0 0 0 0 0 0 0 0 0 0 0 0 0 0 0 0 0 0 0 0 0 0 0 0 0 0 0 0 0 0 0 0 0 0 0 0 0 0 0 0 0 0 0 0 0 0 0 0 0 0 0 0 0 0 0 0 0 0 0 0 0 0 data 39 0x90005 0xcbf 0x0 0x0 0x0 0x0 0x0 0xd0005 0xcbf 0x0 0x0 0x0 0x0 0x0 0x110005 0xcc0 0x0 0x0 0x0 0x0 0x0 0x150005 0xcc1 0x0 0x0 0x0 0x0 0x0 0x200002 0xcc2 0x0 0x0 0x0 0x0 0x0 0x0 0x9 0x1 0x0 oops 0 methods 0
ciMethodData com/sun/crypto/provider/FeedbackCipher <init> (Lcom/sun/crypto/provider/SymmetricCipher;)V 2 2171 orig 80 0 0 0 0 0 0 0 0 0 0 0 0 3 2 0 0 0 0 0 0 0 0 0 0 0 0 0 0 0 0 0 0 0 0 0 0 0 0 0 0 0 0 0 0 0 0 0 0 0 0 0 0 0 0 0 0 0 0 0 0 0 0 0 0 0 0 0 0 0 0 0 0 0 0 0 0 0 0 0 0 data 19 0x10002 0x87c 0xb0005 0x0 0x0 0x2041808d7e0 0x87c 0x0 0x0 0x0 0x0 0x0 0x0 0x0 0x0 0x9 0x2 0x6 0x0 oops 1 5 com/sun/crypto/provider/AESCrypt methods 0
ciMethodData com/sun/crypto/provider/GCTR update ([BII[BI)I 2 2868 orig 80 0 0 0 0 0 0 0 0 0 0 0 0 3 2 0 0 0 0 0 0 0 0 0 0 0 0 0 0 0 0 0 0 0 0 0 0 0 0 0 0 0 0 0 0 0 0 0 0 0 0 0 0 0 0 0 0 0 0 0 0 0 0 0 0 0 0 0 0 0 0 0 0 0 0 0 0 0 0 0 0 data 90 0x10007 0xb2d 0x20 0x7 0xb0007 0xb2e 0x30 0x0 0x140002 0x0 0x190007 0xb2e 0x30 0x0 0x220002 0x0 0x340007 0xb2f 0x30 0x0 0x3d0002 0x0 0x4b0005 0xb2e 0x0 0x0 0x0 0x0 0x0 0x5e0007 0xb32 0x110 0x0 0x620005 0x0 0x0 0x0 0x0 0x0 0x0 0x6c0007 0x0 0xb8 0x0 0x7d0005 0x0 0x0 0x0 0x0 0x0 0x0 0x890007 0x0 0x38 0x0 0xb20003 0x0 0xffffffffffffffe0 0xb90002 0x0 0xbf0003 0x0 0xffffffffffffff60 0xcc0005 0x0 0x0 0x2041814de78 0xb32 0x0 0x0 0x0 0x0 0x0 0x0 0x0 0x0 0x0 0x0 0x0 0x0 0x0 0x0 0x9 0x6 0x0 0x0 0x0 0x0 0x0 0x0 oops 1 66 com/sun/crypto/provider/GCTR methods 0
ciMethodData com/sun/crypto/provider/GCTR blocksUntilRollover ()J 2 2860 orig 80 0 0 0 0 0 0 0 0 0 0 0 0 4 2 0 0 0 0 0 0 0 0 0 0 0 0 0 0 0 0 0 0 0 0 0 0 0 0 0 0 0 0 0 0 0 0 0 0 0 0 0 0 0 0 0 0 0 0 0 0 0 0 0 0 0 0 0 0 0 0 0 0 0 0 0 0 0 0 0 0 data 25 0xc0002 0xb2e 0x140005 0xb33 0x0 0x0 0x0 0x0 0x0 0x1c0005 0x0 0x0 0x2041679af18 0xb33 0x0 0x0 0x0 0x0 0x0 0x0 0x0 0x0 0x9 0x1 0x0 oops 1 12 java/nio/HeapByteBuffer methods 0
ciMethodData com/sun/crypto/provider/GCTR checkBlock ()V 2 1081 orig 80 0 0 0 0 0 0 0 0 0 0 0 0 4 2 0 0 0 0 0 0 0 0 0 0 0 0 0 0 0 0 0 0 0 0 0 0 0 0 0 0 0 0 0 0 0 0 0 0 0 0 0 0 0 0 0 0 0 0 0 0 0 0 0 0 0 0 0 0 0 0 0 0 0 0 0 0 0 0 0 0 data 18 0x40007 0x0 0x38 0x439 0x110003 0x439 0x28 0x190002 0x0 0x0 0x0 0x0 0x0 0x0 0x0 0x9 0x1 0x0 oops 0 methods 0
ciMethodData com/sun/crypto/provider/CounterMode encrypt ([BII[BI)I 2 2865 orig 80 0 0 0 0 0 0 0 0 0 0 0 0 4 2 0 0 0 0 0 0 0 0 0 0 0 0 0 0 0 0 0 0 0 0 0 0 0 0 0 0 0 0 0 0 0 0 0 0 0 0 0 0 0 0 0 0 0 0 0 0 0 0 0 0 0 0 0 0 0 0 0 0 0 0 0 0 0 0 0 0 data 21 0x80005 0xb31 0x0 0x0 0x0 0x0 0x0 0x0 0x0 0x0 0x0 0x0 0x0 0x9 0x6 0x0 0x0 0x0 0x0 0x0 0x0 oops 0 methods 0
ciMethodData com/sun/crypto/provider/GCTR doFinal ([BII[BI)I 2 2124 orig 80 0 0 0 0 0 0 0 0 0 0 0 0 3 2 0 0 0 0 0 0 0 0 0 0 0 0 0 0 0 0 0 0 0 0 0 0 0 0 0 0 0 0 0 0 0 0 0 0 0 0 0 0 0 0 0 0 0 0 0 0 0 0 0 0 0 0 0 0 0 0 0 0 0 0 0 0 0 0 0 0 data 50 0x10007 0x84c 0x20 0x0 0x1d0005 0x84d 0x0 0x0 0x0 0x0 0x0 0x230007 0x42c 0xc8 0x424 0x270005 0x424 0x0 0x0 0x0 0x0 0x0 0x380005 0x0 0x0 0x2041808d7e0 0x424 0x0 0x0 0x420007 0x424 0x38 0xeb2 0x650003 0xeb2 0xffffffffffffffe0 0x0 0x0 0x0 0x0 0x0 0x0 0x9 0x6 0x0 0x0 0x0 0x0 0x0 0x0 oops 1 25 com/sun/crypto/provider/AESCrypt methods 0
ciMethodData com/sun/crypto/provider/GaloisCounterMode$GCMDecrypt doFinal (Ljava/nio/ByteBuffer;Ljava/nio/ByteBuffer;)I 2 1023 orig 80 0 0 0 0 0 0 0 0 0 0 0 0 3 2 0 0 0 0 0 0 0 0 0 0 0 0 0 0 0 0 0 0 0 0 0 0 0 0 0 0 0 0 0 0 0 0 0 0 0 0 0 0 0 0 0 0 0 0 0 0 0 0 0 0 0 0 0 0 0 0 0 0 0 0 0 0 0 0 0 0 data 508 0x10005 0x0 0x0 0x2041679af18 0x3ff 0x0 0x0 0xb0005 0x402 0x0 0x0 0x0 0x0 0x0 0x190005 0x0 0x0 0x20416799b90 0x403 0x0 0x0 0x1c0007 0x402 0xa0 0x0 0x230005 0x0 0x0 0x0 0x0 0x0 0x0 0x260002 0x0 0x2f0005 0x0 0x0 0x0 0x0 0x0 0x0 0x370007 0x402 0x120 0x0 0x420002 0x0 0x470005 0x0 0x0 0x0 0x0 0x0 0x0 0x510005 0x0 0x0 0x0 0x0 0x0 0x0 0x560005 0x0 0x0 0x0 0x0 0x0 0x0 0x590005 0x0 0x0 0x0 0x0 0x0 0x0 0x5c0002 0x0 0x690005 0x401 0x0 0x0 0x0 0x0 0x0 0x6f0005 0x402 0x0 0x0 0x0 0x0 0x0 0x720007 0x402 0x120 0x0 0x7d0002 0x0 0x820005 0x0 0x0 0x0 0x0 0x0 0x0 0x870005 0x0 0x0 0x0 0x0 0x0 0x0 0x8c0005 0x0 0x0 0x0 0x0 0x0 0x0 0x8f0005 0x0 0x0 0x0 0x0 0x0 0x0 0x920002 0x0 0x980005 0x402 0x0 0x0 0x0 0x0 0x0 0xa20007 0x0 0x150 0x402 0xa60005 0x0 0x0 0x2041679af18 0x402 0x0 0x0 0xad0005 0x403 0x0 0x0 0x0 0x0 0x0 0xb80005 0x0 0x0 0x2041679af18 0x403 0x0 0x0 0xc00005 0x403 0x0 0x0 0x0 0x0 0x0 0xcb0005 0x0 0x0 0x2041679af18 0x403 0x0 0x0 0xcf0003 0x402 0x358 0xd40007 0x0 0x240 0x0 0xde0002 0x0 0xe40005 0x0 0x0 0x0 0x0 0x0 0x0 0xf00005 0x0 0x0 0x0 0x0 0x0 0x0 0xf90005 0x0 0x0 0x0 0x0 0x0 0x0 0x1010005 0x0 0x0 0x0 0x0 0x0 0x0 0x1080005 0x0 0x0 0x0 0x0 0x0 0x0 0x10e0005 0x0 0x0 0x0 0x0 0x0 0x0 0x1160005 0x0 0x0 0x0 0x0 0x0 0x0 0x11d0005 0x0 0x0 0x0 0x0 0x0 0x0 0x1220005 0x0 0x0 0x0 0x0 0x0 0x0 0x1260003 0x0 0x118 0x1310002 0x0 0x1360005 0x0 0x0 0x0 0x0 0x0 0x0 0x1400005 0x0 0x0 0x0 0x0 0x0 0x0 0x1450005 0x0 0x0 0x0 0x0 0x0 0x0 0x1480005 0x0 0x0 0x0 0x0 0x0 0x0 0x14b0002 0x0 0x1520005 0x0 0x0 0x20416799b90 0x401 0x0 0x0 0x1570005 0x0 0x0 0x2041679af18 0x403 0x0 0x0 0x15c0005 0x0 0x0 0x20416799b90 0x400 0x0 0x0 0x16c0002 0x402 0x1740005 0x0 0x0 0x20416799b90 0x403 0x0 0x0 0x17f0002 0x403 0x18a0005 0x402 0x0 0x0 0x0 0x0 0x0 0x1920005 0x402 0x0 0x0 0x0 0x0 0x0 0x1a60002 0x403 0x1b60005 0x401 0x0 0x0 0x0 0x0 0x0 0x1c90007 0x403 0x70 0x4011 0x1cf0005 0x0 0x0 0x2041679af18 0x4011 0x0 0x0 0x1de0003 0x400e 0xffffffffffffffa8 0x1e30007 0x403 0x360 0x0 0x1e70005 0x0 0x0 0x0 0x0 0x0 0x0 0x1ef0007 0x0 0x2f8 0x0 0x1f30005 0x0 0x0 0x0 0x0 0x0 0x0 0x1f60007 0x0 0xf0 0x0 0x1fa0005 0x0 0x0 0x0 0x0 0x0 0x0 0x1fe0005 0x0 0x0 0x0 0x0 0x0 0x0 0x2050005 0x0 0x0 0x0 0x0 0x0 0x0 0x2100002 0x0 0x2130003 0x0 0x1c8 0x21a0005 0x0 0x0 0x0 0x0 0x0 0x0 0x21f0002 0x0 0x2230004 0x0 0x0 0x0 0x0 0x0 0x0 0x2260005 0x0 0x0 0x0 0x0 0x0 0x0 0x22e0005 0x0 0x0 0x0 0x0 0x0 0x0 0x2340005 0x0 0x0 0x0 0x0 0x0 0x0 0x23b0005 0x0 0x0 0x0 0x0 0x0 0x0 0x2400003 0x0 0x50 0x2490005 0x0 0x0 0x0 0x0 0x0 0x0 0x2570002 0x0 0x25d0005 0x403 0x0 0x0 0x0 0x0 0x0 0x2600005 0x0 0x0 0x2041679af18 0x403 0x0 0x0 0x26e0005 0x0 0x0 0x20416799b90 0x403 0x0 0x0 0x0 0x0 0x0 0x0 0x0 0x0 0x0 0x0 0x0 0x0 0x0 0x0 0x0 0x0 0x0 0x0 0x0 0x0 0x0 0x0 0x0 0x0 0x0 0x0 0x0 0x9 0x3 0x0 0x0 0x0 oops 12 3 java/nio/HeapByteBuffer 17 com/sun/crypto/provider/GaloisCounterMode$GCMDecrypt 141 java/nio/HeapByteBuffer 155 java/nio/HeapByteBuffer 169 java/nio/HeapByteBuffer 283 com/sun/crypto/provider/GaloisCounterMode$GCMDecrypt 290 java/nio/HeapByteBuffer 297 com/sun/crypto/provider/GaloisCounterMode$GCMDecrypt 306 com/sun/crypto/provider/GaloisCounterMode$GCMDecrypt 342 java/nio/HeapByteBuffer 467 java/nio/HeapByteBuffer 474 com/sun/crypto/provider/GaloisCounterMode$GCMDecrypt methods 0
ciMethodData com/sun/crypto/provider/GaloisCounterMode$GCMEngine getBufferedLength ()I 2 1080 orig 80 0 0 0 0 0 0 0 0 0 0 0 0 4 2 0 0 0 0 0 0 0 0 0 0 0 0 0 0 0 0 0 0 0 0 0 0 0 0 0 0 0 0 0 0 0 0 0 0 0 0 0 0 0 0 0 0 0 0 0 0 0 0 0 0 0 0 0 0 0 0 0 0 0 0 0 0 0 0 0 0 data 23 0x40007 0x0 0x38 0x438 0x80003 0x439 0x50 0xf0005 0x0 0x0 0x0 0x0 0x0 0x0 0x0 0x0 0x0 0x0 0x0 0x0 0x9 0x1 0x0 oops 0 methods 0
ciMethodData com/sun/crypto/provider/GaloisCounterMode$GCMDecrypt checkDataLength ([I)V 2 1023 orig 80 0 0 0 0 0 0 0 0 0 0 0 0 4 2 0 0 0 0 0 0 0 0 0 0 0 0 0 0 0 0 0 0 0 0 0 0 0 0 0 0 0 0 0 0 0 0 0 0 0 0 0 0 0 0 0 0 0 0 0 0 0 0 0 0 0 0 0 0 0 0 0 0 0 0 0 0 0 0 0 0 data 25 0x100007 0x402 0x78 0x401 0x1c0002 0x402 0x210007 0x402 0x30 0x0 0x2a0002 0x0 0x310003 0x402 0xffffffffffffffa0 0x0 0x0 0x0 0x0 0x0 0x0 0x9 0x2 0x0 0x0 oops 0 methods 0
ciMethodData com/sun/crypto/provider/GaloisCounterMode$GCMEngine overlapDetection (Ljava/nio/ByteBuffer;Ljava/nio/ByteBuffer;)Ljava/nio/ByteBuffer; 2 1052 orig 80 0 0 0 0 0 0 0 0 0 0 0 0 4 2 0 0 0 0 0 0 0 0 0 0 0 0 0 0 0 0 0 0 0 0 0 0 0 0 0 0 0 0 0 0 0 0 0 0 0 0 0 0 0 0 0 0 0 0 0 0 0 0 0 0 0 0 0 0 0 0 0 0 0 0 0 0 0 0 0 0 data 360 0x10005 0x0 0x0 0x2041679af18 0x41c 0x0 0x0 0x40007 0x41e 0x610 0x0 0x80005 0x0 0x0 0x0 0x0 0x0 0x0 0xb0007 0x0 0x5b8 0x0 0xf0004 0x0 0x0 0x0 0x0 0x0 0x0 0x140004 0x0 0x0 0x0 0x0 0x0 0x0 0x1a0005 0x0 0x0 0x0 0x0 0x0 0x0 0x230005 0x0 0x0 0x0 0x0 0x0 0x0 0x2b0005 0x0 0x0 0x0 0x0 0x0 0x0 0x300007 0x0 0x150 0x0 0x340005 0x0 0x0 0x0 0x0 0x0 0x0 0x390004 0x0 0x0 0x0 0x0 0x0 0x0 0x3c0005 0x0 0x0 0x0 0x0 0x0 0x0 0x440005 0x0 0x0 0x0 0x0 0x0 0x0 0x490004 0x0 0x0 0x0 0x0 0x0 0x0 0x4d0003 0x0 0xfffffffffffffe90 0x520005 0x0 0x0 0x0 0x0 0x0 0x0 0x570007 0x0 0x150 0x0 0x5c0005 0x0 0x0 0x0 0x0 0x0 0x0 0x610004 0x0 0x0 0x0 0x0 0x0 0x0 0x640005 0x0 0x0 0x0 0x0 0x0 0x0 0x6d0005 0x0 0x0 0x0 0x0 0x0 0x0 0x720004 0x0 0x0 0x0 0x0 0x0 0x0 0x770003 0x0 0xfffffffffffffe90 0x7f0007 0x0 0x20 0x0 0x850004 0x0 0x0 0x0 0x0 0x0 0x0 0x880005 0x0 0x0 0x0 0x0 0x0 0x0 0x910005 0x0 0x0 0x0 0x0 0x0 0x0 0x970004 0x0 0x0 0x0 0x0 0x0 0x0 0x9a0005 0x0 0x0 0x0 0x0 0x0 0x0 0xa30005 0x0 0x0 0x0 0x0 0x0 0x0 0xa90007 0x0 0x20 0x0 0xae0003 0x0 0x2e8 0xb20005 0x0 0x0 0x2041679af18 0x41c 0x0 0x0 0xb50007 0x0 0x298 0x41c 0xb90005 0x0 0x0 0x2041679af18 0x41c 0x0 0x0 0xbc0007 0x0 0x240 0x41c 0xc00005 0x0 0x0 0x2041679af18 0x41c 0x0 0x0 0xc30007 0x0 0x1e8 0x41f 0xc70005 0x41f 0x0 0x0 0x0 0x0 0x0 0xcb0005 0x41e 0x0 0x0 0x0 0x0 0x0 0xce0007 0x41e 0x20 0x0 0xd40005 0x41e 0x0 0x0 0x0 0x0 0x0 0xd80005 0x41e 0x0 0x0 0x0 0x0 0x0 0xdd0005 0x41e 0x0 0x0 0x0 0x0 0x0 0xe10005 0x41e 0x0 0x0 0x0 0x0 0x0 0xe50007 0x0 0x58 0x41e 0xf00007 0x1b 0x38 0x403 0xf40003 0x403 0x18 0x1000005 0x0 0x0 0x0 0x0 0x0 0x0 0x1050005 0x0 0x0 0x0 0x0 0x0 0x0 0x1080002 0x0 0x10f0005 0x0 0x0 0x0 0x0 0x0 0x0 0x1120005 0x0 0x0 0x0 0x0 0x0 0x0 0x1180005 0x0 0x0 0x0 0x0 0x0 0x0 0x11b0005 0x0 0x0 0x0 0x0 0x0 0x0 0x1220005 0x0 0x0 0x0 0x0 0x0 0x0 0x1280005 0x0 0x0 0x0 0x0 0x0 0x0 0x0 0x0 0x0 0x0 0x0 0x0 0x9 0x3 0x0 0x0 0x0 oops 4 3 java/nio/HeapByteBuffer 204 java/nio/HeapByteBuffer 215 java/nio/HeapByteBuffer 226 java/nio/HeapByteBuffer methods 0
ciMethodData com/sun/crypto/provider/GaloisCounterMode$GCMEngine processAAD ()V 2 1052 orig 80 0 0 0 0 0 0 0 0 0 0 0 0 4 2 0 0 0 0 0 0 0 0 0 0 0 0 0 0 0 0 0 0 0 0 0 0 0 0 0 0 0 0 0 0 0 0 0 0 0 0 0 0 0 0 0 0 0 0 0 0 0 0 0 0 0 0 0 0 0 0 0 0 0 0 0 0 0 0 0 0 data 63 0x40007 0x0 0x1a0 0x41c 0xb0005 0x0 0x0 0x20418152f70 0x41c 0x0 0x0 0xe0007 0x0 0x148 0x41f 0x150005 0x0 0x0 0x20418152f70 0x41f 0x0 0x0 0x280007 0x0 0xb8 0x41e 0x350005 0x41e 0x0 0x0 0x0 0x0 0x0 0x430002 0x41d 0x4c0005 0x41d 0x0 0x0 0x0 0x0 0x0 0x500003 0x41c 0x50 0x580005 0x0 0x0 0x0 0x0 0x0 0x0 0x0 0x0 0x0 0x0 0x0 0x0 0x0 0x0 0x9 0x1 0x0 oops 2 7 java/io/ByteArrayOutputStream 18 java/io/ByteArrayOutputStream methods 0
ciMethodData com/sun/crypto/provider/GaloisCounterMode$DecryptOp <init> (Lcom/sun/crypto/provider/GCTR;Lcom/sun/crypto/provider/GHASH;)V 2 1028 orig 80 0 0 0 0 0 0 0 0 0 0 0 0 4 2 0 0 0 0 0 0 0 0 0 0 0 0 0 0 0 0 0 0 0 0 0 0 0 0 0 0 0 0 0 0 0 0 0 0 0 0 0 0 0 0 0 0 0 0 0 0 0 0 0 0 0 0 0 0 0 0 0 0 0 0 0 0 0 0 0 0 data 11 0x10002 0x404 0x0 0x0 0x0 0x0 0x9 0x3 0x0 0x0 0x0 oops 0 methods 0
ciMethodData com/sun/crypto/provider/GaloisCounterMode$GCMEngine doLastBlock (Lcom/sun/crypto/provider/GaloisCounterMode$GCMOperation;Ljava/nio/ByteBuffer;Ljava/nio/ByteBuffer;Ljava/nio/ByteBuffer;)I 2 1050 orig 80 0 0 0 0 0 0 0 0 0 0 0 0 4 2 0 0 0 0 0 0 0 0 0 0 0 0 0 0 0 0 0 0 0 0 0 0 0 0 0 0 0 0 0 0 0 0 0 0 0 0 0 0 0 0 0 0 0 0 0 0 0 0 0 0 0 0 0 0 0 0 0 0 0 0 0 0 0 0 0 0 data 148 0x40007 0x41c 0x70 0x0 0x80005 0x0 0x0 0x0 0x0 0x0 0x0 0xb0003 0x0 0x18 0x130007 0x41c 0x300 0x0 0x1b0007 0x0 0x58 0x0 0x220005 0x0 0x0 0x0 0x0 0x0 0x0 0x340007 0x0 0x58 0x0 0x3b0005 0x0 0x0 0x0 0x0 0x0 0x0 0x520007 0x0 0x230 0x0 0x5e0005 0x0 0x0 0x0 0x0 0x0 0x0 0x690005 0x0 0x0 0x0 0x0 0x0 0x0 0x6e0005 0x0 0x0 0x0 0x0 0x0 0x0 0x780002 0x0 0x7f0007 0x0 0x58 0x0 0x890005 0x0 0x0 0x0 0x0 0x0 0x0 0x9a0007 0x0 0x70 0x0 0xa90005 0x0 0x0 0x0 0x0 0x0 0x0 0xb10003 0x0 0xa8 0xbf0005 0x0 0x0 0x0 0x0 0x0 0x0 0xc90007 0x0 0x58 0x0 0xd30005 0x0 0x0 0x0 0x0 0x0 0x0 0xdb0005 0x41d 0x0 0x0 0x0 0x0 0x0 0xe10007 0x15d 0x58 0x2c0 0xea0005 0x0 0x0 0x20416799b90 0x2c1 0x0 0x0 0xf60005 0x0 0x0 0x2041814dcf8 0x403 0x204163a1980 0x1b 0x0 0x0 0x0 0x0 0x0 0x0 0x9 0x5 0x0 0x0 0x0 0x0 0x0 oops 3 124 com/sun/crypto/provider/GaloisCounterMode$GCMDecrypt 131 com/sun/crypto/provider/GaloisCounterMode$DecryptOp 133 com/sun/crypto/provider/GaloisCounterMode$EncryptOp methods 0
ciMethodData com/sun/crypto/provider/GaloisCounterMode getLengthBlock (II)[B 2 1055 orig 80 0 0 0 0 0 0 0 0 0 0 0 0 4 2 0 0 0 0 0 0 0 0 0 0 0 0 0 0 0 0 0 0 0 0 0 0 0 0 0 0 0 0 0 0 0 0 0 0 0 0 0 0 0 0 0 0 0 0 0 0 0 0 0 0 0 0 0 0 0 0 0 0 0 0 0 0 0 0 0 0 data 30 0x12000b 0x41f 0x0 0x0 0x0 0x0 0x0 0x2 0x1 0x2041600fb18 0x23000b 0x41f 0x0 0x0 0x0 0x0 0x0 0x2 0x1 0x2041600fb18 0x0 0x0 0x0 0x0 0x0 0x0 0x9 0x2 0x0 0x0 oops 2 9 [B 19 [B methods 0
ciMethodData com/sun/crypto/provider/GHASH update ([B)I 2 2106 orig 80 0 0 0 0 0 0 0 0 0 0 0 0 4 2 0 0 0 0 0 0 0 0 0 0 0 0 0 0 0 0 0 0 0 0 0 0 0 0 0 0 0 0 0 0 0 0 0 0 0 0 0 0 0 0 0 0 0 0 0 0 0 0 0 0 0 0 0 0 0 0 0 0 0 0 0 0 0 0 0 0 data 17 0x50005 0x83a 0x0 0x0 0x0 0x0 0x0 0x0 0x0 0x0 0x0 0x0 0x0 0x9 0x2 0x0 0x0 oops 0 methods 0
ciMethodData com/sun/crypto/provider/GHASH digest ()[B 2 1052 orig 80 0 0 0 0 0 0 0 0 0 0 0 0 4 2 0 0 0 0 0 0 0 0 0 0 0 0 0 0 0 0 0 0 0 0 0 0 0 0 0 0 0 0 0 0 0 0 0 0 0 0 0 0 0 0 0 0 0 0 0 0 0 0 0 0 0 0 0 0 0 0 0 0 0 0 0 0 0 0 0 0 data 29 0x10000b 0x41c 0x0 0x0 0x0 0x0 0x0 0x2 0x1 0x2041600fb18 0x1f000b 0x41e 0x0 0x0 0x0 0x0 0x0 0x2 0x1 0x2041600fb18 0x0 0x0 0x0 0x0 0x0 0x0 0x9 0x1 0x0 oops 2 9 [B 19 [B methods 0
ciMethodData com/sun/crypto/provider/GCTR <init> (Lcom/sun/crypto/provider/SymmetricCipher;[B)V 2 2105 orig 80 0 0 0 0 0 0 0 0 0 0 0 0 4 2 0 0 0 0 0 0 0 0 0 0 0 0 0 0 0 0 0 0 0 0 0 0 0 0 0 0 0 0 0 0 0 0 0 0 0 0 0 0 0 0 0 0 0 0 0 0 0 0 0 0 0 0 0 0 0 0 0 0 0 0 0 0 0 0 0 0 data 70 0x20002 0x83a 0xb0007 0x839 0x190 0x0 0x160002 0x0 0x1b0005 0x0 0x0 0x0 0x0 0x0 0x0 0x200005 0x0 0x0 0x0 0x0 0x0 0x0 0x250005 0x0 0x0 0x0 0x0 0x0 0x0 0x2c0005 0x0 0x0 0x0 0x0 0x0 0x0 0x310005 0x0 0x0 0x0 0x0 0x0 0x0 0x340005 0x0 0x0 0x0 0x0 0x0 0x0 0x370002 0x0 0x410005 0x0 0x0 0x2041814de78 0x838 0x0 0x0 0x0 0x0 0x0 0x0 0x0 0x0 0x9 0x3 0x0 0x0 0x0 oops 1 55 com/sun/crypto/provider/GCTR methods 0
ciMethodData com/sun/crypto/provider/GaloisCounterMode$GCMEngine restoreDst (Ljava/nio/ByteBuffer;)V 2 1057 orig 80 0 0 0 0 0 0 0 0 0 0 0 0 4 2 0 0 0 0 0 0 0 0 0 0 0 0 0 0 0 0 0 0 0 0 0 0 0 0 0 0 0 0 0 0 0 0 0 0 0 0 0 0 0 0 0 0 0 0 0 0 0 0 0 0 0 0 0 0 0 0 0 0 0 0 0 0 0 0 0 0 data 28 0x40007 0x0 0x20 0x421 0x90005 0x0 0x0 0x0 0x0 0x0 0x0 0x120005 0x0 0x0 0x0 0x0 0x0 0x0 0x0 0x0 0x0 0x0 0x0 0x0 0x9 0x2 0x0 0x0 oops 0 methods 0
ciMethodData java/nio/HeapByteBuffer get ([BII)Ljava/nio/ByteBuffer; 2 2067 orig 80 0 0 0 0 0 0 0 0 0 0 0 0 3 2 0 0 0 0 0 0 0 0 0 0 0 0 0 0 0 0 0 0 0 0 0 0 0 0 0 0 0 0 0 0 0 0 0 0 0 0 0 0 0 0 0 0 0 0 0 0 0 0 0 0 0 0 0 0 0 0 0 0 0 0 0 0 0 0 0 0 data 57 0x10005 0x813 0x0 0x0 0x0 0x0 0x0 0x80002 0x814 0xd0005 0x816 0x0 0x0 0x0 0x0 0x0 0x140005 0x816 0x0 0x0 0x0 0x0 0x0 0x1a0007 0x816 0x30 0x0 0x210002 0x0 0x2c0005 0x0 0x0 0x2041679af18 0x816 0x0 0x0 0x320002 0x816 0x3a0005 0x0 0x0 0x2041679af18 0x816 0x0 0x0 0x0 0x0 0x0 0x0 0x0 0x0 0x9 0x4 0x0 0x0 0x0 0x0 oops 2 32 java/nio/HeapByteBuffer 41 java/nio/HeapByteBuffer methods 0
ciMethodData com/sun/crypto/provider/CounterMode crypt ([BII[BI)I 2 2705 orig 80 0 0 0 0 0 0 0 0 0 0 0 0 4 2 0 0 0 0 0 0 0 0 0 0 0 0 0 0 0 0 0 0 0 0 0 0 0 0 0 0 0 0 0 0 0 0 0 0 0 0 0 0 0 0 0 0 0 0 0 0 0 0 0 0 0 0 0 0 0 0 0 0 0 0 0 0 0 0 0 0 data 29 0x10007 0xa92 0x20 0x0 0x90002 0xa93 0x110002 0xa92 0x1c0005 0xa94 0x0 0x0 0x0 0x0 0x0 0x0 0x0 0x0 0x0 0x0 0x0 0x9 0x6 0x0 0x0 0x0 0x0 0x0 0x0 oops 0 methods 0
ciMethodData com/sun/crypto/provider/CounterMode <init> (Lcom/sun/crypto/provider/SymmetricCipher;)V 2 1976 orig 80 0 0 0 0 0 0 0 0 0 0 0 0 4 2 0 0 0 0 0 0 0 0 0 0 0 0 0 0 0 0 0 0 0 0 0 0 0 0 0 0 0 0 0 0 0 0 0 0 0 0 0 0 0 0 0 0 0 0 0 0 0 0 0 0 0 0 0 0 0 0 0 0 0 0 0 0 0 0 0 0 data 11 0x20002 0x7b8 0x0 0x0 0x0 0x0 0x0 0x9 0x2 0x7e 0x0 oops 0 methods 0
ciMethodData com/sun/crypto/provider/CounterMode reset ()V 2 1975 orig 80 0 0 0 0 0 0 0 0 0 0 0 0 4 2 0 0 0 0 0 0 0 0 0 0 0 0 0 0 0 0 0 0 0 0 0 0 0 0 0 0 0 0 0 0 0 0 0 0 0 0 0 0 0 0 0 0 0 0 0 0 0 0 0 0 0 0 0 0 0 0 0 0 0 0 0 0 0 0 0 0 data 11 0xe0002 0x7b7 0x0 0x0 0x0 0x0 0x0 0x0 0x9 0x1 0x0 oops 0 methods 0
ciMethodData com/sun/crypto/provider/GaloisCounterMode expandToOneBlock ([BIII)[B 2 1904 orig 80 0 0 0 0 0 0 0 0 0 0 0 0 0 0 0 0 0 0 0 0 0 0 0 0 0 0 0 0 0 0 0 0 0 0 0 0 0 0 0 0 0 0 0 0 0 0 0 0 0 0 0 0 0 0 0 0 0 0 0 0 0 0 0 0 0 0 0 0 0 0 0 0 0 0 0 0 0 0 0 0 data 58 0x20007 0x771 0x120 0x0 0xd0002 0x0 0x130005 0x0 0x0 0x0 0x0 0x0 0x0 0x170005 0x0 0x0 0x0 0x0 0x0 0x0 0x1d0005 0x0 0x0 0x0 0x0 0x0 0x0 0x200005 0x0 0x0 0x0 0x0 0x0 0x0 0x230002 0x0 0x290007 0x770 0x40 0x0 0x2d0007 0x0 0x20 0x0 0x3d0002 0x772 0x0 0x0 0x0 0x0 0x0 0x0 0x9 0x4 0x0 0x0 0x0 0x0 oops 0 methods 0
ciMethodData com/sun/crypto/provider/GHASH doFinal (Ljava/nio/ByteBuffer;I)I 1 823 orig 80 0 0 0 0 0 0 0 0 0 0 0 0 3 2 0 0 0 0 0 0 0 0 0 0 0 0 0 0 0 0 0 0 0 0 0 0 0 0 0 0 0 0 0 0 0 0 0 0 0 0 0 0 0 0 0 0 0 0 0 0 0 0 0 0 0 0 0 0 0 0 0 0 0 0 0 0 0 0 0 0 data 40 0x50007 0x7 0x58 0x330 0xb0005 0x330 0x0 0x0 0x0 0x0 0x0 0x110007 0x334 0x20 0x3 0x230005 0x0 0x0 0x2041679af18 0x334 0x0 0x0 0x2d0005 0x334 0x0 0x0 0x0 0x0 0x0 0x0 0x0 0x0 0x0 0x0 0x0 0x9 0x3 0x0 0xffffffffffffffff 0x0 oops 1 18 java/nio/HeapByteBuffer methods 0
ciMethodData com/sun/crypto/provider/GHASH update (Ljava/nio/ByteBuffer;I)I 1 816 orig 80 0 0 0 0 0 0 0 0 0 0 0 0 4 2 0 0 0 0 0 0 0 0 0 0 0 0 0 0 0 0 0 0 0 0 0 0 0 0 0 0 0 0 0 0 0 0 0 0 0 0 0 0 0 0 0 0 0 0 0 0 0 0 0 0 0 0 0 0 0 0 0 0 0 0 0 0 0 0 0 0 data 123 0x80007 0x330 0x20 0x0 0xe0005 0x0 0x0 0x2041679af18 0x330 0x0 0x0 0x110007 0x332 0x58 0x0 0x190005 0x0 0x0 0x0 0x0 0x0 0x0 0x1f0005 0x0 0x0 0x2041679af18 0x331 0x0 0x0 0x220007 0x0 0x170 0x331 0x270005 0x331 0x0 0x0 0x0 0x0 0x0 0x2b0005 0x331 0x0 0x0 0x0 0x0 0x0 0x2f0005 0x331 0x0 0x0 0x0 0x0 0x0 0x340005 0x331 0x0 0x0 0x0 0x0 0x0 0x3a0005 0x332 0x0 0x0 0x0 0x0 0x0 0x3f0005 0x0 0x0 0x2041679af18 0x331 0x0 0x0 0x4b0002 0x0 0x560007 0x0 0xa8 0x0 0x600005 0x0 0x0 0x0 0x0 0x0 0x0 0x6b0005 0x0 0x0 0x0 0x0 0x0 0x0 0x750003 0x0 0xffffffffffffff70 0x7d0005 0x0 0x0 0x0 0x0 0x0 0x0 0x860005 0x0 0x0 0x0 0x0 0x0 0x0 0x0 0x0 0x0 0x0 0x0 0x0 0x9 0x3 0x0 0xffffffffffffffff 0x0 oops 3 7 java/nio/HeapByteBuffer 25 java/nio/HeapByteBuffer 71 java/nio/HeapByteBuffer methods 0
ciMethodData com/sun/crypto/provider/GaloisCounterMode$GCMEngine implGCMCrypt (Ljava/nio/ByteBuffer;Ljava/nio/ByteBuffer;)I 1 693 orig 80 0 0 0 0 0 0 0 0 0 0 0 0 4 2 0 0 0 0 0 0 0 0 0 0 0 0 0 0 0 0 0 0 0 0 0 0 0 0 0 0 0 0 0 0 0 0 0 0 0 0 0 0 0 0 0 0 0 0 0 0 0 0 0 0 0 0 0 0 0 0 0 0 0 0 0 0 0 0 0 0 data 185 0x10005 0x2b5 0x0 0x0 0x0 0x0 0x0 0x50005 0x2b6 0x0 0x0 0x0 0x0 0x0 0x120007 0x2b5 0x20 0x0 0x180005 0x2b6 0x0 0x0 0x0 0x0 0x0 0x1b0007 0x0 0x3d0 0x2b5 0x1f0005 0x2b6 0x0 0x0 0x0 0x0 0x0 0x220007 0x0 0x378 0x2b6 0x2c0007 0x2b4 0x38 0x0 0x300003 0x0 0x18 0x370005 0x2b6 0x0 0x0 0x0 0x0 0x0 0x3b0005 0x2b5 0x0 0x0 0x0 0x0 0x0 0x3f0005 0x2b5 0x0 0x0 0x0 0x0 0x0 0x480007 0x0 0x38 0x2b4 0x4c0003 0x2b3 0x50 0x510005 0x0 0x0 0x0 0x0 0x0 0x0 0x560005 0x2b5 0x0 0x0 0x0 0x0 0x0 0x5b0005 0x2b5 0x0 0x0 0x0 0x0 0x0 0x600005 0x2b6 0x0 0x0 0x0 0x0 0x0 0x640005 0x2b6 0x0 0x0 0x0 0x0 0x0 0x680005 0x2b6 0x0 0x0 0x0 0x0 0x0 0x740002 0x2b6 0x7b0005 0x2b6 0x0 0x0 0x0 0x0 0x0 0x810005 0x0 0x0 0x2041679af18 0x2b6 0x0 0x0 0x870005 0x2b6 0x0 0x0 0x0 0x0 0x0 0x8d0005 0x0 0x0 0x2041679af18 0x2b6 0x0 0x0 0xa90007 0x0 0x38 0x0 0xae0003 0x0 0x18 0xbf0005 0x0 0x0 0x0 0x0 0x0 0x0 0xd90002 0x0 0xe60005 0x0 0x0 0x0 0x0 0x0 0x0 0xef0007 0x0 0xffffffffffffff80 0x0 0x0 0x0 0x0 0x0 0x0 0x0 0x9 0x3 0x0 0x0 0x0 oops 2 129 java/nio/HeapByteBuffer 143 java/nio/HeapByteBuffer methods 0
ciMethodData com/sun/crypto/provider/GCTR doFinal (Ljava/nio/ByteBuffer;Ljava/nio/ByteBuffer;)I 1 693 orig 80 0 0 0 0 0 0 0 0 0 0 0 0 0 0 0 0 0 0 0 0 0 0 0 0 0 0 0 0 0 0 0 0 0 0 0 0 0 0 0 0 0 0 0 0 0 0 0 0 0 0 0 0 0 0 0 0 0 0 0 0 0 0 0 0 0 0 0 0 0 0 0 0 0 0 0 0 0 0 0 0 data 170 0x10005 0x2b7 0x0 0x0 0x0 0x0 0x0 0x40007 0x0 0x318 0x2ba 0x80005 0x2bb 0x0 0x0 0x0 0x0 0x0 0xb0007 0x0 0x2c0 0x2bb 0x100005 0x2bb 0x0 0x0 0x0 0x0 0x0 0x140005 0x2bb 0x0 0x0 0x0 0x0 0x0 0x180005 0x2bc 0x0 0x0 0x0 0x0 0x0 0x1d0005 0x2bc 0x0 0x0 0x0 0x0 0x0 0x210005 0x2bc 0x0 0x0 0x0 0x0 0x0 0x250005 0x2bc 0x0 0x0 0x0 0x0 0x0 0x290005 0x2bc 0x0 0x0 0x0 0x0 0x0 0x2d0005 0x2bc 0x0 0x0 0x0 0x0 0x0 0x330005 0x2bc 0x0 0x0 0x0 0x0 0x0 0x380005 0x0 0x0 0x2041679af18 0x2bc 0x0 0x0 0x3e0005 0x2bc 0x0 0x0 0x0 0x0 0x0 0x430005 0x0 0x0 0x2041679af18 0x2bc 0x0 0x0 0x4a0005 0x0 0x0 0x0 0x0 0x0 0x0 0x590005 0x0 0x0 0x0 0x0 0x0 0x0 0x5f0007 0x0 0x138 0x0 0x630005 0x0 0x0 0x0 0x0 0x0 0x0 0x740005 0x0 0x0 0x0 0x0 0x0 0x0 0x7e0007 0x0 0xa8 0x0 0x830005 0x0 0x0 0x0 0x0 0x0 0x0 0x8f0005 0x0 0x0 0x0 0x0 0x0 0x0 0x960003 0x0 0xffffffffffffff70 0x0 0x0 0x0 0x0 0x0 0x0 0x9 0x3 0x0 0x0 0x0 oops 2 88 java/nio/HeapByteBuffer 102 java/nio/HeapByteBuffer methods 0
ciMethodData com/sun/crypto/provider/GHASH processBlocksDirect (Ljava/nio/ByteBuffer;I)V 1 0 orig 80 0 0 0 0 0 0 0 0 0 0 0 0 4 2 0 0 0 0 0 0 0 0 0 0 0 0 0 0 0 0 0 0 0 0 0 0 0 0 0 0 0 0 0 0 0 0 0 0 0 0 0 0 0 0 0 0 0 0 0 0 0 0 0 0 0 0 0 0 0 0 0 0 0 0 0 0 0 0 0 0 data 42 0x40002 0x0 0xe0007 0x0 0x80 0x0 0x170005 0x0 0x0 0x0 0x0 0x0 0x0 0x270002 0x0 0x300003 0x0 0xffffffffffffff98 0x360007 0x0 0x68 0x0 0x460005 0x0 0x0 0x0 0x0 0x0 0x0 0x590002 0x0 0x0 0x0 0x0 0x0 0x0 0x0 0x9 0x3 0x0 0xffffffffffffffff 0x0 oops 0 methods 0
ciMethodData com/sun/crypto/provider/GaloisCounterMode$DecryptOp doFinal (Ljava/nio/ByteBuffer;Ljava/nio/ByteBuffer;)I 1 644 orig 80 0 0 0 0 0 0 0 0 0 0 0 0 0 0 0 0 0 0 0 0 0 0 0 0 0 0 0 0 0 0 0 0 0 0 0 0 0 0 0 0 0 0 0 0 0 0 0 0 0 0 0 0 0 0 0 0 0 0 0 0 0 0 0 0 0 0 0 0 0 0 0 0 0 0 0 0 0 0 0 0 data 46 0x10005 0x0 0x0 0x2041679af18 0x288 0x0 0x0 0xb0005 0x288 0x0 0x0 0x0 0x0 0x0 0xe0005 0x288 0x0 0x0 0x0 0x0 0x0 0x130005 0x0 0x0 0x2041679af18 0x289 0x0 0x0 0x1d0005 0x288 0x0 0x0 0x0 0x0 0x0 0x0 0x0 0x0 0x0 0x0 0x0 0x9 0x3 0x0 0x0 0x0 oops 2 3 java/nio/HeapByteBuffer 24 java/nio/HeapByteBuffer methods 0
ciMethodData com/sun/crypto/provider/GaloisCounterMode implGCMCrypt ([BII[BI[BILcom/sun/crypto/provider/GCTR;Lcom/sun/crypto/provider/GHASH;)I 1 450 orig 80 0 0 0 0 0 0 0 0 0 0 0 0 3 2 0 0 0 0 0 0 0 0 0 0 0 0 0 0 0 0 0 0 0 0 0 0 0 0 0 0 0 0 0 0 0 0 0 0 0 0 0 0 0 0 0 0 0 0 0 0 0 0 0 0 0 0 0 0 0 0 0 0 0 0 0 0 0 0 0 0 data 61 0x70007 0x1c3 0x88 0x0 0xb0007 0x0 0x68 0x0 0x120007 0x0 0x48 0x0 0x2e0002 0x0 0x3f0003 0x0 0xffffffffffffffd0 0x430007 0x0 0xd8 0x1c3 0x470007 0x0 0xa8 0x1c3 0x520005 0x1c3 0x0 0x0 0x0 0x0 0x0 0x640005 0x1c5 0x0 0x0 0x0 0x0 0x0 0x6a0003 0x1c6 0x28 0x860002 0x0 0x0 0x0 0x0 0x0 0x0 0x0 0x9 0x9 0xffffffffffffffff 0x0 0x0 0xffffffffffffffff 0x0 0xffffffffffffffff 0x0 0xffffffffffffffff 0x0 oops 0 methods 0
ciMethodData com/sun/crypto/provider/GaloisCounterMode implGCMCrypt0 ([BII[BI[BILcom/sun/crypto/provider/GCTR;Lcom/sun/crypto/provider/GHASH;)I 1 0 orig 80 0 0 0 0 0 0 0 0 0 0 0 0 4 2 0 0 0 0 0 0 0 0 0 0 0 0 0 0 0 0 0 0 0 0 0 0 0 0 0 0 0 0 0 0 0 0 0 0 0 0 0 0 0 0 0 0 0 0 0 0 0 0 0 0 0 0 0 0 0 0 0 0 0 0 0 0 0 0 0 0 data 53 0x130007 0x0 0xb0 0x0 0x3e0005 0x0 0x0 0x0 0x0 0x0 0x0 0x4b0005 0x0 0x0 0x0 0x0 0x0 0x0 0x5c0007 0x0 0xffffffffffffff90 0x0 0x750005 0x0 0x0 0x0 0x0 0x0 0x0 0x810005 0x0 0x0 0x0 0x0 0x0 0x0 0x0 0x0 0x0 0x0 0x0 0x0 0x9 0x9 0xffffffffffffffff 0x0 0x0 0xffffffffffffffff 0x0 0xffffffffffffffff 0x0 0xffffffffffffffff 0x0 oops 0 methods 0
compile com/sun/crypto/provider/GaloisCounterMode$GCMDecrypt doFinal (Ljava/nio/ByteBuffer;Ljava/nio/ByteBuffer;)I -1 4 inline 161 0 -1 0 com/sun/crypto/provider/GaloisCounterMode$GCMDecrypt doFinal (Ljava/nio/ByteBuffer;Ljava/nio/ByteBuffer;)I 1 1 0 java/nio/HeapByteBuffer duplicate ()Ljava/nio/ByteBuffer; 2 9 0 java/nio/Buffer markValue ()I 2 13 0 java/nio/Buffer position ()I 2 17 0 java/nio/Buffer limit ()I 2 21 0 java/nio/Buffer capacity ()I 2 32 0 java/nio/HeapByteBuffer <init> ([BIIIIILjava/lang/foreign/MemorySegment;)V 3 12 0 java/nio/ByteBuffer <init> (IIII[BILjava/lang/foreign/MemorySegment;)V 4 8 0 java/nio/Buffer <init> (IIIILjava/lang/foreign/MemorySegment;)V 5 1 0 java/lang/Object <init> ()V 5 39 0 java/nio/ByteBuffer limit (I)Ljava/nio/Buffer; 6 2 0 java/nio/ByteBuffer limit (I)Ljava/nio/ByteBuffer; 7 2 0 java/nio/Buffer limit (I)Ljava/nio/Buffer; 5 45 0 java/nio/ByteBuffer position (I)Ljava/nio/Buffer; 6 2 0 java/nio/ByteBuffer position (I)Ljava/nio/ByteBuffer; 7 2 0 java/nio/Buffer position (I)Ljava/nio/Buffer; 4 17 0 java/nio/ByteOrder nativeOrder ()Ljava/nio/ByteOrder; 1 11 0 java/nio/Buffer remaining ()I 1 25 0 com/sun/crypto/provider/GaloisCounterMode$GCMEngine getBufferedLength ()I 1 105 0 com/sun/crypto/provider/GaloisCounterMode$GCMDecrypt checkDataLength ([I)V 1 111 0 java/nio/Buffer remaining ()I 1 152 0 java/nio/Buffer remaining ()I 1 166 0 java/nio/HeapByteBuffer duplicate ()Ljava/nio/ByteBuffer; 2 9 0 java/nio/Buffer markValue ()I 2 13 0 java/nio/Buffer position ()I 2 17 0 java/nio/Buffer limit ()I 2 21 0 java/nio/Buffer capacity ()I 2 32 0 java/nio/HeapByteBuffer <init> ([BIIIIILjava/lang/foreign/MemorySegment;)V 3 12 0 java/nio/ByteBuffer <init> (IIII[BILjava/lang/foreign/MemorySegment;)V 4 8 0 java/nio/Buffer <init> (IIIILjava/lang/foreign/MemorySegment;)V 5 1 0 java/lang/Object <init> ()V 5 39 0 java/nio/ByteBuffer limit (I)Ljava/nio/Buffer; 6 2 0 java/nio/ByteBuffer limit (I)Ljava/nio/ByteBuffer; 7 2 0 java/nio/Buffer limit (I)Ljava/nio/Buffer; 5 45 0 java/nio/ByteBuffer position (I)Ljava/nio/Buffer; 6 2 0 java/nio/ByteBuffer position (I)Ljava/nio/ByteBuffer; 7 2 0 java/nio/Buffer position (I)Ljava/nio/Buffer; 4 17 0 java/nio/ByteOrder nativeOrder ()Ljava/nio/ByteOrder; 1 173 0 java/nio/Buffer limit ()I 1 184 0 java/nio/ByteBuffer position (I)Ljava/nio/ByteBuffer; 2 2 0 java/nio/Buffer position (I)Ljava/nio/Buffer; 1 192 0 java/nio/Buffer limit ()I 1 203 0 java/nio/ByteBuffer limit (I)Ljava/nio/ByteBuffer; 2 2 0 java/nio/Buffer limit (I)Ljava/nio/Buffer; 1 338 0 com/sun/crypto/provider/GaloisCounterMode$GCMEngine overlapDetection (Ljava/nio/ByteBuffer;Ljava/nio/ByteBuffer;)Ljava/nio/ByteBuffer; 2 1 0 java/nio/HeapByteBuffer isDirect ()Z 2 178 0 java/nio/HeapByteBuffer isDirect ()Z 2 185 0 java/nio/HeapByteBuffer isDirect ()Z 2 192 0 java/nio/HeapByteBuffer isReadOnly ()Z 2 199 0 java/nio/ByteBuffer array ()[B 2 203 0 java/nio/ByteBuffer array ()[B 2 212 0 java/nio/Buffer position ()I 2 216 0 java/nio/ByteBuffer arrayOffset ()I 2 221 0 java/nio/Buffer position ()I 2 225 0 java/nio/ByteBuffer arrayOffset ()I 1 343 0 java/nio/ByteBuffer mark ()Ljava/nio/ByteBuffer; 2 1 0 java/nio/Buffer mark ()Ljava/nio/Buffer; 1 348 0 com/sun/crypto/provider/GaloisCounterMode$GCMEngine processAAD ()V 2 11 0 java/io/ByteArrayOutputStream size ()I 2 21 0 java/io/ByteArrayOutputStream toByteArray ()[B 3 8 0 java/util/Arrays copyOf ([BI)[B 2 53 0 com/sun/crypto/provider/GHASH update ([BII)I 3 26 0 com/sun/crypto/provider/GHASH ghashRangeCheck ([BII[J[J)V 2 67 0 com/sun/crypto/provider/GaloisCounterMode expandToOneBlock ([BIII)[B 2 76 0 com/sun/crypto/provider/GHASH update ([B)I 3 5 0 com/sun/crypto/provider/GHASH update ([BII)I 4 26 0 com/sun/crypto/provider/GHASH ghashRangeCheck ([BII[J[J)V 1 364 0 com/sun/crypto/provider/GaloisCounterMode$DecryptOp <init> (Lcom/sun/crypto/provider/GCTR;Lcom/sun/crypto/provider/GHASH;)V 2 1 0 java/lang/Object <init> ()V 1 372 0 com/sun/crypto/provider/GaloisCounterMode$GCMEngine doLastBlock (Lcom/sun/crypto/provider/GaloisCounterMode$GCMOperation;Ljava/nio/ByteBuffer;Ljava/nio/ByteBuffer;Ljava/nio/ByteBuffer;)I 2 219 0 java/nio/Buffer remaining ()I 2 234 0 com/sun/crypto/provider/GaloisCounterMode$GCMEngine implGCMCrypt (Ljava/nio/ByteBuffer;Ljava/nio/ByteBuffer;)I 3 63 0 java/nio/Buffer position ()I 3 91 0 java/nio/Buffer position ()I 3 104 0 java/nio/Buffer position ()I 3 123 0 java/nio/Buffer position ()I 3 135 0 java/nio/Buffer position ()I 2 246 0 com/sun/crypto/provider/GaloisCounterMode$DecryptOp doFinal (Ljava/nio/ByteBuffer;Ljava/nio/ByteBuffer;)I 1 383 0 com/sun/crypto/provider/GaloisCounterMode getLengthBlock (II)[B 2 18 0 java/lang/invoke/VarHandleGuards guard_LIJ_V (Ljava/lang/invoke/VarHandle;Ljava/lang/Object;IJLjava/lang/invoke/VarHandle$AccessDescriptor;)V 3 3 0 java/lang/invoke/VarHandle checkAccessModeThenIsDirect (Ljava/lang/invoke/VarHandle$AccessDescriptor;)Z 3 47 0 java/lang/invoke/VarForm getMemberName (I)Ljava/lang/invoke/MemberName; 3 50 0 java/lang/invoke/VarHandleByteArrayAsLongs$ArrayHandle set (Ljava/lang/invoke/VarHandle;Ljava/lang/Object;IJ)V 4 20 0 java/lang/invoke/VarHandleByteArrayAsLongs$ArrayHandle index ([BI)I 4 35 0 jdk/internal/misc/Unsafe putLongUnaligned (Ljava/lang/Object;JJZ)V 5 7 0 jdk/internal/misc/Unsafe convEndian (ZJ)J 2 35 0 java/lang/invoke/VarHandleGuards guard_LIJ_V (Ljava/lang/invoke/VarHandle;Ljava/lang/Object;IJLjava/lang/invoke/VarHandle$AccessDescriptor;)V 3 3 0 java/lang/invoke/VarHandle checkAccessModeThenIsDirect (Ljava/lang/invoke/VarHandle$AccessDescriptor;)Z 3 47 0 java/lang/invoke/VarForm getMemberName (I)Ljava/lang/invoke/MemberName; 3 50 0 java/lang/invoke/VarHandleByteArrayAsLongs$ArrayHandle set (Ljava/lang/invoke/VarHandle;Ljava/lang/Object;IJ)V 4 20 0 java/lang/invoke/VarHandleByteArrayAsLongs$ArrayHandle index ([BI)I 4 35 0 jdk/internal/misc/Unsafe putLongUnaligned (Ljava/lang/Object;JJZ)V 5 7 0 jdk/internal/misc/Unsafe convEndian (ZJ)J 1 394 0 com/sun/crypto/provider/GHASH update ([B)I 2 5 0 com/sun/crypto/provider/GHASH update ([BII)I 3 26 0 com/sun/crypto/provider/GHASH ghashRangeCheck ([BII[J[J)V 1 402 0 com/sun/crypto/provider/GHASH digest ()[B 2 16 0 java/lang/invoke/VarHandleGuards guard_LIJ_V (Ljava/lang/invoke/VarHandle;Ljava/lang/Object;IJLjava/lang/invoke/VarHandle$AccessDescriptor;)V 3 3 0 java/lang/invoke/VarHandle checkAccessModeThenIsDirect (Ljava/lang/invoke/VarHandle$AccessDescriptor;)Z 3 47 0 java/lang/invoke/VarForm getMemberName (I)Ljava/lang/invoke/MemberName; 3 50 0 java/lang/invoke/VarHandleByteArrayAsLongs$ArrayHandle set (Ljava/lang/invoke/VarHandle;Ljava/lang/Object;IJ)V 4 20 0 java/lang/invoke/VarHandleByteArrayAsLongs$ArrayHandle index ([BI)I 4 35 0 jdk/internal/misc/Unsafe putLongUnaligned (Ljava/lang/Object;JJZ)V 5 7 0 jdk/internal/misc/Unsafe convEndian (ZJ)J 2 31 0 java/lang/invoke/VarHandleGuards guard_LIJ_V (Ljava/lang/invoke/VarHandle;Ljava/lang/Object;IJLjava/lang/invoke/VarHandle$AccessDescriptor;)V 3 3 0 java/lang/invoke/VarHandle checkAccessModeThenIsDirect (Ljava/lang/invoke/VarHandle$AccessDescriptor;)Z 3 47 0 java/lang/invoke/VarForm getMemberName (I)Ljava/lang/invoke/MemberName; 3 50 0 java/lang/invoke/VarHandleByteArrayAsLongs$ArrayHandle set (Ljava/lang/invoke/VarHandle;Ljava/lang/Object;IJ)V 4 20 0 java/lang/invoke/VarHandleByteArrayAsLongs$ArrayHandle index ([BI)I 4 35 0 jdk/internal/misc/Unsafe putLongUnaligned (Ljava/lang/Object;JJZ)V 5 7 0 jdk/internal/misc/Unsafe convEndian (ZJ)J 1 422 0 com/sun/crypto/provider/GCTR <init> (Lcom/sun/crypto/provider/SymmetricCipher;[B)V 2 2 0 com/sun/crypto/provider/CounterMode <init> (Lcom/sun/crypto/provider/SymmetricCipher;)V 3 2 0 com/sun/crypto/provider/FeedbackCipher <init> (Lcom/sun/crypto/provider/SymmetricCipher;)V 4 1 0 java/lang/Object <init> ()V 4 11 0 com/sun/crypto/provider/AESCrypt getBlockSize ()I 2 65 0 com/sun/crypto/provider/CounterMode reset ()V 1 438 0 com/sun/crypto/provider/GCTR doFinal ([BII[BI)I 2 29 0 com/sun/crypto/provider/GCTR update ([BII[BI)I 3 75 0 com/sun/crypto/provider/GCTR blocksUntilRollover ()J 4 12 0 java/nio/ByteBuffer wrap ([BII)Ljava/nio/ByteBuffer; 5 8 0 java/nio/HeapByteBuffer <init> ([BIILjava/lang/foreign/MemorySegment;)V 6 12 0 java/nio/ByteBuffer <init> (IIII[BILjava/lang/foreign/MemorySegment;)V 7 8 0 java/nio/Buffer <init> (IIIILjava/lang/foreign/MemorySegment;)V 8 1 0 java/lang/Object <init> ()V 8 39 0 java/nio/ByteBuffer limit (I)Ljava/nio/Buffer; 9 2 0 java/nio/ByteBuffer limit (I)Ljava/nio/ByteBuffer; 10 2 0 java/nio/Buffer limit (I)Ljava/nio/Buffer; 8 45 0 java/nio/ByteBuffer position (I)Ljava/nio/Buffer; 9 2 0 java/nio/ByteBuffer position (I)Ljava/nio/ByteBuffer; 10 2 0 java/nio/Buffer position (I)Ljava/nio/Buffer; 7 17 0 java/nio/ByteOrder nativeOrder ()Ljava/nio/ByteOrder; 4 20 0 java/nio/ByteBuffer order (Ljava/nio/ByteOrder;)Ljava/nio/ByteBuffer; 5 21 0 java/nio/ByteOrder nativeOrder ()Ljava/nio/ByteOrder; 4 28 0 java/nio/HeapByteBuffer getInt ()I 5 4 0 java/nio/Buffer session ()Ljdk/internal/foreign/MemorySessionImpl; 5 14 0 java/nio/Buffer nextGetIndex (I)I 5 18 0 java/nio/HeapByteBuffer byteOffset (J)J 5 25 0 jdk/internal/misc/ScopedMemoryAccess getIntUnaligned (Ljdk/internal/foreign/MemorySessionImpl;Ljava/lang/Object;JZ)I 6 6 0 jdk/internal/misc/ScopedMemoryAccess getIntUnalignedInternal (Ljdk/internal/foreign/MemorySessionImpl;Ljava/lang/Object;JZ)I 7 15 0 jdk/internal/misc/Unsafe getIntUnaligned (Ljava/lang/Object;JZ)I 8 8 0 jdk/internal/misc/Unsafe convEndian (ZI)I 7 21 0 java/lang/ref/Reference reachabilityFence (Ljava/lang/Object;)V 3 204 0 com/sun/crypto/provider/CounterMode encrypt ([BII[BI)I 4 8 0 com/sun/crypto/provider/CounterMode crypt ([BII[BI)I 5 9 0 sun/security/util/ArrayUtil nullAndBoundsCheck ([BII)V 6 7 0 jdk/internal/util/Preconditions checkFromIndexSize (IIILjava/util/function/BiFunction;)I 5 17 0 sun/security/util/ArrayUtil nullAndBoundsCheck ([BII)V 6 7 0 jdk/internal/util/Preconditions checkFromIndexSize (IIILjava/util/function/BiFunction;)I 5 28 0 com/sun/crypto/provider/CounterMode implCrypt ([BII[BI)I 6 35 0 com/sun/crypto/provider/AESCrypt encryptBlock ([BI[BI)V 6 42 0 com/sun/crypto/provider/CounterMode increment ([B)V 2 39 0 com/sun/crypto/provider/GCTR checkBlock ()V 2 56 0 com/sun/crypto/provider/AESCrypt encryptBlock ([BI[BI)V 1 463 0 java/nio/HeapByteBuffer get ()B 2 6 0 java/nio/Buffer nextGetIndex ()I 2 9 0 java/nio/HeapByteBuffer ix (I)I 1 605 0 java/nio/Buffer limit ()I 1 608 0 java/nio/ByteBuffer position (I)Ljava/nio/ByteBuffer; 2 2 0 java/nio/Buffer position (I)Ljava/nio/Buffer; 1 622 0 com/sun/crypto/provider/GaloisCounterMode$GCMEngine restoreDst (Ljava/nio/ByteBuffer;)V
